ID,Year_Birth,Education,Marital_Status,Income,Kidhome,Teenhome,Dt_Customer,Recency,MntWines,MntFruits,MntMeatProducts,MntFishProducts,MntSweetProducts,MntGoldProds,NumDealsPurchases,NumWebPurchases,NumCatalogPurchases,NumStorePurchases,NumWebVisitsMonth,AcceptedCmp3,AcceptedCmp4,AcceptedCmp5,AcceptedCmp1,AcceptedCmp2,Complain,Response,Age,Children,Total_Spending,Customer_Tenure,Total_Purchases,Average_Spend_Per_Purchase,Cluster,Customer_Segment,Customer_Value_Score,Response_Probability,CVS_Normalized,Income_Normalized,Spending_Normalized,Recency_Normalized,Segment_Score,Opportunity_Score,Recommendation,Expected_Revenue,Business_Impact,Priority
5524,1957,Graduation,Single,58138.0,0,0,2012-09-04,58,635,88,546,172,88,88,3,8,10,4,7,0,0,0,0,0,0,1,69,0,1617,5071,22,70.30434782608695,3,Premium VIP Customers,12555.233366666707,0.786331825806989,0.295708058760252,0.08483222445468436,0.6396825396825397,0.41414141414141414,1.0,54.97546394750924,Email Nurture Campaign,9872.579576643862,Medium,Low
2174,1954,Graduation,Single,46344.0,1,1,2014-03-08,38,11,1,6,2,1,6,2,1,1,2,5,0,0,0,0,0,0,0,72,2,27,4521,4,5.4,0,Low-Value Customers,91.1342666666662,0.14888861608233955,0.0020810741303573274,0.06709517908490441,0.00873015873015873,0.6161616161616161,0.25,10.911802958990414,Low Priority,13.568854841678819,Low,Low
4141,1965,Graduation,Together,71613.0,0,0,2013-08-21,26,426,49,127,111,21,42,1,8,2,10,4,0,0,0,0,0,0,0,61,0,776,4720,20,36.95238095238095,1,Loyal Customers,11418.041766666629,0.2768936171972402,0.26891830542344913,0.10509733267562592,0.305952380952381,0.7373737373737373,0.75,33.20148540653135,Low Priority,3161.58288608149,Low,Low
6182,1984,Graduation,Together,26646.0,1,0,2014-02-10,26,11,4,20,10,3,5,2,2,0,4,6,0,0,0,0,0,0,0,42,1,53,4547,6,7.571428571428571,0,Low-Value Customers,257.73386666666727,0.06780845227360949,0.006005797272886478,0.03747127543101893,0.01904761904761905,0.7373737373737373,0.25,9.06172321328804,Low Priority,17.47653459715954,Low,Low
5324,1981,PhD,Married,58293.0,1,0,2014-01-19,94,173,43,118,46,27,15,5,5,3,6,5,0,0,0,0,0,0,0,45,1,422,4569,14,28.133333333333333,2,Dormant Customers,533.5560333333337,0.14342020246040968,0.012503565819384738,0.08506532959563025,0.16547619047619047,0.050505050505050386,0.5,13.263034454018245,Low Priority,76.52271432463982,Low,Low
7446,1967,Master,Together,62513.0,0,1,2013-09-09,16,520,42,98,0,42,14,2,6,4,10,6,0,0,0,0,0,0,0,59,1,716,4701,20,34.095238095238095,1,Loyal Customers,13537.414933333295,0.15527156617823962,0.31884611386279654,0.09141180504589916,0.28214285714285714,0.8383838383838383,0.75,31.061710500752127,Low Priority,2101.97561870335,Low,Low
965,1971,Graduation,Divorced,55635.0,0,1,2012-11-13,34,235,65,164,50,49,27,4,7,3,7,6,0,0,0,0,0,0,0,55,1,590,5001,17,32.77777777777778,1,Loyal Customers,7368.542733333351,0.21026147964197303,0.17352094209381067,0.08106795240444194,0.23214285714285715,0.6565656565656566,0.75,26.58912331608907,Low Priority,1549.3206979157787,Low,Low
6177,1985,PhD,Married,33454.0,1,0,2013-05-08,32,76,10,56,3,1,23,2,4,0,4,8,0,0,0,0,0,0,0,41,1,169,4825,8,18.77777777777778,0,Low-Value Customers,933.4023999999954,0.18625537861038996,0.02192307396173822,0.04770985478301671,0.06507936507936507,0.6767676767676767,0.25,13.58248098502287,Low Priority,173.8512174078458,Low,Low
4855,1974,PhD,Together,30351.0,1,0,2013-06-06,19,14,0,24,3,3,2,1,3,0,2,9,0,0,0,0,0,0,1,52,1,46,4796,5,7.666666666666667,0,Low-Value Customers,293.0458666666678,0.33394850108008517,0.006837670960512322,0.0430432402516934,0.01626984126984127,0.8080808080808081,0.25,17.43846922318652,Low Priority,97.8622279210482,Low,Low
5899,1950,PhD,Together,5648.0,1,1,2014-03-13,68,28,0,6,1,1,13,1,1,0,0,20,1,0,0,0,0,0,0,76,2,49,4516,1,24.5,2,Dormant Customers,19.843933333333357,0.07909789865448542,0.0004016293953642842,0.005892296401458184,0.01746031746031746,0.31313131313131304,0.5,9.2714701330714,Low Priority,1.569613427706367,Low,Low
1994,1983,Graduation,Married,51381.5,1,0,2013-11-15,11,5,5,6,0,2,1,1,1,0,2,7,0,0,0,0,0,0,0,43,1,19,4634,3,4.75,0,Low-Value Customers,53.73506666666641,0.27272979053464586,0.0012000305639137435,0.07467109616564602,0.005555555555555556,0.8888888888888888,0.25,15.992383372391028,Low Priority,14.655153476365161,Low,Low
387,1976,Basic,Married,7500.0,0,0,2012-11-13,59,6,16,11,11,1,16,1,2,0,3,8,0,0,0,0,0,0,0,50,0,61,5001,5,10.166666666666666,2,Dormant Customers,129.12309999999997,0.09650169236648512,0.00297600817186173,0.008677526859727853,0.022222222222222223,0.404040404040404,0.5,10.424641638283036,Low Priority,12.460597673606891,Low,Low
2125,1959,Graduation,Divorced,63033.0,0,0,2013-11-15,82,194,61,480,225,112,30,1,3,4,8,2,0,0,0,0,0,0,0,67,0,1102,4634,15,68.875,3,Premium VIP Customers,3394.5748000000117,0.08787097263213747,0.0799029267106885,0.09219383519616925,0.4353174603174603,0.1717171717171716,1.0,23.343503095594237,Low Priority,298.28458934854456,Low,Low
8180,1952,Master,Divorced,59354.0,1,1,2013-11-15,53,233,2,53,3,5,14,3,6,1,5,6,0,0,0,0,0,0,0,74,2,310,4634,12,23.846153846153847,1,Loyal Customers,2401.530266666666,0.18099845899825995,0.05650896381080507,0.0866609718830083,0.12103174603174602,0.46464646464646464,0.75,19.63054091681055,Low Priority,434.67327750434686,Low,Low
2569,1987,Graduation,Married,17323.0,0,0,2012-10-10,38,3,14,17,6,1,5,1,1,0,3,8,0,0,0,0,0,0,0,39,0,46,5035,4,9.2,0,Low-Value Customers,105.18310000000058,0.034211500900642663,0.0024120339964606797,0.023450377179157093,0.01626984126984127,0.6161616161616161,0.25,7.158065518560372,Low Priority,3.598471720382407,Low,Low
2114,1946,PhD,Single,82800.0,0,0,2012-11-24,23,1006,22,115,59,68,45,1,7,6,12,3,0,0,1,1,0,0,1,80,0,1315,4990,25,50.57692307692308,3,Premium VIP Customers,25634.998733333334,0.962232828515682,0.6038387975699939,0.12192150823537905,0.5198412698412699,0.7676767676767676,1.0,69.83736675092695,Cross-Sell Campaign,24666.83734017126,High,Medium
9736,1980,Graduation,Married,41850.0,1,1,2012-12-24,51,53,5,19,2,13,4,3,3,0,3,8,0,0,0,0,0,0,0,46,2,96,4960,6,13.714285714285714,0,Low-Value Customers,272.7110000000004,0.21076677370354724,0.006358625861923169,0.06033663390160858,0.036111111111111115,0.48484848484848475,0.25,12.583037416889287,Low Priority,57.47841762346816,Low,Low
4939,1946,Graduation,Together,37760.0,0,0,2012-08-31,20,84,5,38,150,12,28,2,4,1,6,7,0,0,0,0,0,0,0,80,0,317,5075,11,26.416666666666668,1,Loyal Customers,2596.16089999999,0.3873655494153153,0.061094036949566485,0.0541856659889072,0.12380952380952381,0.797979797979798,0.75,27.342686097877376,Low Priority,1005.6632933990555,Low,Low
6565,1949,Master,Married,76995.0,0,1,2013-03-28,91,1012,80,498,0,16,176,2,11,4,9,5,0,0,0,1,0,0,0,77,1,1782,4866,24,71.28,3,Premium VIP Customers,3811.6254666666587,0.24370443244512482,0.08972773063022846,0.11319134473092148,0.7051587301587302,0.08080808080808077,1.0,32.11629969599117,Low Priority,928.9100210473821,Low,Low
2278,1985,2n Cycle,Single,33812.0,1,0,2012-11-03,86,4,17,19,30,24,39,2,2,1,3,6,0,0,0,0,0,0,0,41,1,133,5011,6,19.0,2,Dormant Customers,97.67993333333364,0.11616990042555184,0.002235275757791914,0.048248252463394974,0.050793650793650794,0.13131313131313127,0.5,10.45310822860468,Low Priority,11.34746812890791,Low,Low
9360,1982,Graduation,Married,37040.0,0,0,2012-08-08,41,86,2,73,69,38,48,1,4,2,5,8,0,0,0,0,0,0,0,44,0,316,5098,11,26.33333333333333,0,Low-Value Customers,1988.2481000000048,0.43005768433677116,0.04677293753036247,0.05310285501161014,0.12341269841269842,0.5858585858585859,0.25,22.116430611613513,Low Priority,855.061373772987,Low,Low
5376,1979,Graduation,Married,2447.0,1,0,2013-01-06,42,1,1,1725,1,1,1,15,0,28,0,1,0,0,0,0,0,0,0,47,1,1730,4947,28,59.6551724137931,3,Premium VIP Customers,19898.778433333402,0.28307703858878924,0.4687059607441246,0.0010782992648916585,0.6845238095238095,0.5757575757575757,1.0,45.71091799428135,Email Nurture Campaign,5632.887270442487,Medium,Low
1993,1949,PhD,Married,58607.0,0,1,2012-12-23,63,867,0,86,0,0,19,3,2,3,9,8,0,1,0,0,0,0,0,77,1,972,4961,14,64.8,1,Loyal Customers,5479.288033333315,0.17993175887936352,0.12901422273060653,0.08553755549406258,0.38373015873015875,0.36363636363636354,0.75,25.19788920237393,Low Priority,985.897933244312,Low,Low
4047,1954,PhD,Married,65324.0,0,1,2014-01-11,0,384,0,102,21,32,5,3,6,2,9,4,0,0,0,0,0,0,0,72,1,544,4577,17,30.22222222222222,1,Loyal Customers,9296.251933333331,0.2844601088380238,0.21893356558934263,0.0956392795697631,0.2138888888888889,1.0,0.75,31.766536361851955,Low Priority,2644.412836741689,Low,Low
1409,1951,Graduation,Together,40689.0,0,1,2013-03-18,69,270,3,27,39,6,99,7,7,1,5,8,0,0,0,0,0,0,0,75,1,444,4876,13,31.714285714285715,1,Loyal Customers,1766.999400000004,0.33372182069477035,0.041560800807678336,0.05859060120071706,0.17420634920634923,0.303030303030303,0.75,23.472631410327384,Low Priority,589.6862569345682,Low,Low
7892,1969,Graduation,Single,18589.0,0,0,2013-01-02,89,6,4,25,15,12,13,2,2,1,3,7,0,0,0,0,0,0,0,57,0,75,4951,6,10.714285714285714,2,Dormant Customers,53.225800000000056,0.07840508470601783,0.001188033352201446,0.02535431981423776,0.027777777777777776,0.10101010101010088,0.5,8.563053911606126,Low Priority,4.1731733575455685,Low,Low
2404,1976,Graduation,Married,53359.0,1,1,2013-05-27,4,173,4,30,3,6,41,4,5,1,4,7,0,0,0,0,0,0,0,50,2,257,4806,10,23.363636363636363,0,Low-Value Customers,2384.0089999999955,0.5271094328295469,0.0560962009904075,0.07764506659287511,0.1,0.9595959595959596,0.25,27.07059947850718,Low Priority,1256.633631850533,Low,Low
5255,1986,Graduation,Single,51381.5,1,0,2013-02-20,19,5,1,3,3,263,362,0,27,0,0,1,0,0,0,0,0,0,0,40,1,637,4902,27,22.75,1,Loyal Customers,11763.7720333333,0.1542213637691107,0.2770629563029197,0.07467109616564602,0.2507936507936508,0.8080808080808081,0.75,28.987549366126174,Low Priority,1814.2249660495859,Low,Low
9422,1989,Graduation,Married,38360.0,1,0,2013-05-31,26,36,2,42,20,21,10,2,2,1,4,3,0,0,0,0,0,0,0,37,1,131,4802,7,16.375,0,Low-Value Customers,660.5515999999985,0.16007097596080197,0.015495304331933746,0.05508800846998809,0.05,0.7373737373737373,0.25,12.75473718035064,Low Priority,105.73513928446904,Low,Low
1966,1965,PhD,Married,84618.0,0,0,2013-11-22,96,684,100,801,21,66,0,1,6,9,10,2,0,0,1,0,0,0,0,61,0,1672,4627,25,64.3076923076923,3,Premium VIP Customers,1602.3429666666668,0.44926707193080223,0.03768185443283919,0.12465560595305414,0.6615079365079365,0.030303030303030276,1.0,35.92915804957398,Low Priority,719.8799328632484,Low,Low
6864,1989,Master,Divorced,10979.0,0,0,2014-05-22,34,8,4,10,2,2,4,2,3,0,3,5,0,0,0,0,0,0,0,37,0,30,4446,6,4.285714285714286,0,Low-Value Customers,149.38843333333372,0.059022540883833845,0.003453415216803026,0.013909609345861858,0.00992063492063492,0.6565656565656566,0.25,7.945012583115532,Low Priority,8.817284913988576,Low,Low
3033,1963,Master,Together,38620.0,0,0,2013-05-11,56,112,17,44,34,22,89,1,2,5,3,3,0,0,0,0,0,0,0,63,0,318,4822,10,28.90909090909091,2,Dormant Customers,1826.0736666666728,0.12743701711832253,0.04295246166109343,0.055479023545123136,0.12420634920634921,0.43434343434343425,0.5,14.701287008646121,Low Priority,232.7093811183188,Low,Low
5710,1970,Graduation,Together,40548.0,0,1,2012-10-10,31,110,0,5,2,0,3,2,2,1,4,5,0,1,0,0,0,0,0,56,1,120,5035,7,15.0,0,Low-Value Customers,592.9551000000027,0.1118942167408304,0.013902878252255562,0.058378550717663055,0.04563492063492063,0.6868686868686869,0.25,10.976565600836452,Low Priority,66.34824647698107,Low,Low
7373,1952,PhD,Divorced,46610.0,0,2,2012-10-29,8,96,12,96,33,22,43,6,4,1,6,6,0,0,0,0,0,0,1,74,2,302,5016,11,25.166666666666668,1,Loyal Customers,2873.60816666666,0.37838062087841223,0.06763008930694388,0.06749521758485028,0.11785714285714285,0.9191919191919192,0.75,27.91909022022593,Low Priority,1087.3176422646068,Low,Low
8755,1946,Master,Married,68657.0,0,0,2013-02-20,4,482,34,471,119,68,22,1,3,5,9,7,0,0,0,0,0,0,0,80,0,1196,4902,17,66.44444444444444,1,Loyal Customers,21488.51176666664,0.5407063411656051,0.5061566101081263,0.10065179205216743,0.4726190476190476,0.9595959595959596,0.75,51.79967197099913,Email Nurture Campaign,11618.974574448373,Medium,Low
10738,1951,Master,Single,49389.0,1,1,2013-08-29,55,40,0,19,2,1,3,1,2,0,3,7,0,0,0,0,0,0,0,75,2,65,4712,5,10.833333333333334,2,Dormant Customers,152.59149999999997,0.057243159466553374,0.0035288724800481277,0.07167456717638991,0.023809523809523808,0.4444444444444444,0.5,10.119271709527025,Low Priority,8.734819567740578,Low,Low
4339,1970,PhD,Married,67353.0,0,1,2013-12-31,37,702,17,151,0,8,35,5,5,6,12,2,0,0,0,0,0,0,0,56,1,913,4588,23,38.04166666666666,3,Premium VIP Customers,14654.60456666672,0.06186749613102573,0.34516466449879635,0.09869070105995163,0.3603174603174603,0.6262626262626263,1.0,31.733946865569212,Low Priority,906.6436913299653,Low,Low
10755,1976,2n Cycle,Married,23718.0,1,0,2013-09-02,76,6,3,14,15,7,36,3,3,1,2,7,0,0,0,0,0,0,0,50,1,81,4708,6,11.571428571428571,2,Dormant Customers,106.32646666666638,0.29701903942466573,0.002438969220897351,0.0330678441233442,0.030158730158730156,0.23232323232323226,0.5,15.928415814597448,Low Priority,31.580984994751987,Low,Low
8595,1973,Graduation,Widow,42429.0,0,1,2014-02-11,99,55,0,6,2,0,4,2,1,1,3,5,0,0,0,0,0,0,0,53,1,67,4546,5,11.166666666666666,2,Dormant Customers,5.59989999999998,0.04333290969996596,6.607104308558855e-05,0.06120739439585163,0.024603174603174603,0.0,0.5,7.283090985297683,Low Priority,0.24265996102883855,Low,Low
2968,1943,PhD,Divorced,48948.0,0,0,2013-02-01,53,437,8,206,160,49,42,2,7,10,5,6,1,0,0,0,0,0,1,83,0,902,4921,22,39.21739130434783,3,Premium VIP Customers,9277.89250000002,0.8131737690492521,0.2185010573907217,0.07101134545279546,0.35595238095238096,0.46464646464646464,1.0,49.3228762852452,Email Nurture Campaign,7544.538813058804,Medium,Low
8601,1980,Graduation,Married,80011.0,0,1,2013-04-29,3,421,76,536,82,178,102,2,8,6,5,4,0,0,0,0,0,0,0,46,1,1395,4834,19,69.75,3,Premium VIP Customers,24617.764966666582,0.408187346066455,0.5798749891010716,0.11772711960248805,0.5515873015873016,0.9696969696969697,1.0,53.94143562334504,Email Nurture Campaign,10048.660147831384,Medium,Low
503,1985,Master,Married,20559.0,1,0,2013-03-12,88,13,1,29,3,0,7,2,2,0,3,8,0,0,0,0,0,0,0,41,1,53,4882,5,8.833333333333334,2,Dormant Customers,35.31306666666667,0.046069138851203714,0.0007660484311134816,0.02831701096045334,0.01904761904761905,0.11111111111111105,0.5,7.52949556934389,Low Priority,1.6268425715284804,Low,Low
8430,1957,Graduation,Together,21994.0,0,1,2012-12-24,4,9,0,6,3,1,3,1,0,0,3,5,0,0,0,0,0,0,0,69,1,22,4960,3,5.5,0,Low-Value Customers,62.72786666666686,0.02367848788638262,0.0014118813143125302,0.03047511339437179,0.006746031746031746,0.9595959595959596,0.25,8.456632484134847,Low Priority,1.4853010310052956,Low,Low
7281,1959,PhD,Single,51381.5,0,0,2013-11-05,80,81,11,50,3,2,39,1,1,3,4,2,0,0,0,0,0,0,0,67,0,186,4644,8,20.666666666666668,2,Dormant Customers,1092.0016666666663,0.03008727331896492,0.02565932670349049,0.07467109616564602,0.07182539682539682,0.19191919191919182,0.5,9.456085874307034,Low Priority,32.85535260976521,Low,Low
2139,1975,Master,Married,7500.0,1,0,2013-10-02,19,3,1,10,3,2,12,3,2,0,3,5,0,0,0,0,0,0,0,51,1,31,4678,5,5.166666666666667,0,Low-Value Customers,186.5799333333331,0.10189223593989268,0.004329565824339716,0.008677526859727853,0.010317460317460317,0.8080808080808081,0.25,9.968595266690196,Low Priority,19.01104658884942,Low,Low
1371,1976,Graduation,Single,79941.0,0,0,2014-06-28,72,123,164,266,227,30,174,1,2,4,9,1,0,0,0,0,0,0,0,50,0,984,4409,15,61.5,3,Premium VIP Customers,4581.303500000016,0.09669949874265829,0.10785966605936353,0.11762184631302862,0.3884920634920635,0.2727272727272727,1.0,24.504010723208257,Low Priority,443.0097520379876,Low,Low
9909,1996,2n Cycle,Married,7500.0,0,0,2012-11-09,24,3,18,14,15,22,50,3,3,1,3,9,0,0,0,0,0,0,1,30,0,122,5005,7,15.25,0,Low-Value Customers,664.9107000000001,0.855504586570022,0.01559799521865019,0.008677526859727853,0.04642857142857143,0.7575757575757576,0.25,33.20416008156481,Low Priority,568.834153509484,Low,Low
7286,1968,Graduation,Together,41728.0,1,0,2013-05-24,92,13,6,15,3,5,13,1,2,0,2,10,0,0,0,0,0,0,0,58,1,55,4809,4,11.0,2,Dormant Customers,19.646933333333397,0.04131945989200151,0.0003969885051155797,0.06015315759712213,0.01984126984126984,0.07070707070707061,0.5,7.504179429039135,Low Priority,0.8118006738674969,Low,Low
7244,1951,Graduation,Single,51381.5,2,1,2014-01-01,96,48,5,48,6,10,7,3,2,1,4,6,0,0,0,0,0,0,0,75,3,124,4587,7,15.5,2,Dormant Customers,54.839033333333425,0.08092495643003889,0.0012260376103007023,0.07467109616564602,0.04722222222222222,0.030303030303030276,0.5,9.071089267715132,Low Priority,4.437846383165458,Low,Low
6566,1954,PhD,Married,72550.0,1,1,2012-11-08,39,826,50,317,50,38,38,9,5,2,12,8,0,0,0,0,0,0,0,72,2,1319,5006,19,65.95,1,Loyal Customers,13835.590333333319,0.1887388420001402,0.32587047582352735,0.10650649085024724,0.5214285714285715,0.606060606060606,0.75,34.8550760449441,Low Priority,2611.3132979016646,Low,Low
8614,1957,Graduation,Widow,65486.0,0,1,2014-05-12,29,245,19,125,37,67,14,1,4,2,10,2,0,0,0,0,0,0,0,69,1,507,4456,16,29.823529411764707,1,Loyal Customers,6920.042400000018,0.039513787560847224,0.16295525263438002,0.09588291203965495,0.19920634920634922,0.7070707070707071,0.75,21.056349099702143,Low Priority,273.43708530565607,Low,Low
4114,1964,Master,Married,79143.0,0,0,2012-08-11,2,650,37,780,27,167,32,1,6,9,13,3,0,0,0,0,0,0,0,62,0,1693,5095,28,58.37931034482759,3,Premium VIP Customers,28255.840899999985,0.5076991671096208,0.6655801217054227,0.11642173081319104,0.6698412698412698,0.9797979797979798,1.0,61.30920491919216,Cross-Sell Campaign,14345.466890911952,Medium,Medium
1331,1977,Graduation,Single,35790.0,1,0,2013-01-02,54,12,6,20,30,1,3,2,2,0,3,7,0,0,0,0,0,0,0,49,1,72,4951,5,12.0,0,Low-Value Customers,154.13256666666615,0.11075353455327766,0.003565176648910748,0.05122297484269163,0.026587301587301587,0.4545454545454545,0.25,9.113327881029363,Low Priority,17.07072654810198,Low,Low
2225,1977,Graduation,Divorced,82582.0,0,0,2014-06-07,54,510,120,550,156,40,241,1,4,9,7,1,1,0,0,1,0,0,1,49,0,1617,4430,20,77.0,3,Premium VIP Customers,13950.690266666632,0.898594097237622,0.32858197916481274,0.12159365713391965,0.6396825396825397,0.4545454545454545,1.0,59.89918423137761,Email Nurture Campaign,12536.007926016982,Medium,Medium
9381,1978,Graduation,Married,66373.0,1,1,2013-06-12,57,328,9,124,12,24,109,7,4,2,10,3,0,0,0,0,0,0,0,48,2,606,4790,16,35.64705882352941,1,Loyal Customers,4316.693333333352,0.06597954944538074,0.10162602777412667,0.09721687500751952,0.2384920634920635,0.4242424242424242,0.75,19.198929140253494,Low Priority,284.8134812272133,Low,Low
6260,1955,Master,Together,82384.0,0,0,2012-11-19,55,984,51,432,180,120,190,1,3,10,13,1,0,0,1,0,0,0,1,71,0,1957,4995,26,72.48148148148148,3,Premium VIP Customers,19878.63133333339,0.5226927189270414,0.4682313390185928,0.12129588411516296,0.7746031746031746,0.4444444444444444,1.0,54.7819504207905,Email Nurture Campaign,10390.415860168307,Medium,Low
10383,1966,Graduation,Divorced,70287.0,0,0,2013-04-02,30,295,35,482,121,120,40,1,5,5,10,3,0,0,0,0,0,0,1,60,0,1093,4861,20,52.04761904761905,3,Premium VIP Customers,17528.484466666676,0.6530345820764313,0.41286700563514434,0.10310315579243716,0.43174603174603177,0.696969696969697,1.0,52.9691181503106,Email Nurture Campaign,11446.70652812289,Medium,Low
7437,1988,Graduation,Single,27938.0,1,0,2014-04-28,31,13,0,8,2,1,5,1,1,0,4,3,0,0,0,0,0,0,0,38,1,29,4470,5,4.833333333333333,0,Low-Value Customers,142.6944666666668,0.009353930517927746,0.0032957199648817356,0.0394143195736131,0.009523809523809525,0.6868686868686869,0.25,6.850833287420993,Low Priority,1.334754126492758,Low,Low
8557,1982,Graduation,Single,51381.5,1,0,2013-06-17,57,11,3,22,2,2,6,2,2,0,3,6,0,0,0,0,0,0,0,44,1,46,4785,5,7.666666666666667,2,Dormant Customers,117.29526666666723,0.03711407058357373,0.00269737022069433,0.07467109616564602,0.01626984126984127,0.4242424242424242,0.5,9.306313926044242,Low Priority,4.353304806185791,Low,Low
8375,1968,PhD,Married,55954.0,0,1,2014-03-03,63,447,0,28,0,0,43,3,8,2,6,7,0,0,0,0,0,0,0,58,1,518,4526,16,30.47058823529412,1,Loyal Customers,3052.4314000000154,0.3319260830717923,0.07184277458521168,0.08154769782354994,0.20357142857142857,0.36363636363636354,0.75,25.300295954698864,Low Priority,1013.1815984473523,Low,Low
6853,1982,Master,Single,75777.0,0,0,2013-07-04,12,712,26,538,69,13,80,1,3,6,11,1,0,1,1,0,0,0,1,44,0,1438,4768,20,68.47619047619048,3,Premium VIP Customers,25124.34416666656,0.8518652220147482,0.5918088899613606,0.11135958949432727,0.5686507936507936,0.8787878787878788,1.0,67.34752055292783,Cross-Sell Campaign,21402.555021512355,High,Medium
3076,1975,Graduation,Together,66653.0,1,1,2012-09-07,18,452,18,102,16,18,6,4,4,2,12,3,0,0,0,0,0,0,0,51,2,612,5068,18,32.21052631578947,1,Loyal Customers,9753.659766666706,0.13076690072411437,0.22970909631725314,0.09763796816535726,0.24087301587301588,0.8181818181818181,0.75,26.994663921898926,Low Priority,1275.4558584044937,Low,Low
1012,1952,Graduation,Single,61823.0,0,1,2013-02-18,26,523,7,134,37,14,169,4,8,2,10,7,0,0,0,0,0,0,0,74,1,884,4904,20,42.095238095238095,1,Loyal Customers,12447.9295666667,0.2032976302044902,0.2931802153132009,0.09037411119265613,0.3488095238095238,0.7373737373737373,0.75,32.21708802146884,Low Priority,2530.634581855747,Low,Low
6518,1951,PhD,Widow,67680.0,0,1,2013-06-11,8,546,0,48,0,6,6,1,7,3,8,5,0,0,0,0,0,0,0,75,1,606,4791,18,31.894736842105264,1,Loyal Customers,13588.120533333304,0.2251854555667971,0.32004062718561277,0.09918247771214071,0.2384920634920635,0.9191919191919192,0.75,33.021947808034255,Low Priority,3059.8471125952096,Low,Low
4137,1948,Graduation,Together,70666.0,0,0,2013-12-06,29,398,40,367,119,122,30,1,7,4,4,4,0,0,0,0,0,0,0,78,0,1076,4613,15,67.25,1,Loyal Customers,12176.40919999995,0.4058127439490442,0.28678378779041575,0.10367313545965326,0.425,0.7070707070707071,0.75,39.22498084213387,Low Priority,4941.342028898365,Low,Low
8082,1971,Graduation,Married,25721.0,1,0,2013-05-21,75,1,3,6,3,6,15,1,1,1,2,7,0,0,0,0,0,0,1,55,1,34,4812,4,6.8,2,Dormant Customers,52.495966666666774,0.6908911792477688,0.00117084007098395,0.036080164106019226,0.011507936507936509,0.24242424242424232,0.5,27.50740248036303,Low Priority,36.26900031608497,Low,Low
1386,1967,Graduation,Together,32474.0,1,1,2014-05-11,0,10,0,1,0,0,0,1,1,0,2,7,0,0,0,0,0,0,0,59,2,11,4457,3,2.75,0,Low-Value Customers,35.67076666666666,0.09519678132325188,0.0007744750627985673,0.0462360287305846,0.002380952380952381,1.0,0.25,10.877212264601646,Low Priority,3.395742173999408,Low,Low
9369,1979,2n Cycle,Single,88194.0,0,1,2014-03-19,19,688,14,309,201,24,38,1,11,10,10,5,1,0,0,1,0,0,1,47,1,1274,4510,31,39.8125,3,Premium VIP Customers,24690.424399999974,0.9302374793721246,0.5815866868454036,0.1300335671402962,0.5035714285714286,0.8080808080808081,1.0,68.24903612690429,Cross-Sell Campaign,22967.95815848398,High,Medium
4477,1958,Graduation,Together,69096.0,0,1,2013-09-27,4,247,49,159,7,82,109,1,5,2,10,4,0,0,0,0,0,0,0,68,1,653,4683,17,36.27777777777778,1,Loyal Customers,11178.765099999982,0.1341199392392232,0.26328146913372324,0.10131200596749161,0.2571428571428572,0.9595959595959596,0.75,29.09028496598597,Low Priority,1499.2952959815464,Low,Low
1357,1970,Graduation,Together,74854.0,1,2,2013-04-08,90,856,59,487,58,29,73,7,2,5,5,5,0,0,0,0,0,0,0,56,3,1562,4855,12,120.15384615384616,3,Premium VIP Customers,2488.496299999997,0.37531646866211354,0.05855769384159316,0.10997148597759784,0.6178571428571429,0.09090909090909083,1.0,33.83834233228977,Low Priority,933.9736435947344,Low,Low
1402,1954,Master,Married,66991.0,0,0,2012-09-11,1,496,36,460,189,60,12,3,4,8,6,3,0,0,0,0,0,0,0,72,0,1253,5064,18,65.94736842105263,3,Premium VIP Customers,19134.676266666644,0.576388955539642,0.45070538057002046,0.09814628776303283,0.49523809523809526,0.98989898989899,1.0,54.172359338986574,Email Nurture Campaign,11029.016067933162,Medium,Low
10629,1973,2n Cycle,Married,51381.5,1,0,2012-09-14,25,25,3,43,17,4,17,3,3,0,3,8,0,0,0,0,0,0,0,53,1,109,5061,6,15.571428571428571,0,Low-Value Customers,495.0586666666665,0.2524496475309989,0.01159665184190161,0.07467109616564602,0.04126984126984127,0.7474747474747474,0.25,15.524521299264832,Low Priority,124.97738590716624,Low,Low
6312,1959,Graduation,Married,65031.0,0,1,2013-03-17,29,258,107,291,84,37,86,4,10,3,13,7,0,0,0,0,0,0,0,67,1,863,4877,26,31.96296296296296,1,Loyal Customers,17378.429333333384,0.15486999133136697,0.40933203403588203,0.0951986356581686,0.3404761904761905,0.7070707070707071,0.75,34.02054351009555,Low Priority,2691.3972002061146,Low,Low
8132,1975,PhD,Married,60631.0,1,1,2013-04-05,88,565,6,65,0,6,19,5,9,2,8,7,0,1,0,0,0,0,0,51,2,661,4858,19,33.05,1,Loyal Customers,1866.8561333333366,0.10923463272759425,0.04391320760967961,0.08858145746357544,0.26031746031746034,0.11111111111111105,0.75,17.44056724507143,Low Priority,203.92534407992375,Low,Low
1050,1952,Graduation,Married,28332.0,0,0,2014-04-30,58,14,10,13,4,15,9,1,2,1,4,2,0,0,0,0,0,0,0,74,0,65,4468,7,8.125,2,Dormant Customers,227.9763999999995,0.04663598487253918,0.005304776273498064,0.04000685780285621,0.023809523809523808,0.41414141414141414,0.5,9.386141340259607,Low Priority,10.631903941695917,Low,Low
5846,1977,Graduation,Divorced,40246.0,1,0,2012-12-19,68,2,1,6,2,1,1,1,1,0,2,6,0,0,0,0,0,0,0,49,1,13,4965,3,3.25,2,Dormant Customers,15.49643333333331,0.04043800785667377,0.0002992117793427238,0.057924371668852344,0.0031746031746031746,0.31313131313131304,0.5,8.41463591904463,Low Priority,0.6266448928837538,Low,Low
1859,1972,Master,Married,75251.0,0,0,2012-08-27,34,721,111,925,97,18,18,1,7,6,5,5,0,0,0,0,0,0,1,54,0,1890,5079,18,99.47368421052632,3,Premium VIP Customers,18968.213400000008,0.9403652766886049,0.44678387856654456,0.11056853591924636,0.748015873015873,0.6565656565656566,1.0,67.22322639491333,Cross-Sell Campaign,17837.04924217951,High,Medium
7503,1976,Graduation,Single,75825.0,0,0,2012-10-12,40,1032,105,779,137,105,51,0,5,8,9,4,1,0,0,0,0,0,1,50,0,2209,5033,22,96.04347826086956,3,Premium VIP Customers,25298.62999999994,0.6538180783158184,0.5959146839938702,0.11143177689281375,0.8746031746031746,0.5959595959595959,1.0,64.7051462370644,Cross-Sell Campaign,16540.701650622872,High,Medium
10401,1976,2n Cycle,Together,26326.0,0,0,2013-09-04,12,1,0,5,0,3,9,1,0,0,3,3,0,0,0,0,0,1,0,50,0,18,4706,3,4.5,0,Low-Value Customers,50.63690000000023,0.09538815236257957,0.0011270445158315329,0.036990026107775784,0.005158730158730159,0.8787878787878788,0.25,10.236676513750439,Low Priority,4.830160332368727,Low,Low
1618,1965,Graduation,Together,56046.0,0,0,2013-01-02,9,577,0,64,0,0,51,2,10,1,8,8,1,0,0,0,0,0,1,61,0,692,4951,19,34.6,1,Loyal Customers,12760.133500000054,0.8210078866150237,0.300535058916319,0.08168605700398233,0.27261904761904765,0.9090909090909091,0.75,50.59788919572037,Email Nurture Campaign,10476.170237760609,Medium,Low
3332,1985,Graduation,Single,29760.0,1,0,2012-08-29,87,64,4,68,7,5,17,4,3,1,4,8,0,0,0,0,0,0,0,41,1,165,5077,8,18.33333333333333,2,Dormant Customers,167.36469999999926,0.1298299084753462,0.003876896844627686,0.04215443290782872,0.06349206349206349,0.1212121212121211,0.5,10.99119004711906,Low Priority,21.728943683003678,Low,Low
2261,1969,Graduation,Married,26304.0,1,0,2013-06-23,5,4,1,5,2,0,4,1,1,0,2,7,0,0,0,0,0,0,0,57,1,16,4779,3,4.0,0,Low-Value Customers,46.688266666666784,0.12493621097706288,0.0010340233283575191,0.03695694021680282,0.004365079365079365,0.9494949494949495,0.25,11.46162736928158,Low Priority,5.833055134420054,Low,Low
5346,1973,2n Cycle,Married,23559.0,1,0,2013-07-03,87,25,5,19,7,0,23,3,3,0,3,7,0,0,0,0,0,0,0,53,1,79,4769,6,11.285714285714286,2,Dormant Customers,62.671700000000115,0.18409386161229904,0.0014105581501722459,0.032828723365857765,0.029365079365079365,0.1212121212121211,0.5,11.939956623069513,Low Priority,11.537475266807544,Low,Low
4119,1963,Master,Together,38620.0,0,0,2013-05-11,56,112,17,44,34,22,89,1,2,5,3,3,0,0,0,0,0,0,0,63,0,318,4822,10,28.90909090909091,2,Dormant Customers,1826.0736666666728,0.12743701711832253,0.04295246166109343,0.055479023545123136,0.12420634920634921,0.43434343434343425,0.5,14.701287008646121,Low Priority,232.7093811183188,Low,Low
535,1987,Graduation,Divorced,81361.0,0,0,2014-02-25,18,163,23,424,27,65,76,1,3,10,13,1,0,0,0,0,0,0,0,39,0,778,4532,26,28.814814814814813,3,Premium VIP Customers,18209.180933333308,0.3431546063870567,0.42890272946499947,0.11975739018492006,0.30674603174603177,0.8181818181818181,1.0,43.051393544510454,Email Nurture Campaign,6248.564315808689,Medium,Low
5268,1960,Graduation,Married,29440.0,1,1,2013-08-11,95,17,8,14,10,4,3,2,1,0,4,7,0,0,0,0,0,0,0,66,2,56,4730,5,9.333333333333334,2,Dormant Customers,17.21469999999999,0.018794359540545372,0.0003396903936473386,0.041673183584585584,0.02023809523809524,0.04040404040404033,0.5,6.496344964463267,Low Priority,0.3235392611826262,Low,Low
273,1970,Master,Married,36138.0,1,1,2013-07-16,48,130,0,16,0,0,5,5,3,1,4,7,0,1,0,0,0,0,0,56,2,151,4756,8,16.77777777777778,0,Low-Value Customers,624.7060000000021,0.38110569272926037,0.014650860192345006,0.05174633348171854,0.05793650793650794,0.5151515151515151,0.25,18.334965117270542,Low Priority,238.0790128821261,Low,Low
4452,1957,Graduation,Single,50388.0,0,1,2014-05-28,3,292,6,37,0,3,34,4,6,1,6,7,0,1,0,1,0,0,1,69,1,372,4440,13,26.571428571428573,1,Loyal Customers,4613.843666666664,0.8005435672856922,0.10862624140035082,0.07317696740738958,0.14563492063492064,0.9696969696969697,0.75,42.53987259266384,Email Nurture Campaign,3693.582867811829,Low,Low
8504,1973,Graduation,Married,79593.0,0,0,2014-05-12,70,350,60,568,110,133,145,1,5,6,7,2,0,0,1,0,0,0,0,53,0,1366,4456,18,71.89473684210526,3,Premium VIP Customers,7430.000033333298,0.29039852266558114,0.17496874201402143,0.1170984876740017,0.540079365079365,0.2929292929292928,1.0,34.697839757965035,Low Priority,2157.6610330852086,Low,Low
771,1967,Graduation,Together,54178.0,0,1,2014-01-21,79,135,9,39,4,0,7,1,2,2,5,2,0,0,0,0,0,0,0,59,1,194,4567,9,19.4,2,Dormant Customers,437.6058333333348,0.0320917553592223,0.010243188420697743,0.07887676407955051,0.07500000000000001,0.202020202020202,0.5,9.193916964294116,Low Priority,14.043539347101985,Low,Low
8996,1957,PhD,Married,51381.5,2,1,2012-11-19,4,230,42,192,49,37,53,12,7,2,8,9,0,0,0,0,0,0,0,69,3,603,4995,17,33.5,1,Loyal Customers,9671.86713333332,0.459213793919273,0.22778224030480212,0.07467109616564602,0.23730158730158732,0.9595959595959596,0.75,37.21409559588233,Low Priority,4441.454800581117,Low,Low
9235,1957,Graduation,Single,51381.5,1,1,2014-05-27,45,7,0,8,2,0,1,1,1,0,2,7,0,0,0,0,0,0,0,69,2,18,4441,3,4.5,2,Dormant Customers,32.513033333333304,0.013431981366711592,0.0007000857539930897,0.07467109616564602,0.005158730158730159,0.5454545454545454,0.5,8.97532665493128,Low Priority,0.43671445790860586,Low,Low
5798,1973,Master,Together,51381.5,0,0,2013-11-23,87,445,37,359,98,28,18,1,2,4,8,1,0,0,0,0,0,0,0,53,0,985,4626,14,65.66666666666667,3,Premium VIP Customers,1828.4650000000042,0.03242036759025158,0.043008796257784095,0.07467109616564602,0.3888888888888889,0.1212121212121211,1.0,19.44897981649147,Low Priority,59.2795074259095,Low,Low
11178,1972,Master,Single,42394.0,1,0,2014-03-23,69,15,2,10,0,1,4,1,1,0,3,7,0,0,0,0,0,0,0,54,1,32,4506,4,6.4,2,Dormant Customers,42.24176666666676,0.017616852112905864,0.0009292734883023458,0.06115475775112192,0.010714285714285714,0.303030303030303,0.5,7.843797146413268,Low Priority,0.7441669563545449,Low,Low
2230,1970,PhD,Married,23626.0,1,0,2014-05-24,84,27,2,14,0,0,0,3,3,1,3,5,0,0,0,0,0,0,0,56,1,43,4444,7,5.375,2,Dormant Customers,70.78686666666664,0.05264531115463179,0.0016017337737760664,0.0329294849429118,0.015079365079365078,0.1515151515151515,0.5,7.940472431047588,Low Priority,3.726596621328098,Low,Low
7516,1983,Graduation,Married,30096.0,1,0,2014-05-22,30,5,3,11,12,5,9,1,2,0,3,6,0,0,0,0,0,0,0,43,1,45,4446,5,7.5,0,Low-Value Customers,164.86483333333328,0.02826942321137221,0.003818005439366802,0.04265974469723402,0.015873015873015872,0.696969696969697,0.25,7.612164029438234,Low Priority,4.660633746172342,Low,Low
7247,1960,Graduation,Widow,47916.0,0,1,2012-11-22,72,505,0,26,0,0,75,5,7,4,6,6,0,1,0,0,0,0,0,66,1,606,4992,17,33.666666666666664,1,Loyal Customers,3779.384800000002,0.243715605706521,0.08896821085588809,0.06945931638533634,0.2384920634920635,0.2727272727272727,0.75,23.116124976742956,Low Priority,921.0950557300192,Low,Low
11100,1972,Graduation,Divorced,51813.0,1,1,2013-04-11,37,51,2,7,0,1,2,2,2,0,3,7,0,0,0,0,0,0,0,54,2,63,4852,5,10.5,0,Low-Value Customers,195.15013333333258,0.031969748119675456,0.004531461040631358,0.07532003079995668,0.023015873015873017,0.6262626262626263,0.25,7.824787809359998,Low Priority,6.238900608187723,Low,Low
4646,1951,2n Cycle,Married,78497.0,0,0,2013-12-01,44,207,26,447,75,0,223,1,5,7,12,2,0,0,0,1,0,0,0,75,0,978,4618,24,39.12,3,Premium VIP Customers,15248.258066666654,0.16456073766367488,0.35914984591635774,0.11545020874189396,0.3861111111111111,0.5555555555555556,1.0,35.43526403926437,Low Priority,2509.2645955367457,Low,Low
3037,1983,PhD,Married,50150.0,0,0,2013-06-20,32,135,46,92,65,61,11,2,5,2,7,5,0,0,0,0,0,0,0,43,0,410,4782,14,27.33333333333333,1,Loyal Customers,4063.962366666669,0.22621138236015814,0.09567223752666816,0.0728190382232275,0.16071428571428573,0.6767676767676767,0.75,23.67925164838973,Low Priority,919.3145448233271,Low,Low
1473,1960,2n Cycle,Single,47823.0,0,1,2013-07-23,0,53,1,5,2,1,10,2,2,0,3,8,0,0,0,0,0,0,0,66,1,72,4749,5,12.0,0,Low-Value Customers,339.99240000000066,0.20274502535243896,0.00794362887298538,0.0693194533007688,0.026587301587301587,1.0,0.25,14.912663683579941,Low Priority,68.9317677576367,Low,Low
1016,1959,PhD,Single,34554.0,0,1,2014-03-30,43,41,1,6,2,0,5,2,2,0,3,6,0,0,0,0,0,0,0,67,1,55,4499,5,9.166666666666666,0,Low-Value Customers,163.83096666666657,0.01863294319989758,0.003793649796058197,0.049364149331665004,0.01984126984126984,0.5656565656565656,0.25,6.7923411590972,Low Priority,3.052653096284312,Low,Low
4518,1979,Graduation,Together,85693.0,0,1,2013-04-20,59,386,172,183,185,132,111,2,9,5,11,5,0,0,0,0,0,0,0,47,1,1169,4843,25,44.96153846153846,3,Premium VIP Customers,12439.940499999993,0.31323123864882385,0.29299201033051164,0.12627230289832406,0.46190476190476193,0.404040404040404,1.0,38.39819394713676,Low Priority,3896.577971532667,Low,Low
9370,1945,PhD,Married,65846.0,0,0,2013-05-17,68,562,81,276,80,40,81,1,6,3,6,4,0,0,0,0,0,0,0,81,0,1120,4816,15,70.0,1,Loyal Customers,4869.124633333333,0.3671262423749611,0.11464010408503844,0.09642431752830348,0.44246031746031744,0.31313131313131304,0.75,31.119794896644347,Low Priority,1787.5834302910268,Low,Low
8908,1959,Graduation,Married,87195.0,0,0,2014-05-08,35,217,76,690,50,26,38,1,3,11,5,1,0,0,0,0,0,0,1,67,0,1097,4460,19,54.85,3,Premium VIP Customers,17952.83930000006,0.9055846179907354,0.422863879787469,0.12853116690929653,0.43333333333333335,0.6464646464646464,1.0,60.87108983476233,Cross-Sell Campaign,16257.815119339617,High,Medium
8373,1979,Basic,Together,24594.0,1,0,2013-12-10,94,1,3,6,10,0,9,1,1,0,3,5,0,0,0,0,0,0,0,47,1,29,4609,4,5.8,2,Dormant Customers,7.655833333333347,0.006875742756289182,0.00011450434744424555,0.034385264145722294,0.009523809523809525,0.050505050505050386,0.5,5.9489424499516215,Low Priority,0.05263954058502402,Low,Low
7533,1964,Graduation,Married,49096.0,1,1,2013-09-24,15,144,1,32,2,1,7,4,4,1,4,7,0,0,0,0,0,0,0,62,2,187,4686,9,18.7,0,Low-Value Customers,1499.1948999999968,0.41542906347330005,0.035251910997477896,0.07123392326479541,0.07222222222222222,0.8484848484848485,0.25,22.058526042528868,Low Priority,622.8091332709464,Low,Low
2683,1969,Graduation,Married,52413.0,0,2,2013-02-02,56,295,106,271,75,98,65,4,6,4,12,6,0,0,0,0,0,0,0,57,2,910,4920,22,39.56521739130435,1,Loyal Customers,8462.144899999998,0.11601582691664725,0.1992838234706962,0.07622237328103758,0.35912698412698413,0.43434343434343425,0.75,25.27983517805261,Low Priority,981.7427380619889,Low,Low
3629,1978,Graduation,Single,38557.0,1,0,2012-12-19,17,76,3,31,4,4,27,2,3,1,3,7,0,0,0,0,0,0,0,48,1,145,4965,7,18.125,0,Low-Value Customers,751.7972000000019,0.6647107891880207,0.017644851617605314,0.05538427758460965,0.05555555555555555,0.8282828282828283,0.25,28.49925947476235,Low Priority,499.7277101213455,Low,Low
10991,1960,Master,Married,89058.0,0,0,2012-12-07,18,454,194,106,31,22,43,1,5,4,4,2,0,0,0,0,0,0,0,66,0,850,4977,13,60.71428571428572,1,Loyal Customers,18227.15803333331,0.39328921895363356,0.4293262307243397,0.13133294031305268,0.33531746031746035,0.8181818181818181,0.75,42.61246388914072,Email Nurture Campaign,7168.544746674105,Medium,Low
5077,1979,Graduation,Together,77298.0,0,1,2013-11-02,46,425,115,292,23,35,79,1,6,6,11,3,0,0,0,0,0,0,0,47,1,969,4647,23,40.375,3,Premium VIP Customers,15128.039733333342,0.05532138873431239,0.35631776423675265,0.11364702768386732,0.38253968253968257,0.5353535353535352,1.0,31.900507780833543,Low Priority,836.9041668758573,Low,Low
7431,1991,PhD,Single,68126.0,0,0,2012-11-10,40,1332,17,311,23,51,86,1,7,4,5,9,0,1,0,0,0,0,1,35,0,1820,5004,16,107.05882352941175,3,Premium VIP Customers,13411.517333333311,0.6194616092922917,0.3158802410497237,0.09985321895641085,0.7202380952380952,0.5959595959595959,1.0,52.84215710819397,Email Nurture Campaign,8307.920110358116,Medium,Low
3267,1963,Master,Together,57288.0,0,1,2014-06-25,27,527,0,21,0,0,60,3,8,1,8,6,0,1,0,0,0,0,0,63,1,608,4412,17,33.77777777777778,1,Loyal Customers,7395.170566666673,0.14801017400364025,0.17414823575909374,0.08355390593981978,0.2392857142857143,0.7272727272727273,0.75,25.225940702929567,Low Priority,1094.560482358933,Low,Low
999,1991,Graduation,Single,86037.0,0,0,2013-01-02,95,490,44,125,29,20,22,1,6,7,11,3,0,1,1,0,0,0,1,35,0,730,4951,24,29.2,3,Premium VIP Customers,1059.3110666666664,0.8376599177684908,0.024889207481336523,0.12678964592081043,0.28769841269841273,0.04040404040404033,1.0,41.661866609199315,Email Nurture Campaign,887.342420995252,Low,Low
9215,1980,PhD,Married,43974.0,1,0,2012-12-12,19,378,0,101,0,0,72,5,6,4,6,7,0,0,0,0,0,0,0,46,1,551,4972,16,32.411764705882355,1,Loyal Customers,6937.518966666651,0.6148197491868026,0.1633669624202888,0.06353092628463491,0.21666666666666667,0.8080808080808081,0.75,38.77131465146313,Low Priority,4265.323671064676,Low,Low
2286,1962,Graduation,Single,50785.0,1,1,2013-09-10,27,64,1,21,0,1,27,2,2,1,3,6,0,0,0,0,0,0,0,64,2,114,4700,6,16.285714285714285,0,Low-Value Customers,464.6392333333325,0.20677415357538756,0.010880036351912691,0.0737740173490381,0.04325396825396825,0.7272727272727273,0.25,14.05253903148255,Low Priority,96.07538419041684,Low,Low
1592,1970,Graduation,Married,90765.0,0,0,2014-01-24,25,547,99,812,151,82,33,0,4,6,5,1,0,0,1,1,0,0,0,56,0,1724,4564,15,107.75,3,Premium VIP Customers,21452.70926666666,0.6439828211242484,0.5053131813105162,0.1339001046717278,0.6821428571428572,0.7474747474747474,1.0,59.787397714276814,Email Nurture Campaign,13815.176234306304,Medium,Medium
367,1978,2n Cycle,Married,36550.0,1,0,2013-02-19,74,47,90,94,123,103,120,5,9,1,5,9,0,0,0,0,0,0,0,48,1,577,4903,15,36.0625,1,Loyal Customers,2035.2021000000004,0.2956926954884446,0.047879071341213726,0.052365941985394085,0.22698412698412698,0.2525252525252525,0.75,22.99820059213186,Low Priority,601.7943948127431,Low,Low
5234,1967,2n Cycle,Together,30753.0,1,1,2013-07-11,85,12,5,25,0,9,30,2,1,1,3,5,0,0,0,0,0,0,0,59,2,81,4761,5,13.5,2,Dormant Customers,49.32643333333331,0.02311159972875994,0.001096172779919918,0.04364780971401759,0.030158730158730156,0.14141414141414133,0.5,7.3221629318522305,Low Priority,1.1400127832473614,Low,Low
9862,1969,Graduation,Together,21918.0,1,0,2013-11-14,37,1,6,7,11,5,3,2,2,0,3,6,0,0,0,0,0,0,0,57,1,33,4635,5,5.5,0,Low-Value Customers,127.99339999999997,0.06330316895877995,0.0029493949042781638,0.030360816680101543,0.011111111111111112,0.6262626262626263,0.25,8.089164880672556,Low Priority,8.102387825808703,Low,Low
9805,1953,Master,Together,56129.0,0,1,2013-06-20,65,320,48,133,39,72,48,4,6,2,10,4,0,0,0,0,0,0,0,73,1,660,4782,18,34.73684210526316,1,Loyal Customers,4439.34956666667,0.051053889051402304,0.10451554105950507,0.08181088104719852,0.25992063492063494,0.3434343434343434,0.75,18.60117295478045,Low Priority,226.64606023699108,Low,Low
6205,1967,Master,Single,32557.0,1,0,2014-02-24,13,34,3,29,0,4,10,3,2,1,3,5,0,0,0,0,0,0,1,59,1,80,4533,6,11.428571428571429,0,Low-Value Customers,439.44356666666584,0.2916362592838823,0.010286481409054988,0.04636085277380079,0.02976190476190476,0.8686868686868687,0.25,16.811153663389042,Low Priority,128.1576779490338,Low,Low
8442,1985,Master,Married,19510.0,2,0,2013-09-04,63,9,0,7,3,4,7,2,1,0,3,7,0,0,0,0,0,0,0,41,2,30,4706,4,6.0,0,Low-Value Customers,46.0303666666665,0.02407537121229762,0.0010185246395523178,0.026739415522696923,0.00992063492063492,0.36363636363636354,0.25,5.487202372773808,Low Priority,1.1081981645381667,Low,Low
7386,1976,Graduation,Divorced,30992.0,1,0,2013-04-22,83,17,0,14,7,3,2,1,1,0,3,7,0,0,0,0,0,0,0,50,1,43,4841,4,8.6,2,Dormant Customers,28.545666666666524,0.014038137370225384,0.0006066232500521094,0.04400724280231481,0.015079365079365078,0.16161616161616155,0.5,6.9136865309027575,Low Priority,0.4007279899913284,Low,Low
7215,1983,Graduation,Single,101970.0,0,0,2013-03-12,69,722,27,102,44,72,168,0,6,8,13,2,0,1,1,1,0,0,1,43,0,1135,4882,27,40.535714285714285,3,Premium VIP Customers,10473.170833333334,0.5827779170768814,0.2466592074498869,0.15075135050591335,0.44841269841269843,0.303030303030303,1.0,44.63196923220417,Email Nurture Campaign,6103.532683440347,Medium,Low
1491,1965,2n Cycle,Together,71488.0,0,0,2013-02-18,87,162,33,124,40,28,172,2,3,4,7,1,0,0,0,0,0,0,0,61,0,559,4904,14,37.266666666666666,1,Loyal Customers,1580.2475333333364,0.04531847501830484,0.037161334224222055,0.10490934465873407,0.21984126984126984,0.1212121212121211,0.75,14.9271673775428,Low Priority,71.61440836210465,Low,Low
11071,1984,Graduation,Single,79607.0,0,0,2013-04-21,37,450,133,951,173,0,216,1,3,6,6,1,0,0,0,0,0,0,1,42,0,1923,4842,15,120.1875,3,Premium VIP Customers,17234.86099999998,0.9151489403269203,0.4059498772938013,0.11711954233189359,0.7611111111111111,0.6262626262626263,1.0,65.35213974992038,Cross-Sell Campaign,15772.464780831746,High,Medium
3381,1953,Master,Married,54348.0,1,1,2014-06-08,51,70,0,16,0,0,4,2,2,0,4,6,0,0,0,0,0,0,0,73,2,90,4429,6,12.857142857142858,2,Dormant Customers,269.3795000000002,0.05605984923962806,0.006280142989519293,0.07913242778252343,0.03373015873015873,0.48484848484848475,0.5,10.59171884989446,Low Priority,15.101374158246397,Low,Low
8268,1961,PhD,Married,51381.5,0,1,2013-07-11,23,352,0,27,10,0,15,3,6,1,7,6,0,0,0,0,0,0,0,65,1,404,4761,14,26.933333333333334,1,Loyal Customers,5496.598066666661,0.1594209451513936,0.12942200935447198,0.07467109616564602,0.15833333333333335,0.7676767676767676,0.75,23.125383435216264,Low Priority,876.2728589053219,Low,Low
11051,1956,PhD,Together,77376.0,1,1,2014-05-10,72,492,19,110,16,12,12,4,6,3,10,4,0,0,0,0,0,0,0,70,2,661,4458,19,33.05,1,Loyal Customers,4044.656533333339,0.0697160763457761,0.0952174342085982,0.11376433220640783,0.26031746031746034,0.2727272727272727,0.75,18.854046907093576,Low Priority,281.9775836703092,Low,Low
8026,1952,Graduation,Married,62998.0,0,1,2013-09-30,10,120,58,73,65,89,58,5,5,4,5,5,0,0,0,0,0,0,0,74,1,463,4680,14,30.866666666666667,1,Loyal Customers,8676.338233333336,0.24380267266915392,0.20432975114584553,0.09214119855143954,0.18174603174603177,0.898989898989899,0.75,29.086524671104346,Low Priority,2115.3144502682326,Low,Low
433,1958,Master,Alone,61331.0,1,1,2013-03-10,42,534,5,47,0,5,41,5,11,1,6,8,0,0,0,0,0,0,0,68,2,632,4884,18,33.26315789473684,1,Loyal Customers,6440.506833333344,0.4059205592289633,0.15165844078031485,0.0896341903581698,0.2488095238095238,0.5757575757575757,0.75,31.734642639790778,Low Priority,2614.3341355046305,Low,Low
9597,1969,Graduation,Married,73448.0,0,0,2014-02-10,10,236,106,189,23,41,130,1,7,2,9,4,0,0,0,0,0,0,0,57,0,725,4547,18,38.1578947368421,1,Loyal Customers,11096.101566666657,0.4269256170236788,0.26133409661712337,0.1078569967635983,0.2857142857142857,0.898989898989899,0.75,38.00702515752383,Low Priority,4737.210007906572,Low,Low
1295,1963,Graduation,Married,51381.5,0,1,2013-08-11,96,231,65,196,38,71,124,1,6,5,7,4,0,0,0,0,0,0,0,63,1,725,4730,18,38.1578947368421,1,Loyal Customers,683.0477999999999,0.07961809862923974,0.01602526572895372,0.07467109616564602,0.2857142857142857,0.030303030303030276,0.75,15.553241329631703,Low Priority,54.38296710888522,Low,Low
5290,1964,PhD,Married,41551.0,1,1,2013-08-14,51,220,0,33,3,0,23,5,5,1,5,8,0,0,0,0,0,0,0,62,2,279,4727,11,23.25,2,Dormant Customers,1873.1308000000008,0.47771869294366326,0.04406102506829483,0.059886966565203266,0.10873015873015873,0.48484848484848475,0.5,25.307456011205577,Low Priority,894.8295974885187,Low,Low
1685,1967,PhD,Together,62981.0,0,0,2013-03-17,21,796,14,590,38,44,0,1,4,5,13,3,0,1,0,0,0,0,0,59,0,1482,4877,22,64.43478260869566,3,Premium VIP Customers,16795.315100000003,0.40756729483563464,0.3955951347497994,0.09211563218114224,0.5861111111111111,0.7878787878787878,1.0,47.747089815435054,Email Nurture Campaign,6845.221141219088,Medium,Low
5342,1976,Basic,Divorced,9548.0,1,0,2012-08-08,31,0,1,3,10,6,9,2,1,0,3,8,0,0,0,0,0,0,0,50,1,29,5098,4,5.8,0,Low-Value Customers,82.42773333333369,0.07431802263571008,0.0018759671981406151,0.011757522528483944,0.009523809523809525,0.6868686868686869,0.25,8.480595497500937,Low Priority,6.125866151676967,Low,Low
9579,1959,PhD,Married,33762.0,2,1,2013-07-07,61,53,1,34,2,0,16,3,2,2,2,8,0,0,0,0,0,0,0,67,3,106,4765,6,15.142857142857142,2,Dormant Customers,238.70666666666676,0.2799358956980158,0.005557557948317079,0.04817305725663823,0.04007936507936508,0.38383838383838376,0.5,16.566916577338763,Low Priority,66.82256454242105,Low,Low
7660,1973,PhD,Alone,35860.0,1,1,2014-05-19,37,15,0,8,4,2,20,2,1,1,2,5,1,0,0,0,0,0,1,53,2,49,4449,4,9.8,0,Low-Value Customers,122.71173333333334,0.6024349471129378,0.00282497035945458,0.05132824813215106,0.01746031746031746,0.6262626262626263,0.25,24.564297898711178,Low Priority,73.92583658080359,Low,Low
1461,1965,PhD,Divorced,36921.0,1,1,2013-07-28,74,17,1,12,3,1,4,2,2,0,3,7,0,0,0,0,0,0,0,61,2,38,4744,5,6.333333333333333,2,Dormant Customers,66.35966666666663,0.00902498382511834,0.0014974385996183554,0.0529238904195291,0.013095238095238096,0.2525252525252525,0.5,7.303966410992226,Low Priority,0.598894918306911,Low,Low
821,1992,Master,Single,92859.0,0,0,2012-10-19,46,962,61,921,52,61,20,1,5,4,12,2,0,0,0,0,0,0,0,34,0,2077,5026,21,94.4090909090909,3,Premium VIP Customers,23822.871766666598,0.5204633407073411,0.5611490393516185,0.1370492799307001,0.8222222222222222,0.5353535353535352,1.0,58.8289652111768,Email Nurture Campaign,12398.931424921895,Medium,Medium
11084,1976,Master,Together,65104.0,0,1,2013-11-14,4,738,0,232,13,20,50,2,3,5,7,7,0,0,0,0,0,0,1,50,1,1053,4635,15,65.8125,3,Premium VIP Customers,16270.13843333339,0.40487252610459085,0.38322311814482096,0.09530842066003345,0.4158730158730159,0.9595959595959596,1.0,45.63202857015772,Email Nurture Campaign,6587.33204757508,Medium,Low
8690,1962,Graduation,Married,86111.0,0,0,2013-04-19,73,399,28,756,36,40,126,1,5,7,10,2,0,0,0,0,0,0,0,64,0,1385,4844,22,60.21739130434783,3,Premium VIP Customers,8347.797199999966,0.5356227967152171,0.19659004110576195,0.1269009348268104,0.5476190476190477,0.26262626262626254,1.0,42.7628115103145,Email Nurture Campaign,4471.27048267544,Low,Low
2937,1974,PhD,Single,68352.0,0,1,2013-08-28,47,614,16,132,43,33,33,3,8,5,9,6,0,0,0,0,0,0,0,52,1,871,4713,22,37.869565217391305,1,Loyal Customers,12002.073733333309,0.14004402276499672,0.2826768245048486,0.10019310129095131,0.34365079365079365,0.5252525252525252,0.75,28.9645809620294,Low Priority,1680.8186871380992,Low,Low
9701,1988,Graduation,Together,41883.0,1,0,2013-03-19,13,32,34,41,73,16,116,3,4,2,3,7,0,0,0,0,0,0,0,38,1,312,4875,9,31.2,0,Low-Value Customers,2159.8598000000015,0.5218965488179131,0.05081573481510236,0.06038626273806802,0.12182539682539684,0.8686868686868687,0.25,26.45604643218644,Low Priority,1127.223375550549,Low,Low
9949,1976,Graduation,Married,59809.0,0,2,2012-10-18,36,598,16,141,32,41,49,3,3,3,6,8,0,0,0,0,0,0,0,50,2,877,5027,12,67.46153846153847,1,Loyal Customers,6697.404200000036,0.3323423399514698,0.15771038232286094,0.08734524826449462,0.346031746031746,0.6363636363636364,0.75,31.447328523169237,Low Priority,2225.8309834288134,Low,Low
10837,1975,Graduation,Married,23957.0,1,0,2012-10-28,47,2,1,18,20,11,16,1,2,0,3,6,0,0,0,0,0,0,1,51,1,68,5017,5,11.333333333333334,0,Low-Value Customers,159.00273333333294,0.6217124178091928,0.003679907151412801,0.033427277211641425,0.025,0.5252525252525252,0.25,24.59730514719721,Low Priority,98.85397377893676,Low,Low
3120,1981,Graduation,Together,38547.0,1,0,2013-08-28,49,6,1,10,0,1,4,1,1,0,2,8,0,0,0,0,0,1,0,45,1,22,4713,3,5.5,0,Low-Value Customers,34.55336666666658,0.28724104604854767,0.0007481515563828114,0.0553692385432583,0.006746031746031746,0.505050505050505,0.25,14.319811315023498,Low Priority,9.925145185832326,Low,Low
5885,1973,2n Cycle,Married,35688.0,2,1,2012-08-22,94,73,3,90,12,1,32,7,4,1,4,8,0,0,0,0,0,0,0,53,3,211,5084,9,21.1,2,Dormant Customers,151.28276666666676,0.13496404048113822,0.0034980415776886256,0.05106957662090788,0.08174603174603173,0.050505050505050386,0.5,11.143273956689612,Low Priority,20.4177334444986,Low,Low
4050,1966,Master,Married,49605.0,0,0,2014-06-21,65,42,16,29,12,20,8,1,2,1,4,3,0,0,0,0,0,0,0,60,0,127,4416,7,15.875,2,Dormant Customers,293.5076999999998,0.03809053785858955,0.006848550746366066,0.07199941046957903,0.048412698412698414,0.3434343434343434,0.5,9.511528956206652,Low Priority,11.179866158637534,Low,Low
3830,1953,Master,Married,59354.0,0,2,2014-04-24,59,295,21,78,39,13,13,1,4,4,7,3,0,0,0,0,0,0,0,73,2,459,4474,15,28.6875,1,Loyal Customers,3600.7010999999893,0.05007191314410101,0.08475881267856485,0.0866609718830083,0.18015873015873016,0.404040404040404,0.75,17.13411446609303,Low Priority,180.29399273706844,Low,Low
7987,1969,Graduation,Married,65747.0,0,1,2014-03-07,96,346,17,48,23,13,13,4,8,1,6,6,0,1,0,0,0,0,0,57,1,460,4522,15,28.75,1,Loyal Customers,501.3146000000001,0.2143574715015665,0.011744027984049932,0.09627543101892513,0.18055555555555555,0.030303030303030276,0.75,18.105647779606233,Low Priority,107.46053008281923,Low,Low
7798,1972,2n Cycle,Together,46344.0,0,1,2012-12-14,28,233,20,57,8,20,91,4,7,1,5,7,0,0,0,0,0,0,0,54,1,429,4970,13,30.642857142857142,1,Loyal Customers,4191.535166666643,0.3738784227945243,0.09867757439732774,0.06709517908490441,0.16825396825396827,0.7171717171717171,0.75,28.45729981627272,Low Priority,1567.124557201108,Low,Low
92,1988,Graduation,Alone,34176.0,1,0,2014-05-12,12,5,7,24,19,14,20,4,3,0,4,6,0,0,0,0,0,0,0,38,1,89,4456,7,11.125,0,Low-Value Customers,546.6937999999999,0.11123602357299632,0.012813062942293871,0.048795673568584046,0.03333333333333333,0.8787878787878788,0.25,11.60336872508394,Low Priority,60.81204442401092,Low,Low
7055,1952,PhD,Together,61010.0,0,1,2012-10-09,57,888,0,57,0,0,76,2,8,5,11,5,0,0,0,0,0,0,0,74,1,1021,5036,24,40.84,1,Loyal Customers,10460.574666666704,0.0442985743420975,0.24636246924148977,0.08915143713079153,0.4031746031746032,0.4242424242424242,0.75,25.280176847646707,Low Priority,463.3885445323968,Low,Low
10240,1949,Graduation,Together,69372.0,0,0,2013-02-19,10,997,26,269,34,13,42,1,10,4,6,4,0,1,1,0,0,0,1,77,0,1381,4903,20,65.76190476190476,1,Loyal Customers,24004.01943333332,0.9613706295753333,0.5654164832085188,0.10172708350878881,0.5460317460317461,0.898989898989899,0.75,67.00630990402915,Cross-Sell Campaign,23076.759274962187,High,Medium
3025,1958,Graduation,Single,49967.0,0,1,2013-07-08,4,212,6,69,4,12,3,3,6,1,5,7,0,0,0,0,0,0,0,68,1,306,4764,12,23.53846153846154,1,Loyal Customers,3778.486733333335,0.5186064216378942,0.08894705436433467,0.07254382376649783,0.11944444444444444,0.9595959595959596,0.75,33.041688982378304,Low Priority,1959.5474839802569,Low,Low
9283,1978,Graduation,Single,60199.0,1,2,2013-09-12,49,8,1,7,2,0,0,1,0,0,3,4,0,0,0,0,0,0,0,48,3,18,4698,3,4.5,0,Low-Value Customers,183.5799000000006,0.0077861491810102615,0.004258891583515075,0.0879317708771972,0.005158730158730159,0.505050505050505,0.25,6.3433024093412085,Low Priority,1.4293804880349503,Low,Low
9970,1977,Graduation,Together,55375.0,0,1,2013-10-17,3,42,11,57,10,28,14,1,1,1,6,2,0,0,0,0,0,0,0,49,1,162,4663,8,18.0,0,Low-Value Customers,1570.6696666666646,0.15910000789263004,0.036935700579466935,0.08067693732930688,0.062301587301587295,0.9696969696969697,0.25,14.970849285464638,Low Priority,249.89355636338092,Low,Low
2730,1955,Graduation,Single,80317.0,0,0,2013-08-20,64,536,11,387,149,91,57,1,3,4,10,1,0,0,0,0,0,0,0,71,0,1231,4721,17,68.38888888888889,3,Premium VIP Customers,7569.173466666665,0.10704595346763962,0.17824736449948178,0.11818731426783931,0.4865079365079365,0.3535353535353535,1.0,28.80596849698785,Low Priority,810.2493907012923,Low,Low
2795,1958,Master,Single,30523.0,2,1,2013-07-01,0,5,0,3,0,0,5,1,1,0,2,7,0,0,0,0,0,0,0,68,3,13,4771,3,3.25,0,Low-Value Customers,37.14529999999999,0.0916998116262822,0.000809211851468912,0.04330191176293658,0.0031746031746031746,1.0,0.25,10.755908869580946,Low Priority,3.4062170128017395,Low,Low
9260,1945,PhD,Married,70356.0,0,0,2012-11-05,20,1349,16,249,43,16,33,2,10,6,9,6,0,0,0,0,0,0,0,81,0,1706,5009,25,65.61538461538461,3,Premium VIP Customers,30436.37753333334,0.5461006670153712,0.7169488079926405,0.10320692517776146,0.675,0.797979797979798,1.0,63.03845249191695,Cross-Sell Campaign,16621.326072484993,High,Medium
8182,1984,Graduation,Married,23228.0,1,0,2014-01-05,91,53,3,49,7,4,5,4,3,0,4,8,0,0,0,0,0,0,0,42,1,121,4583,7,15.125,2,Dormant Customers,77.20593333333301,0.12705227083943163,0.0017529529813858254,0.032330931097128146,0.046031746031746035,0.08080808080808077,0.5,10.2819826201124,Low Priority,9.809189152277728,Low,Low
10095,1975,PhD,Divorced,74165.0,0,0,2013-05-01,9,1001,12,240,16,12,12,1,5,4,10,2,0,0,0,0,0,0,0,51,0,1293,4832,19,64.65,3,Premium VIP Customers,23822.03649999996,0.505871872619037,0.5611293622910689,0.10893529602848996,0.5111111111111111,0.9090909090909091,1.0,55.31151121970929,Email Nurture Campaign,12050.898213854029,Medium,Medium
8475,1973,PhD,Married,157243.0,0,1,2014-03-01,98,20,2,1582,1,2,1,15,0,22,0,0,0,0,0,0,0,0,0,53,1,1608,4528,22,69.91304347826087,3,Premium VIP Customers,871.9876333333306,0.20725318105097515,0.020476276034074013,0.2338766437672197,0.6361111111111111,0.010101010101010055,1.0,28.762821867395388,Low Priority,180.7222108454441,Low,Low
4370,1966,Graduation,Together,43482.0,2,1,2013-11-13,83,18,1,32,6,3,28,3,2,0,4,6,0,0,0,0,0,0,0,60,3,88,4636,6,12.571428571428571,2,Dormant Customers,89.10029999999969,0.05189318376430271,0.002033158312745527,0.06279100545014858,0.03293650793650794,0.16161616161616155,0.5,8.547828743941361,Low Priority,4.623698241354484,Low,Low
10573,1953,Graduation,Divorced,62551.0,0,0,2013-11-18,27,125,16,98,134,21,27,1,6,7,4,3,1,0,0,0,0,0,0,73,0,421,4631,17,23.38888888888889,1,Loyal Customers,8892.079800000009,0.2618877094649112,0.20941215182089026,0.09146895340303428,0.16507936507936508,0.7272727272727273,0.75,28.666239485158503,Low Priority,2328.726411201208,Low,Low
3712,1959,Graduation,Divorced,52332.0,0,0,2013-08-28,63,212,5,33,7,0,2,1,3,2,6,4,0,1,0,0,0,0,0,67,0,259,4713,11,21.58333333333333,2,Dormant Customers,1077.9918333333353,0.07030921066062092,0.02532928559230955,0.07610055704609166,0.1007936507936508,0.36363636363636354,0.5,11.96024703813541,Low Priority,75.79275490026242,Low,Low
6637,1988,Graduation,Single,66951.0,0,0,2013-11-02,46,277,162,305,173,76,124,1,3,4,7,1,0,0,0,0,0,0,0,38,0,1117,4647,14,74.46666666666667,3,Premium VIP Customers,8724.698166666662,0.09190240494968177,0.2054690056790165,0.09808613159762744,0.44126984126984126,0.5353535353535352,1.0,29.19781893065252,Low Priority,801.8207439767457,Low,Low
3152,1957,Graduation,Together,26091.0,1,1,2014-02-25,84,15,10,19,8,17,20,3,2,1,3,5,0,0,0,0,0,0,0,69,2,89,4532,6,12.714285714285714,2,Dormant Customers,83.57153333333302,0.034690994508511624,0.0019029126309653168,0.036636608636019106,0.03333333333333333,0.1515151515151515,0.5,7.721759058120256,Low Priority,2.899179603934552,Low,Low
5610,1965,Graduation,Together,33456.0,1,1,2014-04-21,58,7,3,10,8,1,7,2,1,0,3,7,0,0,0,0,0,0,0,61,2,36,4477,4,7.2,2,Dormant Customers,59.55503333333315,0.00639066363434159,0.0013371362824473718,0.04771286259128698,0.012301587301587301,0.41414141414141414,0.5,7.964193503647418,Low Priority,0.3805961857653334,Low,Low
6460,1982,Graduation,Married,28718.0,1,0,2013-07-13,78,12,4,6,11,8,16,2,2,0,3,8,0,0,0,0,0,0,0,44,1,57,4759,5,9.5,2,Dormant Customers,57.99083333333351,0.06946375983739456,0.0013002871427162882,0.04058736479901825,0.020634920634920634,0.21212121212121204,0.5,8.898924927523378,Low Priority,4.028261319437054,Low,Low
1349,1970,Graduation,Married,50447.0,2,0,2014-04-21,4,85,7,24,2,3,27,1,3,1,3,6,0,0,0,0,0,0,0,56,2,148,4477,7,18.5,0,Low-Value Customers,959.850233333332,0.6423370442348939,0.022546127219687816,0.07326569775136253,0.056746031746031746,0.9595959595959596,0.25,28.828322395321347,Low Priority,616.5473617875057,Low,Low
1880,1959,PhD,Together,53537.0,1,1,2014-01-30,17,81,0,6,0,0,6,2,2,1,3,5,0,0,0,0,0,0,0,67,2,93,4558,6,13.285714285714286,0,Low-Value Customers,470.07343333333284,0.08501517056181358,0.011008054249321407,0.0779127615289291,0.03492063492063492,0.8282828282828283,0.25,10.825048024847007,Low Priority,39.9633731114106,Low,Low
641,1967,Graduation,Single,52074.0,0,1,2014-04-04,77,59,0,12,0,0,48,1,2,2,2,4,1,0,0,0,0,0,0,59,1,119,4494,6,17.0,2,Dormant Customers,145.0724333333334,0.06594015424085255,0.003351739672064882,0.07571254977922687,0.04523809523809524,0.2222222222222222,0.5,9.625564854862333,Low Priority,9.566098630095803,Low,Low
8717,1975,PhD,Married,80427.0,0,1,2012-09-12,56,1149,71,449,69,71,26,1,11,8,8,5,0,0,0,0,0,0,0,51,1,1835,5063,27,65.53571428571429,3,Premium VIP Customers,18852.61983333327,0.36938631430236785,0.4440607463007742,0.11835274372270414,0.7261904761904762,0.43434343434343425,1.0,48.65151356989561,Email Nurture Campaign,6963.899755178696,Medium,Low
10314,1948,PhD,Married,83837.0,0,0,2012-12-16,79,847,66,119,86,89,111,1,9,10,5,4,0,1,0,1,0,0,1,78,0,1318,4968,24,52.72,3,Premium VIP Customers,7180.290233333314,0.8989881362047163,0.16908612386261976,0.12348105682351385,0.5210317460317461,0.202020202020202,1.0,52.10261557083241,Email Nurture Campaign,6454.995734273243,Medium,Low
10854,1970,PhD,Married,38853.0,1,1,2014-05-23,90,29,0,14,0,0,2,2,2,0,3,7,0,0,0,0,0,0,0,56,2,45,4445,5,7.5,2,Dormant Customers,37.28033333333339,0.0047148798161020505,0.0008123929422299128,0.05582943320860955,0.015873015873015872,0.09090909090909083,0.5,6.416753207476747,Low Priority,0.17577229117089008,Low,Low
10492,1959,Graduation,Together,38285.0,2,1,2014-06-24,96,2,0,5,2,0,1,1,0,0,3,2,0,0,0,0,0,0,0,67,3,10,4413,3,2.5,2,Dormant Customers,5.823633333333354,0.002510973084886128,7.134171234943236e-05,0.05497521565985298,0.001984126984126984,0.030303030303030276,0.5,5.808498656792653,Low Priority,0.014622986556245738,Low,Low
6935,1951,2n Cycle,Married,78497.0,0,0,2013-12-01,44,207,26,447,75,0,223,1,5,7,12,2,0,0,0,1,0,0,0,75,0,978,4618,24,39.12,3,Premium VIP Customers,15248.258066666654,0.16456073766367488,0.35914984591635774,0.11545020874189396,0.3861111111111111,0.5555555555555556,1.0,35.43526403926437,Low Priority,2509.2645955367457,Low,Low
7698,1976,PhD,Married,51650.0,0,1,2014-05-11,81,152,3,22,2,5,7,1,4,1,4,5,0,0,0,0,0,0,0,50,1,191,4457,9,19.1,2,Dormant Customers,364.1560333333339,0.05591484232104733,0.008512871361868433,0.07507489442592971,0.0738095238095238,0.18181818181818177,0.5,9.699814120980536,Low Priority,20.361727184091418,Low,Low
3559,1988,2n Cycle,Married,16248.0,1,0,2014-05-10,77,12,11,10,3,12,9,3,2,1,3,6,0,0,0,0,0,0,0,38,1,57,4458,6,8.142857142857142,2,Dormant Customers,80.17683333333332,0.1071390743694673,0.0018229409044309046,0.02183368023388717,0.020634920634920634,0.2222222222222222,0.5,9.907832181190738,Low Priority,8.590071709208384,Low,Low
10562,1946,Master,Married,66835.0,0,0,2013-09-28,21,620,26,195,34,17,141,1,6,4,13,2,0,0,0,0,0,0,0,80,0,1033,4682,23,43.04166666666666,1,Loyal Customers,18973.34970000006,0.14249619342999736,0.446904878589817,0.0979116787179518,0.40793650793650793,0.7878787878787878,0.75,36.2195905062155,Low Priority,2703.630108866191,Low,Low
10796,1984,Master,Married,30477.0,1,0,2014-01-22,16,47,1,6,0,0,12,1,1,1,3,6,0,0,0,0,0,0,0,42,1,66,4566,5,11.0,0,Low-Value Customers,242.3405999999991,0.4394872733939446,0.005643165490302398,0.04323273217272038,0.024206349206349207,0.8383838383838383,0.25,20.84125491826904,Low Priority,106.50560952665218,Low,Low
2563,1961,Basic,Married,28249.0,0,0,2014-06-15,80,1,9,7,2,14,10,1,2,0,3,6,0,0,0,0,0,0,0,65,0,43,4422,5,7.166666666666667,2,Dormant Customers,44.22093333333333,0.020323759884063874,0.0009758983374591776,0.03988203375964003,0.015079365079365078,0.19191919191919182,0.5,7.2235965200285275,Low Priority,0.8987356309158628,Low,Low
3518,1983,Graduation,Married,25271.0,1,0,2012-12-05,45,10,1,18,10,4,7,1,1,1,2,9,0,0,0,0,0,0,0,43,1,50,4979,4,10.0,0,Low-Value Customers,105.68876666666651,0.5050367835702605,0.0024239464000262905,0.03540340724520856,0.017857142857142856,0.5454545454545454,0.25,21.07298584169056,Low Priority,53.37671477684101,Low,Low
5823,1970,PhD,Single,32303.0,0,1,2014-03-08,63,35,0,2,0,0,2,2,1,0,4,5,0,0,0,0,0,0,0,56,1,39,4521,5,6.5,2,Dormant Customers,88.50553333333352,0.010214726484238133,0.0020191469075496586,0.045978861123476544,0.013492063492063493,0.36363636363636354,0.5,7.847367583551169,Low Priority,0.9040598153416227,Low,Low
3934,1966,Graduation,Married,61286.0,0,1,2013-08-02,34,356,0,107,19,9,117,2,7,1,8,5,0,0,0,0,0,0,0,60,1,608,4739,16,35.76470588235294,1,Loyal Customers,6342.5217333333185,0.10223696475345724,0.14935012557671815,0.08956651467208875,0.2392857142857143,0.6565656565656566,0.75,22.815391853740145,Low Priority,648.440170898835,Low,Low
6982,1976,Graduation,Married,74068.0,0,0,2013-03-19,14,783,30,537,140,76,15,1,4,10,9,2,0,0,0,0,0,0,0,50,0,1581,4875,23,65.875,3,Premium VIP Customers,25199.910199999962,0.7746027506831475,0.5935890608610069,0.10878941732738188,0.6253968253968254,0.8585858585858586,1.0,65.80753019348012,Cross-Sell Campaign,19519.919757888278,High,Medium
6431,1964,PhD,Married,45759.0,1,1,2013-02-23,13,42,1,18,3,0,4,2,2,0,3,7,0,0,0,0,0,0,0,62,2,68,4899,5,11.333333333333334,0,Low-Value Customers,292.08323333333476,0.10228546845278405,0.006814993419143062,0.06621539516585055,0.025,0.8686868686868687,0.25,11.153602151250661,Low Priority,29.875870348703977,Low,Low
9733,1978,Basic,Together,24882.0,1,0,2012-09-09,52,1,4,10,29,0,36,1,1,1,2,6,1,0,0,0,0,0,0,48,1,80,5066,4,16.0,0,Low-Value Customers,137.67479999999935,0.4687795744292386,0.0031774675685107253,0.03481838853664112,0.02976190476190476,0.4747474747474747,0.25,19.827061090464838,Low Priority,64.53913415363024,Low,Low
5602,1989,PhD,Together,66973.0,0,0,2013-05-17,98,466,22,432,147,113,102,1,8,7,12,3,0,0,0,0,0,0,0,37,0,1282,4816,27,45.785714285714285,3,Premium VIP Customers,707.1705999999997,0.1714789322342612,0.016593546273580482,0.0981192174886004,0.5067460317460317,0.010101010101010055,1.0,24.27506205681678,Low Priority,121.26485939546178,Low,Low
7829,1900,2n Cycle,Divorced,36640.0,1,0,2013-09-26,99,15,6,8,7,4,25,1,2,1,2,5,0,0,0,0,0,1,0,126,1,65,4684,5,10.833333333333334,2,Dormant Customers,19.24493333333336,0.061393315385170046,0.000387518262069997,0.05250129335755622,0.023809523809523808,0.0,0.5,7.735580800135622,Low Priority,1.181510261699907,Low,Low
1324,1988,Graduation,Married,38872.0,1,0,2013-05-30,93,23,3,21,3,19,22,2,3,0,3,8,0,0,0,0,0,0,0,38,1,91,4803,6,13.0,2,Dormant Customers,48.46076666666657,0.13312610967169156,0.001075779561686603,0.05585800738717711,0.034126984126984124,0.06060606060606055,0.5,10.399571815808182,Low Priority,6.4513933380409085,Low,Low
326,1973,Graduation,Married,51148.0,1,1,2013-02-18,38,235,6,45,8,9,12,4,5,1,6,6,0,0,0,0,0,0,0,53,2,315,4904,12,24.23076923076923,1,Loyal Customers,2386.7091999999925,0.2039731393893107,0.05615981181197877,0.07431993455009203,0.12301587301587302,0.6161616161616161,0.75,20.97323405758578,Low Priority,486.8245683333487,Low,Low
7224,1977,Graduation,Married,31353.0,1,1,2013-12-29,24,10,0,10,3,1,7,2,1,1,2,8,0,0,0,0,0,0,0,49,2,31,4590,4,6.2,0,Low-Value Customers,117.50096666666711,0.7761608363269844,0.0027022160639641685,0.044550152195098475,0.010317460317460317,0.7575757575757576,0.25,30.25403378632014,Low Priority,91.19964855722947,Low,Low
6999,1980,Master,Married,69661.0,0,0,2014-05-13,80,656,16,106,32,16,8,1,7,3,12,3,0,0,0,0,0,0,0,46,0,834,4455,22,36.26086956521739,1,Loyal Customers,4817.761133333325,0.10033411488538653,0.113430092073417,0.10216171180384277,0.32896825396825397,0.19191919191919182,0.75,20.828663095922302,Low Priority,483.38579904221587,Low,Low
9938,1954,Graduation,Married,80067.0,0,0,2013-09-19,82,519,17,813,27,173,51,1,4,6,6,2,0,0,1,0,0,0,0,72,0,1600,4691,16,94.11764705882354,3,Premium VIP Customers,5255.800266666667,0.3187198450572394,0.12374933848173232,0.11781133823405561,0.6329365079365079,0.1717171717171716,1.0,34.804822366143185,Low Priority,1675.1278466437975,Low,Low
6422,1954,Graduation,Married,86718.0,0,0,2013-01-17,20,344,189,482,50,33,172,1,5,6,5,2,0,0,0,0,0,0,0,72,0,1270,4936,16,74.70588235294117,3,Premium VIP Customers,18727.388933333325,0.66118294093299,0.44111057948531046,0.12781380463683722,0.501984126984127,0.797979797979798,1.0,55.866604553578284,Email Nurture Campaign,12382.230090937259,Medium,Medium
3182,1973,PhD,Single,46854.0,1,1,2014-03-31,81,96,1,79,7,1,79,6,5,1,3,8,1,0,0,0,0,0,1,53,2,263,4498,9,26.3,2,Dormant Customers,492.34476666666706,0.2823284250278311,0.011532718278216537,0.06786217019382317,0.10238095238095238,0.18181818181818177,0.5,16.939261195924857,Low Priority,139.00292254369512,Low,Low
7300,1952,Graduation,Divorced,69142.0,0,1,2014-06-29,50,448,4,34,6,4,39,3,8,1,7,5,0,1,0,0,0,0,0,74,1,535,4408,16,31.47058823529412,1,Loyal Customers,4974.488733333334,0.08116131513132846,0.11712225243150359,0.10138118555770781,0.21031746031746032,0.4949494949494949,0.75,20.09182826197142,Low Priority,403.7360477033096,Low,Low
10424,1968,Graduation,Single,75922.0,0,0,2013-12-09,60,265,138,553,224,23,92,1,4,4,9,1,0,0,0,0,0,0,0,58,0,1295,4610,17,71.94444444444444,3,Premium VIP Customers,8758.622299999999,0.16651112827116968,0.20626818425557727,0.11157765559392183,0.5119047619047619,0.3939393939393939,1.0,31.947424330010026,Low Priority,1458.408081274027,Low,Low
8727,1978,Graduation,Divorced,63693.0,0,1,2013-10-14,63,587,43,337,42,87,54,3,11,6,9,6,0,0,0,0,0,0,0,48,1,1150,4666,26,42.5925925925926,3,Premium VIP Customers,11178.394799999998,0.14790703066543176,0.26327274567352515,0.09318641192535823,0.45436507936507936,0.36363636363636354,1.0,31.9009154180803,Low Priority,1653.3631824739027,Low,Low
2798,1977,PhD,Together,102160.0,0,0,2012-11-02,54,763,29,138,76,176,58,0,7,9,10,4,0,1,1,1,0,0,1,49,0,1240,5012,26,45.92592592592592,3,Premium VIP Customers,19202.459600000013,0.9607419103329095,0.45230220803546,0.15103709229158896,0.49007936507936506,0.4545454545454545,1.0,63.52561222288472,Cross-Sell Campaign,18448.60771919453,High,Medium
1030,1965,PhD,Single,40637.0,1,1,2013-07-17,72,22,0,13,0,0,3,2,1,0,3,7,0,0,0,0,0,0,0,61,2,38,4755,4,7.6,2,Dormant Customers,42.47999999999995,0.012014878516983844,0.0009348857459347446,0.058512398185690054,0.013095238095238096,0.2727272727272727,0.5,7.533681844809394,Low Priority,0.510392039401473,Low,Low
624,1984,Master,Single,18890.0,0,0,2012-11-10,5,6,4,1,7,2,15,1,0,1,2,6,1,0,0,0,0,0,1,42,0,35,5004,3,8.75,0,Low-Value Customers,139.25706666666665,0.902944972784606,0.003214742319496451,0.02580699495891334,0.011904761904761904,0.9494949494949495,0.25,34.86890757875839,Low Priority,125.74146827139737,Low,Low
5176,1988,Graduation,Together,29604.0,1,0,2013-12-08,88,7,6,13,7,6,14,1,1,0,3,9,1,0,0,0,0,0,0,38,1,53,4611,4,10.6,2,Dormant Customers,22.260499999999904,0.061262814018010016,0.00045855843434235296,0.041919823862747695,0.01904761904761905,0.11111111111111105,0.5,8.112109253467889,Low Priority,1.363740871447906,Low,Low
5552,1963,Master,Divorced,48721.0,1,1,2013-05-13,50,81,18,113,47,13,21,6,4,2,5,6,0,0,0,0,0,0,0,63,2,293,4820,11,24.416666666666668,2,Dormant Customers,1520.1182666666664,0.20845115097057393,0.035744819872266916,0.07066995921411985,0.1142857142857143,0.4949494949494949,0.5,17.22161190645961,Low Priority,316.8704022980604,Low,Low
868,1966,Graduation,Married,44794.0,0,1,2014-06-08,99,54,0,7,0,0,4,1,2,0,3,6,0,0,0,0,0,0,0,60,1,65,4429,5,10.833333333333334,2,Dormant Customers,4.880799999999999,0.026388227297294623,4.913061578688783e-05,0.06476412767544545,0.023809523809523808,0.0,0.5,6.797904871289758,Low Priority,0.12879565979263558,Low,Low
380,1954,Graduation,Divorced,64497.0,0,1,2012-09-10,17,1170,48,320,42,32,192,5,11,4,9,8,1,0,0,0,0,0,1,72,1,1804,5065,24,72.16,1,Loyal Customers,28766.15669999992,0.8494250442175009,0.6776020487103975,0.09439555085000662,0.7138888888888889,0.8282828282828283,0.75,69.10451577108448,Cross-Sell Campaign,24434.69392686499,High,Medium
2677,1956,Graduation,Together,46097.0,0,1,2013-03-31,11,72,24,68,65,4,8,5,3,1,6,4,0,0,0,0,0,0,0,70,1,241,4863,10,21.90909090909091,0,Low-Value Customers,2002.4006999999983,0.2132337355745254,0.047106341912767545,0.0667237147635261,0.09365079365079365,0.8888888888888888,0.25,16.8266458214604,Low Priority,426.9793813780442,Low,Low
6521,1954,Graduation,Together,77972.0,0,0,2014-03-18,18,613,22,319,33,102,12,1,4,6,9,1,0,0,0,0,0,0,0,72,0,1101,4511,19,55.05,3,Premium VIP Customers,20997.085833333356,0.34278495249026486,0.49457968715397677,0.11466065907094818,0.43492063492063493,0.8181818181818181,1.0,46.882264394755346,Email Nurture Campaign,7197.485069813188,Medium,Low
6927,1968,PhD,Married,44377.0,1,1,2012-10-05,70,224,0,30,0,0,10,8,5,1,5,8,0,0,0,0,0,0,0,58,2,264,5040,11,22.0,2,Dormant Customers,1014.8663333333336,0.28680330329395437,0.023842186519240173,0.06413699965109423,0.10277777777777777,0.2929292929292928,0.5,17.967047822219907,Low Priority,291.06701680182346,Low,Low
2877,1974,Master,Together,46014.0,1,1,2013-01-21,21,410,0,59,19,9,44,10,7,1,8,7,0,0,0,0,0,0,0,52,2,541,4932,16,31.823529411764707,1,Loyal Customers,6936.555533333326,0.5435642318057119,0.16334426603266491,0.06659889072030993,0.2126984126984127,0.7878787878787878,0.75,36.50311397222453,Low Priority,3770.4634798539896,Low,Low
0,1985,Graduation,Married,70951.0,0,0,2013-05-04,66,239,10,554,254,87,54,1,3,4,9,1,0,0,0,0,0,0,0,41,0,1198,4829,16,70.47058823529412,3,Premium VIP Customers,6547.137933333363,0.1293152848769355,0.154170436882847,0.10410174813816668,0.4734126984126984,0.33333333333333326,1.0,28.313446277032288,Low Priority,846.6450069775947,Low,Low
1584,1977,Graduation,Married,41443.0,1,0,2014-04-01,79,171,7,171,25,19,89,6,8,1,5,8,0,0,0,0,0,0,0,49,1,482,4497,14,32.13333333333333,1,Loyal Customers,1463.1428000000008,0.3027697986660263,0.03440260216836451,0.05972454491860871,0.18928571428571428,0.202020202020202,0.75,22.06180419860454,Low Priority,442.99545097564624,Low,Low
7264,1978,2n Cycle,Single,52195.0,2,1,2014-05-12,2,12,0,4,0,0,1,1,1,0,2,8,0,0,0,0,0,0,0,48,3,17,4456,3,4.25,0,Low-Value Customers,53.50526666666642,0.23162263324910373,0.0011946169772175381,0.07589452217957818,0.004761904761904762,0.9797979797979798,0.25,15.21388119900389,Low Priority,12.393030758028772,Low,Low
6274,1948,Master,Married,83790.0,0,0,2013-11-15,81,1076,16,417,42,48,16,1,8,10,6,3,0,1,1,0,0,0,0,78,0,1615,4634,24,64.6,3,Premium VIP Customers,7421.911233333304,0.7517363256876681,0.1747781875315661,0.12341037332916249,0.638888888888889,0.18181818181818177,1.0,49.521963372292895,Email Nurture Campaign,5579.320280126008,Medium,Low
1377,1954,Master,Widow,44551.0,0,1,2013-08-31,24,182,4,33,0,0,66,2,4,1,5,7,0,0,0,0,0,0,0,72,1,285,4710,10,25.90909090909091,0,Low-Value Customers,1981.398833333333,0.21166157162782773,0.046611583749224694,0.06439867897060769,0.1111111111111111,0.7575757575757576,0.25,16.346726905563106,Low Priority,419.38599108487756,Low,Low
454,1980,Graduation,Together,69508.0,1,0,2012-11-14,48,824,32,162,42,32,43,2,11,4,11,6,0,0,0,0,0,0,0,46,1,1135,5000,26,42.03703703703704,1,Loyal Customers,17633.85046666665,0.21247318159934608,0.41534919874146403,0.10193161447116715,0.44841269841269843,0.5151515151515151,0.75,36.65593560688403,Low Priority,3746.7203124997764,Low,Low
1755,1988,2n Cycle,Together,45204.0,1,0,2014-04-11,93,30,11,25,29,1,18,1,1,1,4,3,0,0,0,0,0,0,0,38,1,114,4487,6,16.285714285714285,2,Dormant Customers,56.80126666666673,0.031168455352954778,0.0012722635470639075,0.06538072837085072,0.04325396825396825,0.06060606060606055,0.5,7.578868677548894,Low Priority,1.7704077440912804,Low,Low
2075,1969,Graduation,Married,72460.0,0,0,2013-11-14,56,377,10,540,80,30,10,1,3,5,7,1,0,0,0,0,0,0,0,57,0,1047,4635,15,65.4375,3,Premium VIP Customers,8210.394366666664,0.09165086212909769,0.19335313009377703,0.1063711394780851,0.4134920634920635,0.43434343434343425,1.0,27.987929285565215,Low Priority,752.4897221248867,Low,Low
4785,1970,PhD,Together,77622.0,0,2,2014-04-14,3,520,7,154,19,0,14,2,6,3,11,3,0,0,0,0,0,0,0,56,2,714,4484,20,34.0,1,Loyal Customers,15866.706566666666,0.15931905740195496,0.37371914344415774,0.11413429262365099,0.28134920634920635,0.9696969696969697,0.75,33.701211895342844,Low Priority,2527.868734274742,Low,Low
9076,1980,PhD,Married,30732.0,1,0,2013-01-05,44,155,1,25,0,1,3,4,4,1,4,8,0,0,0,0,0,0,0,46,1,185,4948,9,18.5,0,Low-Value Customers,948.2316333333315,0.2981504681430305,0.022272418349415672,0.04361622772717976,0.07142857142857142,0.5555555555555556,0.25,16.398055221251536,Low Priority,282.7157053863632,Low,Low
7079,1962,Graduation,Divorced,63887.0,0,1,2012-09-08,38,897,23,207,15,11,92,5,9,6,12,6,0,0,0,0,0,0,0,64,1,1245,5067,27,44.46428571428572,3,Premium VIP Customers,19945.47903333327,0.24960975161424617,0.4698061250037595,0.09347816932757438,0.4920634920634921,0.6161616161616161,1.0,42.97901845357637,Email Nurture Campaign,4978.586067337473,Low,Low
4653,1978,Graduation,Together,42011.0,1,0,2013-03-26,46,131,0,16,2,1,39,4,3,1,4,8,0,0,0,0,0,0,0,48,1,189,4868,8,21.0,0,Low-Value Customers,779.4831000000022,0.3957381837673885,0.0182970710254055,0.06057876246736528,0.073015873015873,0.5353535353535352,0.25,19.298851040463248,Low Priority,308.4712262713745,Low,Low
7375,1976,Graduation,Together,51369.0,0,1,2012-10-25,84,297,7,79,0,11,182,2,8,2,4,8,0,0,0,0,0,0,0,50,1,576,5020,14,38.4,1,Loyal Customers,1251.6583666666631,0.1919649781861783,0.029420490267807676,0.07465229736395683,0.2265873015873016,0.1515151515151515,0.75,19.044472308644426,Low Priority,240.27457105371354,Low,Low
709,1952,Graduation,Divorced,51537.0,0,1,2012-12-09,27,787,20,204,0,0,92,3,2,2,11,8,0,0,0,0,0,0,0,74,1,1103,4975,15,68.9375,1,Loyal Customers,11442.006366666705,0.24618645852788998,0.2694828591211876,0.07490495325865948,0.4357142857142857,0.7272727272727273,0.75,33.89120698413684,Low Priority,2816.867025863246,Low,Low
460,1972,PhD,Married,79930.0,0,0,2012-08-08,72,792,86,740,67,51,17,1,3,5,8,2,0,0,0,0,0,0,0,54,0,1753,5098,16,103.11764705882354,3,Premium VIP Customers,7381.475266666641,0.5335001411268196,0.17382560436709757,0.11760530336754214,0.6936507936507936,0.2727272727272727,1.0,44.1642236668912,Email Nurture Campaign,3938.0180964907818,Low,Low
3726,1986,PhD,Together,34320.0,1,0,2014-02-16,66,4,1,9,3,0,0,1,1,0,2,8,0,0,0,0,0,0,0,40,1,17,4541,3,4.25,2,Dormant Customers,19.045566666666716,0.24292981196862548,0.0003828216183174582,0.049012235764043455,0.004761904761904762,0.33333333333333326,0.5,14.527596603343962,Low Priority,4.626735929169266,Low,Low
6798,1966,Graduation,Single,37070.0,1,1,2013-03-20,30,231,7,137,4,15,39,9,5,1,8,7,0,0,0,0,0,0,1,60,2,433,4874,14,28.866666666666667,1,Loyal Customers,4397.209766666665,0.7570070082787062,0.10352281929857905,0.05314797213566418,0.16984126984126985,0.696969696969697,0.75,39.87984208114273,Low Priority,3328.7186102382398,Low,Low
5341,1962,2n Cycle,Divorced,81975.0,0,1,2013-01-05,2,983,76,184,180,138,27,1,6,3,4,7,0,0,1,0,0,0,0,64,1,1588,4948,13,113.42857142857144,1,Loyal Customers,19824.197166666658,0.46484819050066983,0.4669489887988971,0.12068078732389283,0.6281746031746032,0.9797979797979798,0.75,50.98233219883488,Email Nurture Campaign,9215.242181053502,Medium,Low
1606,1971,Graduation,Together,38590.0,1,0,2013-05-15,65,3,1,8,4,3,3,1,1,0,2,8,0,0,0,0,0,0,0,55,1,22,4818,3,5.5,2,Dormant Customers,22.782766666666724,0.13524928703465913,0.0004708618976954392,0.055433906421069094,0.006746031746031746,0.3434343434343434,0.5,11.444305725543522,Low Priority,3.081352948343672,Low,Low
9617,1951,Graduation,Single,15033.0,0,0,2014-04-16,37,0,4,5,6,0,4,1,1,0,3,3,0,0,0,0,0,0,0,75,0,19,4482,4,3.8,0,Low-Value Customers,97.70413333333323,0.023459276157201298,0.0022358458570001212,0.02000643670969838,0.005555555555555556,0.6262626262626263,0.25,6.68556449216949,Low Priority,2.2920682455666808,Low,Low
3233,1965,PhD,Married,62745.0,0,1,2013-03-23,89,562,21,464,28,10,32,3,7,8,11,5,0,0,0,0,0,0,0,61,1,1117,4871,26,41.37037037037037,3,Premium VIP Customers,3596.0712333333304,0.1495213970770439,0.08464974311985365,0.09176071080525043,0.44126984126984126,0.10101010101010088,1.0,25.066839438057553,Low Priority,537.6895947965679,Low,Low
89,1975,2n Cycle,Married,22212.0,1,0,2013-12-09,49,5,9,20,6,8,21,2,2,0,4,6,0,0,0,0,0,0,0,51,1,69,4610,6,9.857142857142858,0,Low-Value Customers,209.6244666666665,0.25951904685492905,0.0048724447585155335,0.030802964495831177,0.025396825396825397,0.505050505050505,0.25,13.645979299566555,Low Priority,54.401541786806135,Low,Low
2936,1982,Master,Together,23661.0,1,0,2013-12-04,46,18,0,4,0,0,1,1,1,0,3,7,0,0,0,0,0,0,0,44,1,23,4615,4,4.6,0,Low-Value Customers,57.9118666666668,0.025619272383386647,0.0012984268603137181,0.032982121587641515,0.0071428571428571435,0.5353535353535352,0.25,6.421262727097959,Low Priority,1.4836598863637065,Low,Low
9449,1958,PhD,Single,79761.0,0,1,2013-10-04,32,415,5,124,15,35,11,1,5,2,11,3,0,0,0,0,0,0,0,68,1,605,4676,18,31.84210526315789,1,Loyal Customers,11098.403300000002,0.23053998067504508,0.26138832043327487,0.11735114356870435,0.2380952380952381,0.6767676767676767,0.75,30.3866274242036,Low Priority,2558.625682305857,Low,Low
7297,1973,Graduation,Single,7500.0,1,0,2013-12-26,54,5,3,10,12,7,20,4,3,1,3,7,0,0,0,0,0,0,0,53,1,57,4593,7,7.125,0,Low-Value Customers,190.88430000000045,0.32674466447128453,0.004430967313122404,0.008677526859727853,0.020634920634920634,0.4545454545454545,0.25,15.104295304380571,Low Priority,62.37042655633616,Low,Low
11004,1893,2n Cycle,Single,60182.0,0,1,2014-05-17,23,8,0,5,7,0,2,1,1,0,2,4,0,0,0,0,0,0,0,133,1,22,4451,3,5.5,2,Dormant Customers,322.79296666666625,0.059931517707099105,0.0075384477438486695,0.08790620450689991,0.006746031746031746,0.7676767676767676,0.5,11.842735323171746,Low Priority,19.34547239751036,Low,Low
313,1968,Graduation,Widow,73455.0,0,0,2013-10-28,98,901,61,757,186,163,20,1,6,5,10,3,0,1,0,0,0,0,0,58,0,2088,4652,21,94.9090909090909,3,Premium VIP Customers,599.5194,0.35743663683426025,0.014057518840375182,0.10786752409254424,0.8265873015873016,0.010101010101010055,1.0,34.67281448547908,Low Priority,214.2901980528936,Low,Low
9940,1958,Graduation,Together,64961.0,0,1,2012-12-23,97,382,114,276,75,124,38,2,6,4,4,3,0,0,0,0,0,0,0,68,1,1009,4961,14,67.26666666666667,1,Loyal Customers,511.6816666666658,0.15824104130834277,0.011988253459181957,0.09509336236870916,0.39841269841269844,0.02020202020202011,0.75,19.635013043913414,Low Priority,80.96903975172154,Low,Low
10735,1971,Graduation,Single,22804.0,1,0,2013-07-31,75,14,1,7,2,1,1,1,2,0,2,9,0,0,0,0,0,0,0,55,1,26,4741,4,5.2,2,Dormant Customers,34.04493333333335,0.08301246600091593,0.0007361739761859433,0.03169327574383098,0.008333333333333333,0.24242424242424232,0.5,9.166513168872578,Low Priority,2.8261538708367837,Low,Low
9529,1990,Graduation,Married,73687.0,0,0,2013-11-28,8,559,153,503,218,13,181,1,3,9,9,2,0,0,0,1,0,0,1,36,0,1627,4621,21,73.95454545454545,3,Premium VIP Customers,28835.548499999928,0.8782998685548625,0.6792367681416674,0.10821642985189552,0.6436507936507937,0.9191919191919192,1.0,72.05898490013635,Cross-Sell Campaign,25326.2584572573,High,High
6439,1958,Graduation,Married,61074.0,0,1,2012-08-17,37,789,0,133,0,28,152,7,11,5,8,7,0,0,0,0,0,0,0,68,1,1102,5089,24,44.08,1,Loyal Customers,16557.43760000008,0.28545141229693216,0.38999125977448934,0.08924768699544017,0.4353174603174603,0.6262626262626263,0.75,38.31683206817208,Low Priority,4726.34394693835,Low,Low
7411,1964,PhD,Married,31686.0,1,1,2014-06-05,31,11,0,5,0,0,1,2,1,0,3,6,0,0,0,0,0,0,0,62,2,17,4432,4,3.4,0,Low-Value Customers,58.59226666666667,0.009636258163301778,0.0013144556000356398,0.04505095227209837,0.004761904761904762,0.6868686868686869,0.25,6.784802941393112,Low Priority,0.5646102079730213,Low,Low
2176,1972,Graduation,Married,80134.0,1,0,2013-05-20,40,1218,16,272,104,0,80,2,5,3,6,6,0,1,1,1,0,0,1,54,1,1690,4813,14,112.66666666666669,3,Premium VIP Customers,13955.786633333333,0.9618192954392932,0.32870203844586515,0.11791209981110964,0.6686507936507936,0.5959595959595959,1.0,62.90432089922573,Cross-Sell Campaign,13422.944866973772,Medium,Medium
9265,1953,Graduation,Married,75027.0,0,1,2013-01-09,74,925,64,179,133,12,77,2,9,4,6,5,0,0,0,0,0,0,0,73,1,1390,4944,19,69.5,1,Loyal Customers,5389.361466666653,0.5105943717161988,0.1268957489928254,0.11023166139297616,0.5496031746031746,0.2525252525252525,0.75,37.233694116874375,Low Priority,2751.7776320241514,Low,Low
8867,1988,PhD,Married,67546.0,0,0,2012-08-31,90,864,134,768,150,38,172,1,4,10,5,3,0,0,0,0,0,0,0,38,0,2126,5075,19,106.3,3,Premium VIP Customers,3854.4942000000065,0.227124565477903,0.09073762447033551,0.09898095455803266,0.8416666666666667,0.09090909090909083,1.0,33.605220698572936,Low Priority,875.4503203120988,Low,Low
8932,1969,Master,Together,65176.0,0,1,2012-10-29,57,960,28,183,220,70,70,4,9,6,6,6,0,0,0,0,0,0,0,57,1,1531,5016,21,69.5909090909091,3,Premium VIP Customers,12896.580500000042,0.5893290616677579,0.303749452580101,0.09541670175776315,0.6055555555555555,0.4242424242424242,1.0,48.95106789955885,Email Nurture Campaign,7600.329684787728,Medium,Low
10236,1975,Master,Single,31160.0,1,0,2013-09-16,59,16,3,25,6,1,13,2,2,0,3,8,0,0,0,0,0,0,0,51,1,64,4694,5,10.666666666666666,2,Dormant Customers,131.1708333333333,0.15881799461430438,0.003024248302108511,0.04425989869701746,0.023412698412698413,0.404040404040404,0.5,12.669258770855057,Low Priority,20.832288701887144,Low,Low
6340,1985,Graduation,Single,29938.0,1,0,2013-10-27,52,3,3,7,0,2,11,2,1,0,3,6,0,0,0,0,0,0,0,41,1,26,4653,4,5.2,0,Low-Value Customers,60.25173333333335,0.02050696534180122,0.0013535490146111995,0.04242212784388272,0.008333333333333333,0.4747474747474747,0.25,6.0787740828685735,Low Priority,1.2355802072501163,Low,Low
10089,1974,Graduation,Divorced,102692.0,0,0,2013-04-05,5,168,148,444,32,172,148,1,6,9,13,2,0,1,1,1,1,0,1,52,0,1112,4858,28,38.3448275862069,3,Premium VIP Customers,31863.070433333356,0.8636057142700584,0.7505585804165362,0.1518371692914807,0.4392857142857143,0.9494949494949495,1.0,71.2800609952731,Cross-Sell Campaign,27517.129700416033,High,High
2227,1958,2n Cycle,Together,26490.0,0,0,2012-09-22,92,45,47,52,21,20,25,2,3,1,5,6,0,0,0,0,0,0,0,68,0,210,5053,9,21.0,2,Dormant Customers,180.65463333333273,0.07157031596760455,0.004189978682255165,0.037236666385937894,0.08134920634920634,0.07070707070707061,0.5,9.218948952128619,Low Priority,12.929509188678368,Low,Low
10992,1967,Graduation,Together,75702.0,1,1,2012-08-29,77,650,28,353,45,42,30,5,4,6,11,8,0,0,0,0,0,0,0,59,2,1148,5077,21,52.18181818181818,3,Premium VIP Customers,7144.894600000006,0.1970975322210966,0.16825227995610553,0.11124679668419216,0.45357142857142857,0.2222222222222222,1.0,29.98764487184053,Low Priority,1408.2410936398403,Low,Low
5304,1974,PhD,Single,30899.0,1,0,2012-10-13,35,24,0,8,0,0,1,2,1,0,3,6,0,0,0,0,0,0,0,52,1,33,5032,4,6.6,0,Low-Value Customers,79.25379999999967,0.026564420614043727,0.0018011962526750759,0.04386737971774727,0.011111111111111112,0.6464646464646464,0.25,7.188632202168936,Low Priority,2.10533127846129,Low,Low
309,1961,PhD,Together,63342.0,0,1,2012-10-16,48,918,21,118,13,10,21,3,8,3,5,6,0,1,0,0,0,0,0,65,1,1101,5029,16,64.76470588235294,1,Loyal Customers,9260.826133333318,0.6242119430591346,0.21809901102196874,0.0926585415739259,0.43492063492063493,0.5151515151515151,0.75,42.795481137739465,Email Nurture Campaign,5780.718275020803,Medium,Low
3406,1964,Graduation,Single,45989.0,0,1,2012-10-22,97,138,33,87,28,24,12,4,3,2,7,3,0,0,0,0,0,0,0,62,1,322,5023,12,24.76923076923077,2,Dormant Customers,222.44363333333266,0.08547983009359265,0.005174436360443764,0.06656129311693156,0.1257936507936508,0.02020202020202011,0.5,10.37315578770527,Low Priority,19.014443982734697,Low,Low
2661,1964,Graduation,Single,18701.0,1,1,2013-06-04,95,12,4,2,10,6,10,4,2,0,4,5,0,0,0,0,0,0,0,62,2,44,4798,6,6.285714285714286,2,Dormant Customers,19.991433333333266,0.014119130269796915,0.00040510417359618093,0.02552275707737286,0.015476190476190477,0.04040404040404033,0.5,6.125117663238581,Low Priority,0.28226165151329274,Low,Low
3153,1957,PhD,Single,40737.0,2,1,2013-12-08,24,11,0,4,0,0,2,1,1,0,2,8,0,0,0,0,0,0,0,69,3,17,4611,3,4.25,0,Low-Value Customers,44.403499999999994,0.0727685143988968,0.0009801992098605581,0.058662788599203534,0.004761904761904762,0.7575757575757576,0.25,9.158396653562114,Low Priority,3.2311767291114135,Low,Low
10264,1979,Graduation,Divorced,15287.0,1,0,2012-10-10,60,1,2,8,4,3,13,2,1,1,2,7,1,0,0,0,0,0,1,47,1,31,5035,4,6.2,0,Low-Value Customers,52.97456666666687,0.9114492656081057,0.0011821148429282692,0.02038842836002262,0.010317460317460317,0.3939393939393939,0.25,32.207284571590115,Low Priority,48.28362988424115,Low,Low
1184,1968,PhD,Divorced,69674.0,0,2,2013-05-22,46,554,41,215,11,0,24,3,10,2,10,5,0,0,0,0,0,0,0,58,2,845,4811,22,36.73913043478261,1,Loyal Customers,11211.925233333362,0.0846402422756602,0.2640626495369347,0.10218126255759953,0.3333333333333333,0.5353535353535352,0.75,26.65966705672152,Low Priority,948.9800681259237,Low,Low
4200,1970,Master,Married,44159.0,1,0,2014-06-17,85,167,2,62,24,13,7,4,4,1,6,5,0,0,0,0,0,0,0,56,1,275,4420,11,22.916666666666668,2,Dormant Customers,460.7183666666668,0.10639246326738717,0.010787669286532978,0.06380914854963485,0.10714285714285715,0.14141414141414133,0.5,11.467709026327515,Low Priority,49.01696190219396,Low,Low
9396,1978,PhD,Married,37717.0,1,0,2012-11-23,31,9,0,6,4,1,5,1,1,0,2,9,0,0,0,0,0,0,0,48,1,25,4991,3,6.25,0,Low-Value Customers,51.6897,0.15963324950300373,0.0011518461871708023,0.054120998111096406,0.007936507936507936,0.6868686868686869,0.25,11.418153905207253,Low Priority,8.251394776835411,Low,Low
2387,1952,Master,Together,43776.0,1,1,2013-02-03,9,177,2,71,3,2,20,6,5,2,4,8,0,0,0,0,0,0,1,74,2,275,4919,11,22.916666666666668,1,Loyal Customers,2633.5383666666667,0.8689918103795282,0.06197456852608778,0.06323315326587822,0.10714285714285715,0.9090909090909091,0.75,42.21392030242466,Email Nurture Campaign,2288.5232729536124,Low,Low
6690,1966,Master,Married,38179.0,1,1,2013-03-14,30,38,4,22,4,2,20,4,3,1,3,7,0,0,0,0,0,0,0,60,2,90,4880,7,11.25,0,Low-Value Customers,540.2129999999997,0.42294867824679255,0.012660389432020717,0.05481580182152869,0.03373015873015873,0.696969696969697,0.25,20.10723091438055,Low Priority,228.48237432173443,Low,Low
1225,1963,Graduation,Married,80124.0,0,0,2014-06-26,47,483,84,398,205,84,241,1,3,7,8,1,1,0,0,0,0,0,0,63,0,1495,4411,18,78.6842105263158,3,Premium VIP Customers,15059.692433333279,0.3802045917701123,0.3547076509469271,0.1178970607697583,0.5912698412698413,0.5252525252525252,1.0,44.721648134519015,Email Nurture Campaign,5725.764213798929,Medium,Low
9703,1970,PhD,Married,38097.0,1,1,2012-10-15,70,77,2,35,0,1,69,4,3,2,2,7,1,0,0,0,0,0,1,56,2,184,5030,7,23.0,2,Dormant Customers,342.2030666666656,0.8210909999066268,0.007995707357129867,0.054692481682447634,0.07103174603174603,0.2929292929292928,0.5,32.949648689859835,Low Priority,280.97985818044657,Low,Low
291,1970,Graduation,Married,72940.0,0,0,2013-06-19,13,182,74,298,162,149,116,1,3,3,6,1,0,0,0,0,0,0,0,56,0,981,4783,12,75.46153846153847,1,Loyal Customers,12892.998133333358,0.25094660916072753,0.30366505983629033,0.10709301346294982,0.3873015873015873,0.8686868686868687,0.75,35.362238357498185,Low Priority,3235.454163475596,Low,Low
4557,1970,Graduation,Together,22070.0,1,0,2013-10-04,11,10,7,19,8,2,21,2,2,2,2,6,0,0,0,0,0,0,0,56,1,67,4676,6,9.571428571428571,0,Low-Value Customers,411.61959999999954,0.766803126862677,0.009631009451777634,0.030589410108642037,0.024603174603174603,0.8888888888888888,0.25,30.912410254012123,Low Priority,315.63119635796403,Low,Low
2379,1953,Graduation,Single,69267.0,0,0,2012-09-22,31,778,44,499,95,73,146,2,3,4,5,7,0,0,0,0,0,0,1,73,0,1635,5053,12,125.76923076923076,3,Premium VIP Customers,11795.29586666662,0.8962305751802345,0.27780558904768327,0.10156917357459966,0.6468253968253969,0.6868686868686869,1.0,59.37350104930791,Email Nurture Campaign,10571.304799003668,Medium,Medium
5726,1983,Master,Single,31788.0,1,0,2014-03-20,15,16,7,23,0,8,6,3,3,0,4,5,0,0,0,0,0,1,0,43,1,60,4509,7,7.5,0,Low-Value Customers,426.6833666666669,0.08110100759313142,0.009985878933158911,0.04520435049388212,0.021825396825396824,0.8484848484848485,0.25,10.254455295532726,Low Priority,34.60445095989623,Low,Low
3066,1975,PhD,Together,61905.0,0,1,2014-02-04,2,167,0,43,6,2,13,2,4,2,4,5,0,0,0,0,0,0,0,51,1,231,4553,10,21.0,0,Low-Value Customers,2645.9100333333413,0.16193683369297976,0.06226601800422791,0.09049743133173718,0.08968253968253967,0.9797979797979798,0.25,16.375287858461597,Low Priority,428.47029303448784,Low,Low
6336,1960,Graduation,Married,29315.0,1,1,2014-04-06,55,13,2,14,8,7,4,4,2,0,4,6,0,0,0,0,0,0,0,66,2,48,4492,6,6.857142857142857,2,Dormant Customers,177.08536666666615,0.02683330678290914,0.004105894545867538,0.041485195567693735,0.017063492063492065,0.4444444444444444,0.5,8.821202598714843,Low Priority,4.751785970530605,Low,Low
10967,1963,Graduation,Divorced,33378.0,1,1,2013-02-06,38,33,6,40,3,7,10,3,2,0,4,7,0,0,0,0,0,0,0,63,2,99,4916,6,14.142857142857142,0,Low-Value Customers,335.35033333333286,0.09148385990140831,0.007834271908888022,0.04759555806874646,0.0373015873015873,0.6161616161616161,0.25,9.595831425328246,Low Priority,30.6791429125572,Low,Low
2304,1963,PhD,Together,66313.0,0,1,2013-09-16,86,625,7,99,10,22,7,2,6,3,12,4,0,0,0,0,0,0,0,63,1,770,4694,21,35.0,1,Loyal Customers,2931.0160666666607,0.03580510219918573,0.06898249419683558,0.09712664075941144,0.3035714285714286,0.13131313131313127,0.75,16.825031384611837,Low Priority,104.94532981445515,Low,Low
3445,1956,Graduation,Single,60714.0,0,0,2013-01-17,56,216,162,224,101,92,162,2,7,4,10,5,0,0,0,0,0,0,1,70,0,957,4936,21,43.5,1,Loyal Customers,8636.646233333344,0.17102096799655986,0.2033946942130964,0.08870628150679163,0.37777777777777777,0.43434343434343425,0.75,27.457916519741442,Low Priority,1477.047599068511,Low,Low
7828,1981,Master,Together,77882.0,0,0,2014-04-30,29,68,129,396,188,22,15,1,3,3,5,1,0,0,0,0,0,0,0,45,0,818,4468,11,68.16666666666667,1,Loyal Customers,8368.672166666693,0.17549858415308955,0.19708180978213588,0.11452530769878605,0.32261904761904764,0.7070707070707071,0.75,28.197304144683873,Low Priority,1468.690116491373,Low,Low
3762,1986,PhD,Single,69867.0,0,0,2013-04-02,30,196,0,512,33,130,54,1,3,5,8,1,0,0,0,1,0,0,1,40,0,925,4861,16,54.41176470588236,3,Premium VIP Customers,11050.087399999997,0.1883195517621461,0.26025010322937914,0.10247151605568054,0.36507936507936506,0.696969696969697,1.0,33.44284377134152,Low Priority,2080.947506100538,Low,Low
4391,1968,Master,Divorced,63841.0,0,1,2013-04-21,64,635,15,100,20,7,131,1,9,3,9,6,0,0,0,0,0,0,0,58,1,908,4842,21,41.27272727272727,1,Loyal Customers,6975.824199999985,0.10446599961924963,0.16426935015557334,0.09340898973735819,0.35833333333333334,0.3535353535353535,0.75,23.63882715829504,Low Priority,728.7364482211507,Low,Low
4669,1981,Basic,Married,24480.0,1,0,2013-02-11,46,4,19,9,28,25,17,3,3,0,4,7,0,0,0,0,0,0,0,45,1,102,4911,7,12.75,0,Low-Value Customers,384.52859999999913,0.1664261021345049,0.008992804590215791,0.03421381907431693,0.038492063492063494,0.5353535353535352,0.25,11.358854021633418,Low Priority,63.99559605723804,Low,Low
10144,1976,Graduation,Together,51369.0,0,1,2012-10-25,84,297,7,79,0,11,182,2,8,2,4,8,0,0,0,0,0,0,0,50,1,576,5020,14,38.4,1,Loyal Customers,1251.6583666666631,0.1919649781861783,0.029420490267807676,0.07465229736395683,0.2265873015873016,0.1515151515151515,0.75,19.044472308644426,Low Priority,240.27457105371354,Low,Low
8652,1946,Graduation,Together,37760.0,0,0,2012-08-31,20,84,5,38,150,12,28,2,4,1,6,7,0,0,0,0,0,0,0,80,0,317,5075,11,26.416666666666668,1,Loyal Customers,2596.16089999999,0.3873655494153153,0.061094036949566485,0.0541856659889072,0.12380952380952381,0.797979797979798,0.75,27.342686097877376,Low Priority,1005.6632933990555,Low,Low
1672,1974,PhD,Together,65640.0,0,1,2014-03-01,74,204,7,149,20,15,66,1,5,1,8,2,0,0,0,0,0,0,0,52,1,461,4528,14,30.73333333333333,1,Loyal Customers,1744.4850999999949,0.059973708005935926,0.041030413014142945,0.09611451327646571,0.18095238095238095,0.2525252525252525,0.75,15.468180740279,Low Priority,104.62324000810563,Low,Low
8962,1975,Master,Married,44319.0,1,1,2014-04-17,18,26,0,8,0,0,3,2,2,0,3,5,0,0,0,0,0,0,0,51,2,37,4481,5,6.166666666666667,0,Low-Value Customers,167.97033333333303,0.02289321546382199,0.0038911642447848416,0.06404977321125642,0.012698412698412698,0.8181818181818181,0.25,8.225414404756052,Low Priority,3.845381032529994,Low,Low
9974,1974,Graduation,Married,30631.0,1,0,2013-07-12,75,15,6,20,4,5,20,1,3,1,2,7,0,0,0,0,0,0,0,52,1,70,4760,6,10.0,2,Dormant Customers,134.64573333333325,0.35826529754391734,0.0031061093656883417,0.043464333409531146,0.025793650793650792,0.24242424242424232,0.5,17.874811515409455,Low Priority,48.238893715685585,Low,Low
10983,1952,Graduation,Together,75278.0,0,0,2013-01-29,17,304,98,230,150,74,74,1,6,3,13,3,0,0,0,0,0,0,0,74,0,930,4924,22,40.43478260869565,1,Loyal Customers,18273.951899999935,0.2229311217790845,0.43042859214318413,0.110609141330895,0.3670634920634921,0.8282828282828283,0.75,37.85424935334353,Low Priority,4073.832596404018,Low,Low
8148,1956,Master,Together,50898.0,1,1,2013-01-08,88,285,28,242,55,114,135,13,6,2,12,5,0,0,0,0,0,0,0,70,2,859,4945,20,40.90476190476191,1,Loyal Customers,1874.987266666661,0.1517142072985205,0.044104759373118946,0.07394395851630833,0.3388888888888889,0.11111111111111105,0.75,19.752897474201156,Low Priority,284.4622068571522,Low,Low
10102,1966,Graduation,Widow,79946.0,0,0,2014-05-12,19,395,183,565,166,141,28,1,5,11,5,3,0,0,0,0,0,0,0,60,0,1478,4456,21,67.18181818181819,3,Premium VIP Customers,24656.727200000067,0.7962294037694295,0.5807928543231282,0.1176293658337043,0.5845238095238096,0.8080808080808081,1.0,65.29522258437495,Cross-Sell Campaign,19632.41119736153,High,Medium
4697,1949,Master,Divorced,35416.0,0,0,2013-06-13,62,248,3,81,4,3,51,3,7,1,5,8,0,0,0,0,0,0,0,77,0,390,4789,13,27.857142857142858,1,Loyal Customers,2482.9204666666697,0.2986865251956621,0.058426339371821345,0.05066051469615121,0.1527777777777778,0.3737373737373737,0.75,22.880344619339553,Low Priority,741.6148865258592,Low,Low
9262,1984,2n Cycle,Together,32414.0,0,0,2013-07-04,11,20,6,5,0,9,12,1,1,0,3,7,1,0,0,0,0,0,0,42,0,52,4768,4,10.4,0,Low-Value Customers,158.0858666666665,0.06186137743669441,0.0036583077728712,0.04614579448247651,0.01865079365079365,0.8888888888888888,0.25,9.651254850318084,Low Priority,9.779409465273604,Low,Low
7254,1969,Graduation,Together,38361.0,1,0,2013-12-27,74,39,0,56,20,8,14,3,3,1,3,7,0,0,0,0,0,0,0,57,1,137,4592,7,17.125,2,Dormant Customers,247.62513333333175,0.2989890672054371,0.005767657567539062,0.055089512374123226,0.05238095238095238,0.2525252525252525,0.5,16.741937415271067,Low Priority,74.03720763195486,Low,Low
4543,1980,Graduation,Married,82497.0,0,0,2012-10-31,32,777,129,573,216,21,203,1,2,7,9,4,0,0,1,0,0,0,0,46,0,1919,5014,18,101.0,3,Premium VIP Customers,23329.42543333324,0.5634940683583951,0.5495245201809269,0.1214658252824332,0.7595238095238095,0.6767676767676767,1.0,59.38191143569951,Email Nurture Campaign,13145.992849892762,Medium,Medium
4927,1971,Graduation,Together,16626.0,2,0,2014-01-15,76,8,3,22,21,1,13,3,3,0,3,9,0,0,0,0,0,0,0,55,2,68,4573,6,9.714285714285714,2,Dormant Customers,93.66169999999957,0.5420604801930425,0.0021406149461488,0.02240215599696813,0.025,0.23232323232323226,0.5,23.086670575761584,Low Priority,50.77030607769646,Low,Low
10451,1965,Graduation,Together,29672.0,1,1,2013-03-12,6,9,1,3,0,4,8,1,0,0,3,6,0,0,0,0,0,0,0,61,2,25,4882,3,6.25,0,Low-Value Customers,68.76533333333336,0.010036474510040888,0.0015541108583745457,0.04202208934393686,0.007936507936507936,0.9393939393939394,0.25,8.08395577050915,Low Priority,0.6901615151744652,Low,Low
2926,1952,Master,Together,55951.0,0,1,2012-08-23,62,1241,0,80,0,13,40,3,3,6,11,8,0,1,0,0,1,0,0,74,1,1374,5083,20,65.42857142857143,3,Premium VIP Customers,9551.373066666627,0.2763813701990805,0.22494366294936896,0.08154318611114453,0.5432539682539682,0.3737373737373737,1.0,35.872679248061324,Low Priority,2639.8215754479156,Low,Low
2874,1988,2n Cycle,Divorced,35388.0,1,0,2013-03-07,20,6,4,7,4,3,8,1,1,0,3,7,0,0,0,0,0,0,0,38,1,32,4887,4,6.4,0,Low-Value Customers,131.02226666666658,0.023289852644467576,0.003020748395536855,0.05061840538036744,0.010714285714285714,0.797979797979798,0.25,7.9461153606170845,Low Priority,3.0514892838108008,Low,Low
9738,1986,Master,Together,42386.0,1,0,2013-01-13,43,65,4,16,0,4,11,1,3,0,3,8,0,0,0,0,0,0,0,40,1,100,4940,6,14.285714285714286,0,Low-Value Customers,315.14333333333315,0.1367829465593459,0.007358239070027156,0.06114272651804083,0.037698412698412696,0.5656565656565656,0.25,10.829421852820618,Low Priority,43.10623372186743,Low,Low
7119,1982,Graduation,Single,68627.0,0,0,2013-01-12,45,395,15,263,60,54,38,1,2,3,6,1,0,0,0,0,0,0,0,44,0,825,4941,11,68.75,1,Loyal Customers,8077.953733333343,0.04286977234326187,0.19023311768885828,0.10060667492811338,0.3253968253968254,0.5454545454545454,0.75,23.107378558469847,Low Priority,346.3000375474027,Low,Low
3924,1965,PhD,Divorced,57912.0,0,1,2014-03-17,34,801,0,80,0,0,35,5,8,3,12,5,0,1,0,0,0,0,0,61,1,916,4512,23,38.16666666666666,1,Loyal Customers,15589.359133333337,0.04978955541089905,0.3671854429423296,0.08449234212014389,0.3615079365079365,0.6565656565656566,0.75,29.55962070224563,Low Priority,776.1872603895054,Low,Low
5827,1958,Graduation,Divorced,35246.0,1,1,2014-04-16,53,36,0,12,2,2,10,4,3,1,3,5,0,0,0,0,0,0,0,68,2,62,4482,7,7.75,2,Dormant Customers,229.72136666666725,0.10267847537554384,0.005345883881557224,0.05040485099317829,0.02261904761904762,0.46464646464646464,0.5,11.407297325162851,Low Priority,23.58743969051967,Low,Low
5596,1956,2n Cycle,Together,58821.0,0,1,2013-10-12,44,513,14,154,19,0,28,1,9,2,9,6,0,0,0,0,0,0,0,70,1,728,4668,20,34.666666666666664,1,Loyal Customers,8343.733166666696,0.13212267642439826,0.19649430134603205,0.08585939097898143,0.2869047619047619,0.5555555555555556,0.75,25.29845244925193,Low Priority,1102.3963573510237,Low,Low
10812,1978,PhD,Married,46377.0,1,0,2014-03-01,89,37,0,46,4,3,0,1,2,1,3,4,0,0,0,0,0,0,0,48,1,90,4528,6,12.857142857142858,2,Dormant Customers,60.73363333333338,0.03521849614835919,0.0013649015273566377,0.06714480792136386,0.03373015873015873,0.10101010101010088,0.5,7.779952895487999,Low Priority,2.1389472316258606,Low,Low
1717,1988,Graduation,Single,39747.0,1,0,2014-04-13,43,80,15,93,20,13,52,3,5,1,4,8,0,0,0,0,0,0,0,38,1,273,4485,10,24.818181818181817,0,Low-Value Customers,1507.4789333333338,0.4124250300358999,0.035447064751369446,0.05717392350542007,0.10634920634920636,0.5656565656565656,0.25,20.931423002193206,Low Priority,621.7220443584865,Low,Low
9491,1984,Graduation,Together,23976.0,1,0,2013-12-27,68,14,1,21,2,3,25,3,3,1,3,7,0,0,0,0,0,0,0,42,1,66,4592,7,8.25,2,Dormant Customers,167.69193333333266,0.31250435315372693,0.0038846057481084894,0.033455851390208985,0.024206349206349207,0.31313131313131304,0.5,16.754979084708957,Low Priority,52.40445915543102,Low,Low
9274,1961,Master,Married,80950.0,0,0,2013-03-28,44,525,147,112,219,147,63,1,6,7,9,2,0,0,0,1,0,0,0,65,0,1213,4866,22,52.73913043478261,3,Premium VIP Customers,17292.07390000004,0.23676386027380014,0.40729768840908276,0.11913928558537965,0.4793650793650794,0.5555555555555556,1.0,40.48149328459425,Email Nurture Campaign,4094.1381687038356,Low,Low
6609,1966,Graduation,Widow,27038.0,0,0,2012-09-18,64,1,26,25,17,23,15,1,3,0,3,9,0,0,0,0,0,0,1,60,0,107,5057,6,15.285714285714286,2,Dormant Customers,238.68543333333355,0.7663708943407527,0.0055570577373038115,0.03806080585199177,0.04047619047619048,0.3535353535353535,0.5,30.913266245681235,Low Priority,182.92156900977693,Low,Low
6963,1947,Graduation,Single,77457.0,0,0,2014-03-05,85,675,11,400,15,45,11,1,2,5,10,1,0,0,1,0,0,0,0,79,0,1157,4524,17,64.27777777777777,3,Premium VIP Customers,3557.5526,0.0696908050721998,0.08374232814609672,0.11388614844135375,0.45714285714285713,0.14141414141414133,1.0,23.306069045175995,Low Priority,247.92870478069756,Low,Low
4440,1964,Master,Married,64100.0,0,1,2013-09-10,93,509,0,27,0,0,10,1,8,3,6,7,0,1,0,0,0,0,0,62,1,546,4700,17,30.33333333333333,1,Loyal Customers,781.0609666666645,0.2105069900882207,0.018334242121989613,0.09379850090835809,0.2146825396825397,0.06060606060606055,0.75,18.826490373658288,Low Priority,164.41879316839564,Low,Low
1379,1992,Master,Together,42670.0,0,0,2013-04-27,12,154,2,46,20,4,15,1,4,2,4,4,0,0,0,0,0,0,0,34,0,241,4836,10,21.90909090909091,0,Low-Value Customers,2183.5282666666694,0.2236701028372485,0.05137331225751429,0.06156983529241912,0.09365079365079365,0.8787878787878788,0.25,17.165702104468377,Low Priority,488.38999195337294,Low,Low
10032,1976,Graduation,Divorced,12571.0,1,0,2014-01-18,86,3,5,14,2,12,17,4,3,1,3,6,0,0,0,0,0,0,0,50,1,53,4570,7,6.625,2,Dormant Customers,63.36246666666667,0.10181585858919197,0.001426831105946173,0.016303824728996476,0.01904761904761905,0.13131313131313127,0.5,9.202598880424052,Low Priority,6.451303945995724,Low,Low
2826,1967,Graduation,Married,22574.0,2,1,2013-10-28,28,25,0,8,2,0,2,2,2,0,3,7,0,0,0,0,0,0,0,59,3,37,4652,5,6.166666666666667,0,Low-Value Customers,143.88246666666643,0.034192834904535716,0.003323706653285088,0.03134737779274998,0.012698412698412698,0.7171717171717171,0.25,7.7153048009969,Low Priority,4.919749428390689,Low,Low
2437,1989,Graduation,Married,51381.5,0,0,2013-06-03,69,861,138,461,60,30,61,1,6,5,12,3,0,1,0,1,0,0,0,37,0,1611,4799,23,67.125,3,Premium VIP Customers,9820.378333333356,0.28876802326597273,0.23128084020279052,0.07467109616564602,0.6373015873015873,0.303030303030303,1.0,37.42285219039467,Low Priority,2835.811239040661,Low,Low
6320,1976,Master,Single,70893.0,0,0,2013-02-06,42,768,44,561,77,44,14,1,6,6,10,3,0,0,0,0,0,0,0,50,0,1508,4916,22,65.56521739130434,3,Premium VIP Customers,18305.584666666713,0.32484182923680277,0.43117379111964826,0.10401452169832887,0.5964285714285714,0.5757575757575757,1.0,45.54583027789327,Email Nurture Campaign,5946.419608369183,Medium,Low
3050,1966,Graduation,Married,54198.0,1,1,2013-12-17,13,185,0,28,3,2,17,6,3,1,6,4,0,0,0,0,0,0,0,60,2,235,4602,10,21.363636363636363,0,Low-Value Customers,2001.7084,0.24285779964138537,0.04709003283500525,0.0789068421622532,0.09126984126984128,0.8686868686868687,0.25,17.699985358396216,Low Priority,486.1304975476781,Low,Low
231,1956,Master,Together,28839.0,1,1,2014-03-11,86,24,0,7,0,0,1,2,2,0,3,5,0,0,0,0,0,0,0,70,2,32,4518,5,5.333333333333333,2,Dormant Customers,35.646733333333195,0.002890626190500312,0.0007739088898934346,0.040769337199369565,0.010714285714285714,0.13131313131313127,0.5,6.33490936668545,Low Priority,0.10304138097911342,Low,Low
2392,1972,Graduation,Married,40321.0,1,1,2013-07-29,59,44,4,21,6,0,27,2,3,0,3,7,0,0,0,0,0,0,0,54,2,102,4743,6,14.571428571428571,2,Dormant Customers,224.82939999999996,0.11676136759887877,0.0052306398186113936,0.05803716447898745,0.038492063492063494,0.404040404040404,0.5,11.83771483989755,Low Priority,26.251388220435352,Low,Low
9478,1985,Graduation,Single,66503.0,1,0,2012-08-14,30,91,64,128,65,3,50,2,4,3,6,3,0,0,0,0,0,0,0,41,1,401,5092,13,28.642857142857142,1,Loyal Customers,6273.998433333359,0.14349159753111848,0.14773586611083522,0.09741238254508705,0.15714285714285714,0.696969696969697,0.75,23.052939076700827,Low Priority,900.2660581067382,Low,Low
113,1951,Graduation,Married,30833.0,1,1,2013-07-16,33,11,0,7,3,1,6,2,1,0,3,5,0,0,0,0,0,0,0,75,2,28,4756,4,5.6,0,Low-Value Customers,73.96460000000027,0.028785667809743575,0.0016765942389519776,0.04376812204482838,0.009126984126984128,0.6666666666666666,0.25,7.321787177147246,Low Priority,2.1291204052805677,Low,Low
2863,1970,Graduation,Single,51381.5,1,2,2013-08-23,67,738,20,172,52,50,20,6,2,3,10,7,0,1,0,1,0,0,0,56,3,1052,4718,15,65.75,3,Premium VIP Customers,5354.736033333322,0.18929278007496544,0.1260800493181358,0.07467109616564602,0.4154761904761905,0.3232323232323232,1.0,28.056200316753966,Low Priority,1013.6128703172573,Low,Low
1802,1971,Graduation,Married,64795.0,0,1,2013-01-17,23,412,5,119,38,29,77,3,3,3,12,2,0,0,0,0,0,0,0,55,1,680,4936,18,35.78947368421053,1,Loyal Customers,10890.319366666641,0.050676935506191116,0.25648631689459933,0.0948437142822768,0.26785714285714285,0.7676767676767676,0.75,25.51957569608746,Low Priority,551.8880121863895,Low,Low
520,1974,Graduation,Married,34421.0,1,0,2013-07-01,81,3,3,7,6,2,9,1,1,0,2,7,0,0,0,0,0,0,0,52,1,30,4771,3,7.5,2,Dormant Customers,14.766666666666646,0.058042440191777414,0.0002820200686464617,0.04916413008169207,0.00992063492063492,0.18181818181818177,0.5,8.29927554153007,Low Priority,0.857093366831912,Low,Low
8275,1965,PhD,Divorced,47025.0,1,1,2014-02-09,6,16,0,3,0,0,1,1,1,0,2,7,0,0,0,0,0,0,0,61,2,20,4548,3,5.0,0,Low-Value Customers,54.67426666666648,0.017189773579247267,0.0012221560670689952,0.06811933780093121,0.005952380952380952,0.9393939393939394,0.25,8.519806678654213,Low Priority,0.9398382646113831,Low,Low
9750,1961,PhD,Divorced,64325.0,0,1,2013-02-07,41,731,60,353,78,12,73,5,10,3,5,7,0,0,0,0,0,0,0,65,1,1307,4915,18,68.78947368421052,1,Loyal Customers,13661.667833333293,0.6096884413301121,0.32177324113174766,0.09413687933876343,0.5166666666666667,0.5858585858585859,0.75,47.06451219653636,Email Nurture Campaign,8329.360967274706,Medium,Low
2607,1953,Graduation,Single,40464.0,0,1,2013-01-11,78,424,17,118,7,23,41,6,8,2,8,8,0,0,0,0,0,0,0,73,1,630,4942,18,33.1578947368421,1,Loyal Customers,2544.613366666667,0.2532569078026952,0.05987968951407694,0.05825222277031173,0.24801587301587302,0.21212121212121204,0.75,22.257464303050437,Low Priority,644.440912795406,Low,Low
7214,1957,Graduation,Married,62187.0,0,0,2013-07-05,49,792,0,275,45,45,126,1,4,8,5,3,0,0,0,0,0,0,0,69,0,1283,4767,17,71.27777777777777,3,Premium VIP Customers,10582.528433333327,0.4857732368758747,0.2492354339446169,0.0909215322978452,0.5071428571428571,0.505050505050505,1.0,43.09187082998858,Email Nurture Campaign,5140.70909139131,Medium,Low
5835,1976,PhD,Divorced,14849.0,1,0,2013-07-02,39,21,2,28,3,2,9,3,2,0,4,8,0,0,0,0,0,0,0,50,1,65,4770,6,9.285714285714286,0,Low-Value Customers,270.13999999999993,0.26408904221493656,0.006298058710504772,0.019729718348833573,0.023809523809523808,0.606060606060606,0.25,14.196356098697462,Low Priority,71.34101386394295,Low,Low
3896,1984,Graduation,Married,27255.0,1,0,2013-11-07,3,22,1,11,0,1,2,1,1,0,3,7,0,0,0,0,0,0,0,42,1,37,4642,4,7.4,0,Low-Value Customers,142.73819999999986,0.08604916983314928,0.0032967502268117293,0.038387153049316024,0.012698412698412698,0.9696969696969697,0.25,10.60321017125303,Low Priority,12.282503613478017,Low,Low
10350,1950,PhD,Married,54432.0,2,1,2013-05-09,37,33,0,5,0,0,0,1,1,0,3,4,0,0,0,0,0,0,0,76,3,38,4824,4,7.6,0,Low-Value Customers,98.7925999999996,0.012041553752018368,0.0022614877571999837,0.07925875572987476,0.013095238095238096,0.6262626262626263,0.25,7.049420505317,Low Priority,1.189616403201645,Low,Low
7786,1986,PhD,Single,29999.0,1,0,2013-02-13,22,68,7,59,10,5,11,4,3,1,4,8,0,0,0,0,0,0,0,40,1,160,4909,8,17.77777777777778,0,Low-Value Customers,950.7337333333321,0.5297737826579813,0.022331362367137952,0.042513865996125944,0.061507936507936505,0.7777777777777778,0.25,24.29980094722277,Low Priority,503.6738062085438,Low,Low
2861,1983,Graduation,Single,24072.0,1,0,2013-04-16,79,9,1,6,3,0,4,1,1,0,2,8,0,0,0,0,0,0,0,43,1,23,4847,3,5.75,2,Dormant Customers,14.27036666666659,0.12020450761957695,0.00027032832331431544,0.03360022618718193,0.0071428571428571435,0.202020202020202,0.5,10.067491207402423,Low Priority,1.7153623987174809,Low,Low
663,1989,PhD,Single,33996.0,0,0,2013-09-11,46,40,2,15,8,0,6,1,1,1,3,4,0,0,0,0,0,0,0,37,0,71,4699,5,11.833333333333334,0,Low-Value Customers,181.01389999999935,0.06325279228860724,0.004198442221189268,0.04852497082425978,0.02619047619047619,0.5353535353535352,0.25,8.078411563161312,Low Priority,11.44963461805068,Low,Low
10675,1956,PhD,Married,66334.0,0,1,2013-04-03,82,909,11,218,0,0,23,2,9,3,5,5,0,0,0,0,0,0,1,70,1,1161,4860,17,64.5,1,Loyal Customers,3808.5371999999943,0.7816125004185427,0.08965497780454965,0.09715822274624926,0.4587301587301587,0.1717171717171716,0.75,42.3491448136935,Email Nurture Campaign,2976.800283829031,Low,Low
2521,1971,Master,Married,35178.0,1,0,2013-01-10,10,23,1,13,2,2,18,1,1,1,2,7,1,0,0,0,0,0,1,55,1,59,4943,4,11.8,0,Low-Value Customers,216.29996666666756,0.9600066235628086,0.0050297049760548145,0.05030258551198912,0.02142857142857143,0.898989898989899,0.25,36.770493777663866,Low Priority,207.64940067641558,Low,Low
9592,1983,Graduation,Together,22010.0,1,0,2013-06-30,51,11,2,9,3,0,8,2,2,0,3,8,0,0,0,0,0,0,0,43,1,33,4772,5,5.5,0,Low-Value Customers,109.16099999999965,0.07465279734202383,0.0025057446427567266,0.030499175860533946,0.011111111111111112,0.48484848484848475,0.25,7.7106571090578475,Low Priority,8.149174010652636,Low,Low
10151,1960,Graduation,Divorced,62204.0,0,2,2012-09-12,38,317,46,247,151,46,139,1,4,5,12,3,0,0,0,0,0,0,0,66,2,946,5063,21,43.0,3,Premium VIP Customers,13106.943766666644,0.05090258407686417,0.3087051522397907,0.0909470986681425,0.3734126984126984,0.6161616161616161,1.0,30.37970163317963,Low Priority,667.1773070734796,Low,Low
7381,1968,Graduation,Divorced,75693.0,0,0,2012-12-06,10,797,153,293,72,97,30,1,11,4,6,4,0,1,1,1,0,0,1,58,0,1442,4978,21,65.54545454545455,1,Loyal Customers,25387.803066666565,0.9610596897945848,0.5980154069153946,0.11123326154697595,0.5702380952380952,0.898989898989899,0.75,68.43310644029008,Cross-Sell Campaign,24399.194139816576,High,Medium
4099,1972,Graduation,Married,30675.0,1,0,2012-11-12,14,10,2,16,11,2,21,1,1,0,3,8,0,0,0,0,0,0,0,54,1,62,5002,4,12.4,0,Low-Value Customers,176.26086666666617,0.29114495971224863,0.004086471124496688,0.043530505191477074,0.02261904761904762,0.8585858585858586,0.25,16.42446298423214,Low Priority,51.317462924512554,Low,Low
9560,1965,Graduation,Together,83003.0,0,0,2013-03-03,18,856,61,570,40,25,122,1,7,6,8,3,0,0,1,0,0,0,1,61,0,1674,4891,21,76.0909090909091,3,Premium VIP Customers,27871.827400000046,0.9729163776940959,0.6565336013626766,0.1222268007748114,0.6623015873015873,0.8181818181818181,1.0,74.13120027988418,Cross-Sell Campaign,27116.957353723094,High,High
1150,1899,PhD,Together,83532.0,0,0,2013-09-26,36,755,144,562,104,64,224,1,4,6,4,1,0,0,1,0,0,0,0,127,0,1853,4684,14,123.53333333333332,3,Premium VIP Customers,17849.771666666606,0.7317779186337845,0.42043583118597466,0.12302236606229772,0.7333333333333334,0.6363636363636364,1.0,59.978454337033924,Email Nurture Campaign,13062.068758321588,Medium,Medium
10172,1988,Graduation,Single,68655.0,0,0,2012-08-10,95,456,19,832,75,118,38,1,4,5,11,3,0,0,0,0,0,0,0,38,0,1538,5096,20,73.23809523809524,3,Premium VIP Customers,1462.1390333333334,0.1080058347636945,0.03437895561539338,0.10064878424389716,0.6083333333333334,0.04040404040404033,1.0,24.605051755831813,Low Priority,157.919546835748,Low,Low
11191,1986,Graduation,Divorced,41411.0,0,0,2013-12-07,11,37,32,38,11,3,18,1,2,1,4,6,0,0,0,0,0,0,0,40,0,139,4612,7,17.375,0,Low-Value Customers,840.9774000000011,0.477460489614709,0.01974574258490279,0.059676419986284396,0.05317460317460317,0.8888888888888888,0.25,23.25501465791469,Low Priority,401.5334811589055,Low,Low
9707,1969,PhD,Married,55212.0,0,1,2012-11-23,65,1103,0,45,0,0,34,3,4,2,11,8,0,1,0,0,1,0,0,57,1,1182,4991,17,65.66666666666667,1,Loyal Customers,6427.169966666642,0.22621478686825572,0.15134425329573728,0.08043180095527991,0.46706349206349207,0.3434343434343434,0.75,28.354213312596688,Low Priority,1453.9208841755485,Low,Low
6245,1950,PhD,Together,59292.0,0,1,2013-06-13,71,378,14,68,19,14,14,2,3,5,8,3,0,0,0,0,0,0,0,76,1,507,4789,16,29.823529411764707,1,Loyal Customers,2691.5639999999908,0.0451168464460472,0.0633415258657405,0.08656772982662993,0.19920634920634922,0.28282828282828276,0.75,16.021665119856586,Low Priority,121.43487968770818,Low,Low
8234,1973,Basic,Together,27190.0,1,0,2013-08-15,13,1,6,7,0,1,3,1,1,0,2,8,1,0,0,0,0,0,1,53,1,18,4726,3,4.5,0,Low-Value Customers,42.57533333333313,0.7819775687171183,0.000937131591300443,0.03828939928053226,0.005158730158730159,0.8686868686868687,0.25,30.79115029787318,Low Priority,33.292955647320724,Low,Low
1411,1952,Graduation,Divorced,82623.0,0,0,2013-11-10,58,204,34,204,172,153,173,1,2,9,4,1,0,0,0,0,0,0,0,74,0,940,4639,15,58.75,3,Premium VIP Customers,8823.975199999999,0.2738249602389887,0.20780775601362106,0.12165531720346018,0.37103174603174605,0.41414141414141414,1.0,33.30171792079616,Low Priority,2416.2246582898224,Low,Low
8553,1965,Graduation,Married,44300.0,1,1,2013-06-23,65,30,0,9,0,0,3,2,1,0,3,6,0,0,0,0,0,0,0,61,2,42,4779,4,8.4,2,Dormant Customers,56.079199999999815,0.0038185214287620203,0.0012552532315702539,0.06402119903268887,0.014682539682539682,0.3434343434343434,0.5,7.729835042546669,Low Priority,0.2141396269078304,Low,Low
1826,1970,Graduation,Divorced,84835.0,0,0,2014-06-16,0,189,104,379,111,189,218,1,4,4,6,1,0,0,0,0,0,0,1,56,0,1190,4421,14,79.33333333333333,1,Loyal Customers,18357.13749999998,0.92112653692008,0.4323882634115746,0.12498195315037838,0.47023809523809523,1.0,0.75,61.40883497002485,Cross-Sell Campaign,16909.246493140716,High,Medium
8842,1971,Graduation,Widow,30372.0,1,1,2012-12-25,33,15,0,12,7,3,7,3,2,0,3,7,0,0,0,0,0,0,0,55,2,44,4959,5,7.333333333333333,0,Low-Value Customers,156.26560000000038,0.05308986383731206,0.003615426261077421,0.04307482223853123,0.015476190476190477,0.6666666666666666,0.25,8.197383115813187,Low Priority,8.296119426455892,Low,Low
11030,1976,Master,Married,33181.0,1,0,2014-01-03,90,9,0,3,0,0,4,1,1,0,2,6,1,0,0,0,0,0,0,50,1,16,4585,3,4.0,2,Dormant Customers,6.689799999999973,0.015532332348031865,9.174670949200529e-05,0.047299288954124906,0.004365079365079365,0.09090909090909083,0.5,6.4617369062886105,Low Priority,0.10390819694186315,Low,Low
2579,1957,Graduation,Married,71113.0,0,1,2013-12-17,95,495,33,255,11,33,8,4,6,7,9,4,0,0,0,0,0,0,0,69,1,835,4602,22,36.30434782608695,3,Premium VIP Customers,1140.3310666666666,0.06517741021043327,0.02679786193793612,0.10434538060805852,0.32936507936507936,0.04040404040404033,1.0,18.94520836302806,Low Priority,74.32382570783426,Low,Low
175,1986,Graduation,Married,71952.0,1,0,2013-01-10,93,656,80,455,52,107,93,2,8,4,8,4,1,0,1,0,0,0,0,40,1,1443,4943,20,68.71428571428571,3,Premium VIP Customers,1198.690766666666,0.1407119864193232,0.028172689159496403,0.10560715617743663,0.5706349206349206,0.06060606060606055,1.0,24.985165941693065,Low Priority,168.670158880168,Low,Low
9185,1966,PhD,Single,69759.0,0,0,2013-10-28,38,452,20,514,13,30,0,3,4,6,5,3,0,0,0,0,0,0,1,60,0,1029,4652,15,64.3125,3,Premium VIP Customers,11944.14060000003,0.6792818732128555,0.28131204626341016,0.10230909440908599,0.40634920634920635,0.6161616161616161,1.0,49.016954704425004,Email Nurture Campaign,8113.4382006857395,Medium,Low
11056,1974,Graduation,Married,72099.0,0,0,2012-10-27,18,546,91,410,119,0,22,1,3,4,10,1,0,0,0,0,0,0,0,52,0,1188,5018,17,66.0,3,Premium VIP Customers,19836.7278,0.35175945863109137,0.4672441831849216,0.10582823008530144,0.46944444444444444,0.8181818181818181,1.0,46.760967312909166,Email Nurture Campaign,6977.75663194032,Medium,Low
9365,1976,PhD,Single,60000.0,0,1,2012-12-22,57,1048,0,217,0,0,12,5,11,3,5,6,0,0,0,0,0,0,0,50,1,1277,4962,19,63.85,1,Loyal Customers,7970.154500000003,0.48607702593398716,0.18769360291325105,0.08763249395430538,0.5047619047619047,0.4242424242424242,0.75,38.2820844976009,Low Priority,3874.108995594386,Low,Low
6201,1978,Graduation,Single,38643.0,1,1,2013-11-29,45,22,2,14,0,1,10,2,2,0,3,7,0,0,0,0,0,1,0,48,2,49,4620,5,8.166666666666666,0,Low-Value Customers,143.18433333333329,0.015617696872312459,0.003307260154914722,0.05551361334023124,0.01746031746031746,0.5454545454545454,0.25,6.612062333396616,Low Priority,2.236209514864144,Low,Low
2061,1955,Graduation,Married,50737.0,0,1,2013-05-11,61,78,0,11,0,0,10,1,2,0,4,6,0,1,0,0,0,0,0,71,1,99,4822,6,14.142857142857142,2,Dormant Customers,237.0742333333344,0.07756512683436301,0.005519101380102236,0.07370182995055163,0.0373015873015873,0.38383838383838376,0.5,10.708260874655203,Low Priority,18.388692977659453,Low,Low
6184,1969,PhD,Married,68462.0,0,0,2012-12-12,6,561,64,785,84,128,48,1,3,3,8,1,0,0,0,0,0,0,0,57,0,1670,4972,14,111.33333333333331,3,Premium VIP Customers,19825.716400000067,0.5270005733700733,0.4669847786220572,0.10035853074581613,0.6607142857142857,0.9393939393939394,1.0,55.43082984990606,Email Nurture Campaign,10448.163910272502,Medium,Medium
6142,1943,Master,Married,65073.0,0,0,2013-08-20,65,629,17,177,69,0,8,1,5,3,5,2,0,0,0,0,0,1,0,83,0,900,4721,13,64.28571428571429,1,Loyal Customers,4753.529033333332,0.14758648527462714,0.11191692391837212,0.09526179963184427,0.3551587301587302,0.3434343434343434,0.75,23.282272941661088,Low Priority,701.5566426805625,Low,Low
4107,1948,PhD,Together,46681.0,0,2,2013-10-08,52,269,15,69,15,19,38,2,4,6,4,5,0,0,0,0,0,0,0,78,2,425,4672,14,28.33333333333333,1,Loyal Customers,3050.9123333333337,0.20521948375853166,0.07180698868835617,0.06760199477844485,0.16666666666666669,0.4747474747474747,0.75,21.36055149492846,Low Priority,626.106654039204,Low,Low
7274,1957,Graduation,Married,78618.0,0,0,2012-09-28,87,736,163,818,212,163,61,1,4,7,10,2,0,1,0,0,0,0,0,69,0,2153,5047,21,97.86363636363636,3,Premium VIP Customers,3383.3300999999988,0.3271887760658702,0.07963802610876118,0.11563218114224527,0.8523809523809524,0.1212121212121211,1.0,36.752900768436284,Low Priority,1106.9876344458178,Low,Low
9336,1969,PhD,Widow,62187.0,0,1,2014-03-22,38,512,0,83,0,0,41,3,6,2,10,4,0,0,0,0,0,0,0,57,1,636,4507,18,33.473684210526315,1,Loyal Customers,7808.819699999999,0.07646044517787452,0.18389290697367303,0.0909215322978452,0.2503968253968254,0.6161616161616161,0.75,23.056576349285343,Low Priority,597.0658305757565,Low,Low
2958,1978,Graduation,Married,28442.0,2,0,2014-02-24,53,19,3,10,11,8,6,3,2,1,4,4,0,0,0,0,0,0,0,48,2,57,4533,7,7.125,0,Low-Value Customers,239.3987666666661,0.06841436905295296,0.0055738623145156875,0.04017228725772105,0.020634920634920634,0.46464646464646464,0.25,7.754125946357402,Low Priority,16.378315573555067,Low,Low
933,1978,PhD,Married,37717.0,1,0,2012-11-23,31,9,0,6,4,1,5,1,1,0,2,9,0,0,0,0,0,0,0,48,1,25,4991,3,6.25,0,Low-Value Customers,51.6897,0.15963324950300373,0.0011518461871708023,0.054120998111096406,0.007936507936507936,0.6868686868686869,0.25,11.418153905207253,Low Priority,8.251394776835411,Low,Low
5837,1967,Graduation,Married,51479.0,1,1,2012-12-28,67,247,8,160,6,8,65,7,6,3,6,7,0,0,0,0,0,0,0,59,2,494,4956,15,30.875,1,Loyal Customers,2831.081133333343,0.31572673065078005,0.06662824517342629,0.07481772681882166,0.19404761904761905,0.3232323232323232,0.75,24.245702444790307,Low Priority,893.8479904344415,Low,Low
10704,1969,Graduation,Single,54803.0,0,1,2012-08-21,65,404,0,92,28,27,142,2,6,2,9,4,0,0,0,0,0,0,0,57,1,693,5085,17,38.5,1,Loyal Customers,4098.1317333333345,0.0787107905379848,0.09647719326559087,0.07981670416400977,0.27301587301587305,0.3434343434343434,0.75,19.36621636815718,Low Priority,322.5671884594687,Low,Low
5125,1960,Graduation,Married,79530.0,0,0,2013-05-17,64,333,0,815,129,42,29,1,4,10,11,2,0,0,0,0,0,0,0,66,0,1348,4816,25,51.84615384615385,3,Premium VIP Customers,12642.972966666666,0.40386742508981555,0.2977750123341867,0.11700374171348821,0.5329365079365079,0.3535353535353535,1.0,41.98103492657933,Email Nurture Campaign,5106.084937527813,Medium,Low
4432,1976,Graduation,Divorced,31615.0,1,0,2013-03-16,82,2,3,20,6,11,9,2,2,0,3,7,0,0,0,0,0,0,0,50,1,51,4878,5,8.5,2,Dormant Customers,59.28499999999989,0.020973843794006183,0.0013307748861859923,0.0449441750785038,0.018253968253968255,0.1717171717171716,0.5,7.250975693586185,Low Priority,1.2434343293276542,Low,Low
5955,1962,Graduation,Together,72025.0,0,0,2012-11-17,27,833,33,549,151,133,233,1,4,3,8,3,0,0,0,0,0,0,0,64,0,1932,4997,15,120.75,3,Premium VIP Customers,10606.040466666664,0.5506231446405978,0.2497893261589515,0.10571694117930147,0.7646825396825397,0.7272727272727273,1.0,50.17614526738122,Email Nurture Campaign,5839.931353941432,Medium,Low
2928,1975,PhD,Single,52614.0,0,1,2012-12-01,63,789,0,142,12,9,38,2,2,4,8,8,0,0,0,0,0,0,0,51,1,990,4983,14,66.0,3,Premium VIP Customers,5006.374999999976,0.12662196436030435,0.11787342331495966,0.07652465801219967,0.39087301587301587,0.36363636363636354,1.0,25.781385266656976,Low Priority,633.9170368243157,Low,Low
5680,1984,2n Cycle,Married,35684.0,1,0,2014-04-22,66,10,4,7,0,6,3,1,1,0,3,6,0,0,0,0,0,0,0,42,1,30,4476,4,6.0,2,Dormant Customers,43.22826666666659,0.03784400328711863,0.0009525132762736514,0.05106356100436734,0.00992063492063492,0.33333333333333326,0.5,8.490007297421633,Low Priority,1.6359306658297712,Low,Low
10313,1975,Graduation,Married,48178.0,1,1,2012-10-28,69,159,4,45,6,2,38,6,5,1,4,8,0,0,0,0,0,0,0,51,2,254,5017,10,23.09090909090909,2,Dormant Customers,871.8691999999972,0.2572867730443745,0.02047348600310047,0.06985333926874165,0.09880952380952382,0.303030303030303,0.5,17.028635536406036,Low Priority,224.32041298477964,Low,Low
2557,1970,Master,Single,29548.0,1,0,2013-08-29,52,7,1,6,3,1,11,1,1,1,2,4,1,0,0,0,0,0,0,56,1,29,4712,4,5.8,0,Low-Value Customers,76.20500000000013,0.13733426790576292,0.0017293731755672016,0.04183560523118014,0.009523809523809525,0.4747474747474747,0.25,9.606859801346221,Low Priority,10.465557885758681,Low,Low
1245,1966,Graduation,Single,63810.0,0,1,2012-11-11,45,977,12,253,16,12,101,4,4,3,12,8,0,1,0,0,0,0,0,60,1,1371,5003,19,68.55,3,Premium VIP Customers,14242.647100000075,0.1406472981882341,0.3354598452605494,0.093362368709169,0.542063492063492,0.5454545454545454,1.0,36.075063098780305,Low Priority,2003.1898336634981,Low,Low
1519,1972,PhD,Single,38578.0,1,1,2013-06-22,2,38,4,22,3,3,3,3,3,0,3,8,0,0,0,0,0,0,1,54,2,73,4780,6,10.428571428571429,0,Low-Value Customers,479.249700000001,0.2826872104965951,0.011224227074158268,0.05541585957144748,0.026984126984126985,0.9797979797979798,0.25,17.175253526588882,Low Priority,135.47776082433035,Low,Low
10703,1975,Master,Single,46098.0,1,1,2012-08-18,86,57,0,27,0,0,36,4,3,2,2,8,0,0,0,0,0,0,0,51,2,120,5088,7,15.0,2,Dormant Customers,122.28133333333264,0.7188905562274875,0.002814831074362975,0.06672521866766125,0.04563492063492063,0.13131313131313127,0.5,28.659503271821592,Low Priority,87.90689573623831,Low,Low
1726,1970,Graduation,Single,22585.0,0,0,2013-03-18,23,3,9,15,13,2,39,1,1,1,2,9,1,0,0,0,0,0,1,56,0,81,4876,4,16.2,0,Low-Value Customers,190.97370000000075,0.9032520518975007,0.004433073382098219,0.03136392073823646,0.030158730158730156,0.7676767676767676,0.25,34.334957756535125,Low Priority,172.4973863834584,Low,Low
4459,1989,Graduation,Single,30279.0,1,0,2012-12-30,13,10,4,14,4,4,1,1,1,0,3,8,0,0,0,0,0,0,0,37,1,37,4954,4,7.4,0,Low-Value Customers,132.59573333333313,0.12198200373793905,0.0030578158377195758,0.04293495915396369,0.012698412698412698,0.8686868686868687,0.25,11.21445471271993,Low Priority,16.17429323910141,Low,Low
1729,1961,PhD,Together,66426.0,0,1,2013-10-02,14,1043,24,97,32,24,157,2,3,5,10,6,0,0,0,0,0,0,0,65,1,1377,4678,18,72.47368421052632,3,Premium VIP Customers,20293.71223333331,0.30319553038649366,0.4780097395324686,0.09729658192668167,0.5444444444444444,0.8585858585858586,1.0,46.86871987643164,Email Nurture Campaign,6152.962844096368,Medium,Low
1517,1969,Graduation,Single,30822.0,1,0,2013-06-14,92,3,9,13,2,12,12,1,1,0,3,7,0,0,0,0,0,0,0,57,1,51,4788,4,10.2,2,Dormant Customers,13.869933333333384,0.017258705814615957,0.00026089498751775346,0.043751579099341895,0.018253968253968255,0.07070707070707061,0.5,6.5904486924023065,Low Priority,0.23937709906833654,Low,Low
2098,1969,PhD,Married,33581.0,2,0,2013-01-08,38,11,0,5,0,0,1,1,1,0,2,8,0,0,0,0,0,0,0,57,2,17,4945,3,4.25,0,Low-Value Customers,33.04740000000003,0.17274481530447744,0.0007126742669502819,0.047900850608178835,0.004761904761904762,0.6161616161616161,0.25,11.334969845461274,Low Priority,5.708767009293193,Low,Low
9543,1985,Graduation,Married,19986.0,1,0,2013-11-14,74,3,6,5,0,2,6,1,0,0,3,7,0,0,0,0,0,0,0,41,1,22,4635,3,5.5,2,Dormant Customers,18.61059999999994,0.015881058429774202,0.0003725747525212868,0.027455273891021093,0.006746031746031746,0.2525252525252525,0.5,7.125978473195815,Low Priority,0.29555602601315484,Low,Low
6878,1954,Graduation,Widow,27421.0,0,0,2012-12-12,14,43,12,96,78,40,55,3,4,1,6,7,0,0,0,0,0,0,0,72,0,324,4972,11,27.0,0,Low-Value Customers,2464.4836666666606,0.3875182042733,0.057992008583306755,0.038636801135748404,0.12658730158730158,0.8585858585858586,0.25,22.443413213794507,Low Priority,955.0322849675424,Low,Low
3310,1973,2n Cycle,Married,35688.0,2,1,2012-08-22,94,73,3,90,12,1,32,7,4,1,4,8,0,0,0,0,0,0,0,53,3,211,5084,9,21.1,2,Dormant Customers,151.28276666666676,0.13496404048113822,0.0034980415776886256,0.05106957662090788,0.08174603174603173,0.050505050505050386,0.5,11.143273956689612,Low Priority,20.4177334444986,Low,Low
2724,1981,Master,Single,36143.0,1,0,2014-03-30,33,12,0,1,0,0,6,1,0,1,2,3,0,0,0,0,0,0,0,45,1,19,4499,3,4.75,0,Low-Value Customers,73.83579999999982,0.16949962085656511,0.0016735599919264173,0.05175385300239421,0.005555555555555556,0.6666666666666666,0.25,11.569400622145354,Low Priority,12.51514010564114,Low,Low
948,1971,Graduation,Single,10245.0,1,0,2013-05-15,32,4,7,7,6,4,13,3,1,2,2,5,0,0,0,0,0,0,0,55,1,41,4818,5,6.833333333333333,0,Low-Value Customers,145.92406666666724,0.3118680860649234,0.0033718022955782907,0.012805743710672906,0.014285714285714287,0.6767676767676767,0.25,15.683378186045877,Low Priority,45.509059382143796,Low,Low
6720,1968,Master,Together,43795.0,0,1,2013-10-16,11,314,11,53,4,3,107,3,7,3,4,7,0,1,0,0,0,0,1,58,1,492,4664,14,32.8,1,Loyal Customers,6309.068933333339,0.7617322609627991,0.1485620505852877,0.06326172744444578,0.19325396825396826,0.8888888888888888,0.75,42.78470058914103,Email Nurture Campaign,4805.82134315816,Low,Low
6202,1960,Graduation,Together,63381.0,0,1,2012-10-05,78,571,50,142,33,50,159,4,4,5,13,2,0,0,0,0,0,0,0,66,1,1005,5040,22,43.69565217391305,3,Premium VIP Customers,5078.899499999986,0.04074797493768876,0.11958194232431137,0.09271719383519617,0.39682539682539686,0.21212121212121204,1.0,22.750056469198977,Low Priority,206.9548695370394,Low,Low
2066,1949,Graduation,Together,38823.0,0,1,2012-08-30,56,70,0,11,2,8,23,1,2,1,3,6,0,0,0,0,0,0,0,77,1,114,5076,6,16.285714285714285,2,Dormant Customers,304.52450000000096,0.11837589005043449,0.007108082521452078,0.05578431608455551,0.04325396825396825,0.43434343434343425,0.5,12.142889033528848,Low Priority,36.04835872966365,Low,Low
9799,1968,PhD,Divorced,83664.0,1,1,2013-05-08,57,866,21,151,28,21,86,3,2,2,12,5,0,0,0,0,0,0,0,58,2,1173,4825,16,69.0,3,Premium VIP Customers,8804.664300000019,0.21329033762709296,0.20735283333593763,0.12322088140813553,0.4634920634920635,0.4242424242424242,1.0,32.92509701656535,Low Priority,1877.9498212402161,Low,Low
8318,1979,Graduation,Together,90300.0,0,0,2014-01-03,7,594,134,786,33,134,57,0,5,6,8,1,0,0,1,0,0,0,0,47,0,1738,4585,19,86.9,3,Premium VIP Customers,28503.661566666655,0.6438548927509649,0.6714182359965956,0.13320078924889012,0.6876984126984127,0.9292929292929293,1.0,65.75214259185654,Cross-Sell Campaign,18352.22196101596,High,Medium
5642,1979,Master,Together,62499.0,1,0,2013-12-09,0,140,4,61,0,13,4,2,3,1,6,4,0,0,0,0,0,0,0,47,1,222,4610,10,20.181818181818183,0,Low-Value Customers,2586.0116000000003,0.24169509587936613,0.06085494158204802,0.09139075038800727,0.08611111111111111,1.0,0.25,18.782075294389166,Low Priority,625.0263216071531,Low,Low
2669,1993,Graduation,Single,74293.0,0,0,2014-05-04,66,375,152,335,93,91,81,1,5,4,6,2,0,0,0,0,0,0,0,33,0,1127,4464,15,70.4375,3,Premium VIP Customers,5846.831833333307,0.2582793648935419,0.1376727528696529,0.10912779575778721,0.44523809523809527,0.33333333333333326,1.0,31.315079585711807,Low Priority,1510.1160125526699,Low,Low
455,1946,PhD,Married,51012.0,0,0,2013-04-18,86,102,9,63,2,9,24,1,4,1,4,6,0,0,0,0,0,0,0,80,0,209,4845,9,20.9,2,Dormant Customers,294.9480666666648,0.08059511423568207,0.006882482642903559,0.07411540358771371,0.08095238095238094,0.13131313131313127,0.5,10.236333313086076,Low Priority,23.771373126593417,Low,Low
7683,1968,Master,Married,70777.0,0,1,2014-02-25,80,554,35,113,0,7,78,3,5,3,12,3,0,0,0,0,0,0,0,58,1,787,4532,20,37.47619047619048,1,Loyal Customers,3766.4405333333316,0.05299131957344973,0.08866327217086274,0.10384006881865322,0.3103174603174603,0.19191919191919182,0.75,18.402396304873772,Low Priority,199.588653956261,Low,Low
3428,1991,PhD,Together,68682.0,0,0,2013-10-06,56,919,0,505,99,30,45,1,4,9,10,2,0,0,0,0,0,0,0,35,0,1598,4674,23,66.58333333333333,3,Premium VIP Customers,15802.182999999892,0.3123470841790839,0.3721991089702718,0.1006893896555458,0.6321428571428571,0.43434343434343425,1.0,43.19713971989615,Email Nurture Campaign,4935.765783714255,Low,Low
7414,1971,Graduation,Married,43824.0,1,1,2012-09-15,18,96,1,42,12,3,32,4,3,1,4,8,0,0,0,0,0,0,0,55,2,186,5060,8,20.666666666666668,0,Low-Value Customers,1141.052133333332,0.5911500170980037,0.026814848695611217,0.06330534066436469,0.07182539682539682,0.8181818181818181,0.25,26.840289423742135,Low Priority,674.5329881297129,Low,Low
6354,1984,Graduation,Together,15345.0,1,0,2012-08-31,51,5,2,16,3,2,19,2,1,1,2,8,0,0,0,0,0,0,1,42,1,47,5075,4,9.4,0,Low-Value Customers,92.76029999999982,0.8810748522085613,0.002119379928533663,0.020475654799860438,0.016666666666666666,0.48484848484848475,0.25,31.87482593635388,Low Priority,81.72876761332165,Low,Low
798,1987,Graduation,Single,23442.0,1,0,2012-12-24,71,2,0,6,8,6,5,1,1,0,3,7,0,0,0,0,0,0,0,39,1,27,4960,4,5.4,2,Dormant Customers,35.469733333333224,0.03892917877291567,0.0007697391560151567,0.032652766582046994,0.00873015873015873,0.28282828282828276,0.5,8.06258899878219,Low Priority,1.380807589960975,Low,Low
8213,1980,2n Cycle,Together,14515.0,1,0,2012-11-09,71,6,4,9,6,36,35,4,2,2,3,7,0,0,0,0,0,0,1,46,1,96,5005,7,12.0,2,Dormant Customers,189.19769999999937,0.7556266022425064,0.004391234696404274,0.019227414367698547,0.036111111111111115,0.28282828282828276,0.5,29.948617332652383,Low Priority,142.9628152030966,Low,Low
2488,1956,2n Cycle,Divorced,31395.0,1,1,2013-03-23,80,23,1,25,0,8,7,4,2,1,3,6,0,0,0,0,0,0,0,70,2,64,4871,6,9.142857142857142,2,Dormant Customers,88.63696666666642,0.052220541102028076,0.002022243190163971,0.04461331616877414,0.023412698412698413,0.19191919191919182,0.5,8.384203126239937,Low Priority,4.628670360975747,Low,Low
9999,1965,Graduation,Together,75276.0,0,0,2012-09-27,2,610,105,125,137,42,21,1,9,4,9,5,0,0,0,0,0,0,0,61,0,1040,5048,22,45.21739130434783,1,Loyal Customers,22400.620833333378,0.4140053713171095,0.5276439099723371,0.11060613352262473,0.4107142857142857,0.9797979797979798,0.75,47.91524395861383,Email Nurture Campaign,9273.977345837964,Medium,Low
7617,1974,Graduation,Single,42373.0,1,1,2013-08-15,83,67,5,61,3,8,19,5,2,1,5,5,0,0,0,0,0,0,0,52,2,163,4726,8,18.11111111111111,2,Dormant Customers,284.54433333333355,0.10122843734672561,0.006637393381092446,0.06112317576428408,0.0626984126984127,0.16161616161616155,0.5,10.59576367803438,Low Priority,28.803978219199163,Low,Low
615,1960,Graduation,Together,30507.0,0,0,2013-03-11,29,65,36,74,38,20,110,1,5,1,4,7,0,0,0,0,0,0,0,66,0,343,4883,10,31.181818181818183,0,Low-Value Customers,2152.8362666666676,0.35059387444745166,0.050650275691457046,0.043277849296774425,0.13412698412698412,0.7070707070707071,0.25,20.517361294393304,Low Priority,754.7712077816542,Low,Low
2552,1955,PhD,Single,55521.0,1,2,2013-10-22,11,416,0,26,0,0,4,9,6,3,6,7,0,1,0,0,0,0,1,71,3,446,4658,15,27.875,1,Loyal Customers,6246.371833333355,0.8568851338041734,0.1470850436816733,0.08089650733303656,0.17500000000000002,0.8888888888888888,0.75,45.497514842350206,Email Nurture Campaign,5352.4231641964725,Medium,Low
194,1965,Graduation,Married,48006.0,1,1,2014-06-09,55,23,0,11,3,2,2,1,1,0,3,6,0,0,0,0,0,0,0,61,2,41,4428,4,8.2,2,Dormant Customers,70.93209999999976,0.0046453473830243225,0.0016051551542859786,0.06959466775749847,0.014285714285714287,0.4444444444444444,0.5,8.31996969020223,Low Priority,0.32950424510741844,Low,Low
3645,1972,PhD,Single,27213.0,1,0,2012-08-30,19,19,3,26,10,9,3,3,2,0,4,8,0,0,0,0,0,0,1,54,1,70,5076,6,10.0,0,Low-Value Customers,359.2775333333339,0.8309819703088046,0.00839794454421204,0.038323989075640365,0.025793650793650792,0.8080808080808081,0.25,32.491946138655706,Low Priority,298.55315253702105,Low,Low
8890,1971,PhD,Divorced,65808.0,1,1,2014-05-30,1,155,7,80,13,7,10,3,5,1,5,6,0,0,0,0,0,0,0,55,2,272,4438,11,22.666666666666668,0,Low-Value Customers,3165.851099999989,0.32314424202656217,0.07451469529455677,0.09636716917116835,0.10595238095238096,0.98989898989899,0.25,21.932220475125916,Low Priority,1023.0265540784545,Low,Low
5049,1974,PhD,Together,30351.0,1,0,2013-06-06,19,14,0,24,3,3,2,1,3,0,2,9,0,0,0,0,0,0,0,52,1,46,4796,5,7.666666666666667,0,Low-Value Customers,293.0458666666678,0.33394850108008517,0.006837670960512322,0.0430432402516934,0.01626984126984127,0.8080808080808081,0.25,17.43846922318652,Low Priority,97.8622279210482,Low,Low
9973,1963,Graduation,Married,50437.0,0,2,2012-10-17,28,370,9,92,6,9,4,3,7,1,8,7,0,0,0,0,0,0,0,63,2,490,5028,16,28.823529411764707,1,Loyal Customers,6852.4475999999995,0.3102057929796957,0.1613628666029928,0.07325065871001119,0.19246031746031747,0.7171717171717171,0.75,28.852329722344116,Low Priority,2125.6689416098125,Low,Low
7301,1982,2n Cycle,Single,23616.0,1,0,2012-11-17,76,4,22,11,3,7,32,2,3,0,3,8,0,0,0,0,0,0,1,44,1,79,4997,6,11.285714285714286,2,Dormant Customers,84.28246666666658,0.6478093646842678,0.0019196606694127656,0.03291444590156045,0.029365079365079365,0.23232323232323226,0.5,26.423107571718376,Low Priority,54.59897118535625,Low,Low
10882,1976,Graduation,Married,53858.0,0,1,2012-11-09,50,407,53,221,58,150,26,4,4,3,6,4,0,0,0,0,0,0,0,50,1,915,5005,13,65.35714285714286,1,Loyal Customers,5076.769600000001,0.11324757626108296,0.11953176652664312,0.07839551475630738,0.3611111111111111,0.4949494949494949,0.75,23.158749572608997,Low Priority,574.9318524359478,Low,Low
7030,1955,PhD,Married,66465.0,0,1,2013-03-30,1,1200,0,204,38,29,14,3,11,9,12,6,0,0,0,1,0,0,0,71,1,1485,4864,32,45.0,3,Premium VIP Customers,40379.20416666677,0.2934000117203563,0.9511801134099325,0.09735523418795192,0.5873015873015873,0.98989898989899,1.0,62.069974854806944,Email Nurture Campaign,11847.25897575869,Medium,Medium
7422,1987,Graduation,Single,46923.0,1,0,2012-08-22,90,85,44,54,102,78,6,3,5,1,7,7,0,0,0,0,0,0,0,39,1,369,5084,13,26.357142857142858,2,Dormant Customers,708.4937000000028,0.1319369764106341,0.016624715623266152,0.06796593957914747,0.14444444444444446,0.09090909090909083,0.5,12.757722278020603,Low Priority,93.47651658398324,Low,Low
3523,1962,Graduation,Together,75072.0,0,1,2013-01-23,83,583,34,309,0,22,125,2,5,4,8,3,0,0,0,0,0,0,0,64,1,1073,4930,17,59.61111111111112,3,Premium VIP Customers,3046.178599999997,0.10704522791619954,0.07169547225756097,0.11029933707905723,0.4238095238095238,0.16161616161616155,1.0,23.630438041227052,Low Priority,326.0788825104493,Low,Low
7106,1943,PhD,Married,75865.0,0,0,2014-03-31,73,483,0,591,156,0,12,1,3,5,10,1,0,0,0,0,0,0,0,83,0,1242,4498,18,65.36842105263158,3,Premium VIP Customers,7002.834600000032,0.1811025870167672,0.1649056562569635,0.11149193305821914,0.4908730158730159,0.26262626262626254,1.0,30.17139318002066,Low Priority,1268.231462510534,Low,Low
6504,1975,2n Cycle,Together,19789.0,1,0,2013-11-20,24,2,5,9,28,6,28,3,2,1,3,5,1,0,0,0,0,0,0,51,1,78,4629,6,11.142857142857142,0,Low-Value Customers,380.6888666666668,0.2522862154095806,0.008902348849178779,0.027159004776399532,0.02896825396825397,0.7575757575757576,0.25,14.829649572929373,Low Priority,96.04255341989582,Low,Low
5067,1994,Graduation,Together,80134.0,0,0,2014-02-14,11,966,26,282,52,26,26,1,2,7,11,5,0,1,1,1,1,0,0,32,0,1378,4543,20,65.61904761904762,3,Premium VIP Customers,25598.077633333378,0.3959142583463072,0.6029690169965864,0.11791209981110964,0.5448412698412698,0.8888888888888888,1.0,53.76268275046139,Email Nurture Campaign,10134.64392129238,Medium,Low
4216,1981,Graduation,Single,91065.0,0,0,2013-02-22,33,822,114,108,179,137,114,1,7,9,9,3,0,0,1,1,0,0,1,45,0,1474,4900,25,56.69230769230769,3,Premium VIP Customers,25718.507666666665,0.9617306769744811,0.6058060858663719,0.13435127591226825,0.582936507936508,0.6666666666666666,1.0,70.44699659672922,Cross-Sell Campaign,24734.277789036714,High,High
8581,1971,Master,Married,49505.0,1,1,2013-03-05,4,604,0,100,19,0,28,9,10,2,8,8,0,0,0,0,0,0,0,55,2,751,4889,20,35.76190476190476,1,Loyal Customers,13862.812566666724,0.6285982020626674,0.3265117722561415,0.07184902005606554,0.29603174603174603,0.9595959595959596,0.75,46.11024541858091,Email Nurture Campaign,8714.139054938454,Medium,Low
5929,1973,PhD,Married,37401.0,1,0,2014-05-06,14,19,3,19,3,1,3,2,2,0,3,7,0,0,0,0,0,0,0,53,1,48,4462,5,8.0,0,Low-Value Customers,234.46553333333392,0.15147488600199718,0.005457646098925585,0.05364576440439381,0.017063492063492065,0.8585858585858586,0.25,12.293315280953296,Low Priority,35.51563993306423,Low,Low
3129,1983,Graduation,Married,30096.0,1,0,2014-05-22,30,5,3,11,12,5,9,1,2,0,3,6,0,0,0,0,0,0,0,43,1,45,4446,5,7.5,0,Low-Value Customers,164.86483333333328,0.02826942321137221,0.003818005439366802,0.04265974469723402,0.015873015873015872,0.696969696969697,0.25,7.612164029438234,Low Priority,4.660633746172342,Low,Low
6528,1982,Master,Together,18492.0,1,0,2014-06-05,75,2,2,2,2,1,1,1,1,0,2,8,0,0,0,0,0,0,0,44,1,10,4432,3,2.5,2,Dormant Customers,14.566299999999982,0.095693976246869,0.000277299867075401,0.025208441113129684,0.001984126984126984,0.24242424242424232,0.5,9.373105811432746,Low Priority,1.3939071662047662,Low,Low
1361,1974,Master,Married,82584.0,0,0,2013-06-04,26,1076,68,103,29,91,68,1,3,4,8,1,0,1,1,0,0,0,1,52,0,1435,4798,15,89.6875,3,Premium VIP Customers,16489.398033333327,0.8657674241240907,0.3883883960106828,0.12159666494218992,0.5674603174603174,0.7373737373737373,1.0,61.039414702238545,Cross-Sell Campaign,14275.983660675842,Medium,Medium
6932,1941,PhD,Married,93027.0,0,0,2013-04-13,77,1285,42,716,55,0,21,0,7,10,5,2,0,0,1,0,0,0,0,85,0,2119,4850,22,92.1304347826087,3,Premium VIP Customers,9473.235966666662,0.5577997062076702,0.2231029233277854,0.13730193582540273,0.8388888888888889,0.2222222222222222,1.0,48.49454268876214,Email Nurture Campaign,5284.1682390425985,Medium,Low
7284,1953,Graduation,Married,48686.0,1,2,2013-12-04,8,10,0,7,2,0,1,1,1,0,2,8,0,0,0,0,0,0,0,73,3,20,4615,3,5.0,0,Low-Value Customers,54.04813333333347,0.10671724756724756,0.0012074057316321693,0.07061732256939014,0.005952380952380952,0.9191919191919192,0.25,11.129158134905603,Low Priority,5.7678680254809525,Low,Low
1340,1986,Graduation,Married,92910.0,0,0,2014-04-24,42,551,137,792,179,103,33,1,6,7,13,1,0,1,1,1,0,0,0,40,0,1795,4474,26,66.48148148148148,3,Premium VIP Customers,27212.26560000001,0.452332873159977,0.6409957641746623,0.13712597904159196,0.7103174603174603,0.5757575757575757,1.0,57.70466869400488,Email Nurture Campaign,12309.002284040409,Medium,Medium
8746,1989,Graduation,Married,75433.0,1,0,2014-04-05,28,800,0,297,0,34,57,2,2,5,10,6,0,1,0,1,0,0,0,37,1,1188,4493,17,66.0,3,Premium VIP Customers,16083.13933333339,0.28525987608154346,0.37881782728336566,0.11084224647184089,0.46944444444444444,0.7171717171717171,1.0,41.65827881819094,Email Nurture Campaign,4587.8743332288805,Low,Low
5987,1989,2n Cycle,Together,10404.0,1,0,2014-05-04,52,2,2,11,10,6,12,2,1,0,4,5,0,0,0,0,0,0,0,37,1,43,4464,5,7.166666666666667,0,Low-Value Customers,112.19360000000025,0.039332187416783675,0.00257718608320458,0.01304486446815934,0.015079365079365078,0.4747474747474747,0.25,6.487657699609091,Low Priority,4.41281970216367,Low,Low
3767,1968,Graduation,Married,61314.0,0,1,2013-04-25,1,378,0,189,97,172,172,2,5,5,12,3,0,0,0,0,0,0,0,58,1,1008,4838,22,43.82608695652174,1,Loyal Customers,20188.182433333426,0.12239665822579292,0.47552368765547726,0.08960862398787252,0.39801587301587305,0.98989898989899,0.75,37.25342966104988,Low Priority,2470.966065492668,Low,Low
3725,1961,PhD,Single,84865.0,0,0,2013-05-09,1,1248,16,349,43,16,16,1,2,4,9,4,0,1,1,1,1,0,1,65,0,1688,4824,15,105.5,3,Premium VIP Customers,22780.460266666632,0.9231103961825401,0.5365920984100535,0.1250270702744324,0.6678571428571428,0.98989898989899,1.0,70.00869763287423,Cross-Sell Campaign,21028.87970198325,High,High
4324,1989,Graduation,Married,42387.0,1,0,2012-10-29,42,235,0,235,19,4,191,5,8,1,7,8,0,0,0,0,0,0,0,37,1,684,5016,16,40.23529411764706,1,Loyal Customers,6542.698433333348,0.2722421483693131,0.15406585194752112,0.06114423042217597,0.26944444444444443,0.5757575757575757,0.75,27.821136859181333,Low Priority,1781.1982776232096,Low,Low
238,1967,2n Cycle,Together,67309.0,1,1,2013-01-23,76,515,47,181,149,95,95,15,9,6,9,7,0,0,0,0,0,0,0,59,2,1082,4930,24,43.28,3,Premium VIP Customers,6426.500133333332,0.19094604016661504,0.15132847348363163,0.0986245292780057,0.42738095238095236,0.23232323232323226,1.0,28.826811149617903,Low Priority,1227.1147525902234,Low,Low
6694,1964,Graduation,Married,75236.0,0,1,2013-11-25,27,438,66,400,12,38,114,1,8,3,13,4,0,0,0,0,0,0,0,62,1,1068,4624,24,42.72,1,Loyal Customers,17391.532300000013,0.09819586373569521,0.4096407113467057,0.11054597735721934,0.4218253968253968,0.7272727272727273,0.75,33.80430161478881,Low Priority,1707.7765358857432,Low,Low
498,1970,Graduation,Single,30015.0,1,0,2014-02-02,28,25,0,22,2,3,5,2,1,0,4,5,0,0,0,0,0,0,0,56,1,57,4555,5,9.5,0,Low-Value Customers,201.95399999999952,0.04466010076999441,0.0046917452968081455,0.0425379284622881,0.020634920634920634,0.7171717171717171,0.25,8.301317062009353,Low Priority,9.01928599090343,Low,Low
9347,1956,Master,Together,50943.0,0,1,2013-06-21,49,31,0,7,2,0,6,1,1,0,3,5,0,0,0,0,0,0,0,70,1,46,4781,4,9.2,2,Dormant Customers,88.52336666666667,0.004617248916737925,0.0020195670219799516,0.0740116342023894,0.01626984126984127,0.505050505050505,0.5,8.708520964485574,Low Priority,0.4087344188476609,Low,Low
9699,1966,Graduation,Divorced,67272.0,0,1,2013-12-21,12,357,35,271,28,28,14,3,6,2,12,5,0,0,0,0,0,0,0,60,1,733,4598,20,34.904761904761905,1,Loyal Customers,12970.892966666624,0.07930742417178377,0.30550009218370605,0.09856888482500571,0.2888888888888889,0.8787878787878788,0.75,28.757187066187484,Low Priority,1028.6881103942367,Low,Low
10664,1949,Master,Widow,51529.0,0,1,2013-09-07,14,400,4,35,6,0,22,2,9,1,5,8,0,0,0,0,0,0,0,77,1,467,4703,15,29.1875,1,Loyal Customers,5670.54260000001,0.38952473761865936,0.13351976310351954,0.0748929220255784,0.18333333333333335,0.8585858585858586,0.75,30.98319353485044,Low Priority,2208.816618420434,Low,Low
5455,1971,PhD,Married,32011.0,1,0,2013-08-22,89,99,0,15,2,1,5,3,2,1,4,7,0,0,0,0,0,0,0,55,1,122,4719,7,15.25,2,Dormant Customers,102.02043333333341,0.10215496333781268,0.002337528469083819,0.04553972111601718,0.04642857142857143,0.10101010101010088,0.5,9.791651041846142,Low Priority,10.421893626874438,Low,Low
456,1986,2n Cycle,Married,7500.0,1,0,2013-02-07,96,1,11,5,4,6,9,2,2,0,3,8,0,0,0,0,0,0,0,40,1,36,4915,5,6.0,2,Dormant Customers,10.992799999999963,0.060026932617383226,0.00019311600258936442,0.008677526859727853,0.012301587301587301,0.030303030303030276,0.5,7.2294156882354175,Low Priority,0.6598640648763682,Low,Low
5012,1989,Graduation,Married,28691.0,1,0,2013-07-04,56,5,4,13,8,0,4,1,1,0,3,8,0,0,0,0,0,0,0,37,1,34,4768,4,6.8,0,Low-Value Customers,56.92886666666674,0.06079344056611224,0.0012752695247072318,0.04054675938736961,0.011507936507936509,0.43434343434343425,0.25,7.111865115934498,Low Priority,3.4609016721961328,Low,Low
7495,1948,PhD,Married,56223.0,0,1,2013-12-20,72,77,28,31,16,0,4,2,2,1,5,4,0,0,0,0,0,0,0,78,1,156,4599,8,17.333333333333332,2,Dormant Customers,419.62476666666777,0.038475399916668165,0.009819593715344146,0.0819522480359012,0.05992063492063492,0.2727272727272727,0.5,9.530818176765269,Low Priority,16.145230712438607,Low,Low
5029,1946,Graduation,Married,18100.0,0,0,2013-08-06,14,3,1,2,4,3,1,1,0,0,3,5,0,0,0,0,0,0,0,80,0,14,4735,3,3.5,0,Low-Value Customers,41.743133333333496,0.05996595796599806,0.000917526774726986,0.02461891069215684,0.0035714285714285718,0.8585858585858586,0.25,8.91919437064404,Low Priority,2.5031669788357287,Low,Low
10642,1989,Graduation,Single,30279.0,1,0,2012-12-30,13,10,4,14,4,4,1,1,1,0,3,8,0,0,0,0,0,0,0,37,1,37,4954,4,7.4,0,Low-Value Customers,132.59573333333313,0.12198200373793905,0.0030578158377195758,0.04293495915396369,0.012698412698412698,0.8686868686868687,0.25,11.21445471271993,Low Priority,16.17429323910141,Low,Low
2106,1974,2n Cycle,Married,20130.0,0,0,2014-03-17,99,0,6,3,7,6,12,1,1,0,3,8,0,0,0,0,0,0,0,52,0,34,4512,4,6.8,2,Dormant Customers,2.795266666666677,0.016711114479341066,0.0,0.027671836086480505,0.011507936507936509,0.0,0.5,5.950670842864085,Low Priority,0.04671202126695294,Low,Low
10364,1959,Graduation,Divorced,23295.0,0,0,2013-07-13,72,0,0,1,2,12,5,1,1,0,2,8,0,0,0,0,0,0,0,67,0,20,4759,3,5.0,2,Dormant Customers,23.61223333333335,0.06361582615046366,0.0004904023228982788,0.03243169267418218,0.005952380952380952,0.2727272727272727,0.5,8.700425858864758,Low Priority,1.5021117307575174,Low,Low
5954,1972,Master,Divorced,42618.0,1,0,2013-10-09,92,76,14,74,13,5,10,2,5,0,4,8,0,0,0,0,0,0,0,54,1,192,4671,9,19.2,2,Dormant Customers,183.93849999999964,0.20093442465968606,0.004267339417236808,0.061491632277392114,0.07420634920634922,0.07070707070707061,0.5,13.2375998367122,Low Priority,36.95957667026559,Low,Low
1137,1964,Graduation,Single,81246.0,0,0,2013-12-29,87,398,190,537,61,156,37,1,4,5,7,1,1,0,0,1,0,0,0,62,0,1379,4590,16,81.11764705882354,3,Premium VIP Customers,3003.519999999988,0.2999168630024546,0.070690528700386,0.11958444120937954,0.5452380952380953,0.1212121212121211,1.0,31.098698197811046,Low Priority,900.806296365129,Low,Low
2541,1976,Graduation,Married,24027.0,1,0,2013-06-09,7,14,7,11,11,0,5,2,2,0,3,8,0,0,0,0,0,0,0,50,1,48,4793,5,8.0,0,Low-Value Customers,238.6114666666658,0.4622519491374702,0.005555315243993823,0.033532550501100856,0.017063492063492065,0.9292929292929293,0.25,21.771960463871956,Low Priority,110.29861555321676,Low,Low
1142,1953,PhD,Married,55707.0,0,1,2013-12-22,91,208,7,82,30,66,35,2,3,2,9,3,0,0,0,0,0,0,0,73,1,428,4597,14,28.53333333333333,2,Dormant Customers,640.6312999999993,0.0350446313153758,0.015026025519642962,0.08117623350217164,0.16785714285714287,0.08080808080808077,0.5,10.235779586969826,Low Priority,22.450687717589886,Low,Low
2276,1955,Graduation,Single,57959.0,0,1,2013-05-02,71,430,16,322,43,24,33,5,4,7,11,3,0,0,0,0,0,0,0,71,1,868,4831,22,37.73913043478261,3,Premium VIP Customers,5732.343633333339,0.04975538210478015,0.13497566063121785,0.08456302561449523,0.34246031746031746,0.28282828282828276,1.0,22.93860771427107,Low Priority,285.21494783240405,Low,Low
2807,1969,Graduation,Married,56796.0,0,1,2013-02-16,24,656,38,161,62,47,37,3,8,9,7,7,0,0,0,0,0,0,0,57,1,1001,4906,24,40.04,3,Premium VIP Customers,17670.759400000068,0.3120609011011029,0.41621869269474926,0.08281398510533344,0.3952380952380952,0.7575757575757576,1.0,42.39297788137912,Email Nurture Campaign,5514.353101504806,Medium,Low
6471,1971,Master,Single,36230.0,1,0,2013-10-17,17,14,2,30,8,2,3,1,2,0,4,5,0,0,0,0,0,0,0,55,1,59,4663,6,8.428571428571429,0,Low-Value Customers,315.5753333333346,0.10788407942713574,0.007368416047628412,0.05188469266215094,0.02142857142857143,0.8282828282828283,0.25,10.939264503707147,Low Priority,34.045554326578305,Low,Low
6131,1980,2n Cycle,Married,70829.0,1,1,2013-12-01,87,141,70,106,72,19,23,2,4,2,8,3,0,0,0,0,0,0,0,46,2,431,4618,14,28.73333333333333,2,Dormant Customers,1108.0181000000016,0.03925512270229029,0.026036638933316467,0.10391827183368023,0.16904761904761906,0.1212121212121211,0.5,11.139710459179897,Low Priority,43.495386471858616,Low,Low
6233,1976,Graduation,Married,65991.0,0,1,2012-09-07,21,507,19,364,25,47,9,3,9,5,10,7,0,0,0,0,0,0,0,50,1,971,5068,24,38.84,1,Loyal Customers,18528.983100000045,0.1704490367765114,0.43643657087006826,0.09664238362789802,0.38333333333333336,0.7878787878787878,0.75,36.36238600507031,Low Priority,3158.247321843266,Low,Low
4148,1972,Graduation,Married,38988.0,1,2,2012-08-20,90,164,24,103,12,3,42,7,5,1,6,8,0,0,0,0,0,0,0,54,3,348,5086,12,26.76923076923077,2,Dormant Customers,422.2168333333353,0.21721172581737894,0.009880657151472733,0.05603246026685275,0.13611111111111113,0.09090909090909083,0.5,14.869308212946198,Low Priority,91.7104470374824,Low,Low
4947,1966,2n Cycle,Single,89572.0,0,0,2012-09-15,44,606,24,974,197,194,64,1,7,7,9,4,0,1,0,1,0,0,1,60,0,2059,5060,23,85.79166666666667,3,Premium VIP Customers,25759.53729999995,0.9529634039019667,0.6067726545224348,0.13210594703851197,0.8150793650793651,0.5555555555555556,1.0,73.11710947708542,Cross-Sell Campaign,24547.896348347625,High,High
3225,1984,Master,Married,42207.0,1,0,2013-04-01,71,116,11,72,3,17,46,4,4,1,5,6,1,0,0,0,0,0,1,42,1,265,4862,10,24.09090909090909,2,Dormant Customers,904.8861333333338,0.6195112553976562,0.021251292926698646,0.0608735276778517,0.10317460317460317,0.28282828282828276,0.5,27.793372188269622,Low Priority,560.5871444532645,Low,Low
7540,1952,Graduation,Married,50300.0,0,1,2014-05-25,52,143,15,60,24,23,5,2,2,1,8,2,0,0,0,0,0,0,0,74,1,270,4443,11,22.5,2,Dormant Customers,2099.3265666666584,0.012946564600969572,0.04938970388972507,0.07304462384349772,0.10515873015873015,0.4747474747474747,0.5,11.551652619274142,Low Priority,27.179067013881546,Low,Low
10648,1982,2n Cycle,Together,66664.0,0,0,2012-09-25,78,398,96,447,220,96,32,1,5,7,6,3,0,0,0,0,0,0,0,44,0,1289,5050,18,67.84210526315789,3,Premium VIP Customers,5365.187299999977,0.3003149871068079,0.12632625836158706,0.09765451111084375,0.5095238095238095,0.21212121212121204,1.0,32.479245678623485,Low Priority,1611.2461548251024,Low,Low
1992,1964,Graduation,Married,60597.0,0,1,2014-01-01,2,522,0,257,32,16,66,4,2,2,8,7,0,0,0,1,0,0,1,62,1,893,4587,12,68.6923076923077,1,Loyal Customers,8990.233900000014,0.8196619071636134,0.2117244482958166,0.08853032472298086,0.3523809523809524,0.9797979797979798,0.75,49.51159809571689,Email Nurture Campaign,7368.952264320981,Medium,Low
7851,1949,Graduation,Widow,70165.0,0,0,2013-09-22,60,161,0,253,199,191,122,1,3,7,11,1,0,0,0,0,0,0,0,77,0,926,4688,21,42.09090909090909,3,Premium VIP Customers,10921.254133333323,0.08407688869872058,0.2572150725137332,0.10291967948795072,0.3654761904761905,0.3939393939393939,1.0,28.71979545809295,Low Priority,918.225068218708,Low,Low
8594,1958,PhD,Widow,50520.0,0,1,2014-01-28,25,112,0,6,2,1,14,2,3,1,3,6,0,0,0,0,0,0,0,68,1,135,4560,7,16.875,0,Low-Value Customers,744.8592999999994,0.1788573200994587,0.017481409828485995,0.07337548275322738,0.051587301587301584,0.7474747474747474,0.25,13.635099986553875,Low Priority,133.22353824915862,Low,Low
7059,1963,Graduation,Married,80124.0,0,0,2014-06-26,47,483,84,398,205,84,241,1,3,7,8,1,1,0,0,0,0,0,0,63,0,1495,4411,18,78.6842105263158,3,Premium VIP Customers,15059.692433333279,0.3802045917701123,0.3547076509469271,0.1178970607697583,0.5912698412698413,0.5252525252525252,1.0,44.721648134519015,Email Nurture Campaign,5725.764213798929,Medium,Low
2815,1975,Graduation,Married,33183.0,1,0,2014-02-24,46,7,5,39,17,15,37,2,4,0,3,7,0,0,0,0,0,0,0,51,1,120,4533,7,15.0,0,Low-Value Customers,647.4248999999993,0.23930381548374252,0.015186067915549589,0.047302296762395175,0.04563492063492063,0.5353535353535352,0.25,13.969010955894202,Low Priority,154.9312488091803,Low,Low
2416,1969,PhD,Single,66582.0,0,0,2014-03-03,83,789,25,420,16,38,0,1,2,8,9,1,0,0,0,0,0,0,0,57,0,1288,4526,19,64.4,3,Premium VIP Customers,3896.328599999997,0.1822286972344409,0.09172315167348476,0.09753119097176269,0.5091269841269841,0.16161616161616155,1.0,27.63885294694097,Low Priority,710.0228847752925,Low,Low
7999,1955,PhD,Together,75261.0,0,0,2013-04-23,17,1239,17,413,23,34,17,1,5,6,5,2,0,1,1,0,0,0,1,71,0,1743,4840,16,102.52941176470588,3,Premium VIP Customers,21827.202700000034,0.8618040187345773,0.5141354296504203,0.11058357496059772,0.6896825396825397,0.8282828282828283,1.0,66.87067143780814,Cross-Sell Campaign,18810.771004594248,High,Medium
9213,1970,Graduation,Widow,31880.0,1,0,2012-10-31,13,4,1,5,2,0,3,1,1,0,2,8,0,0,0,0,0,0,0,56,1,15,5014,3,3.75,0,Low-Value Customers,43.622433333333156,0.5232862852328138,0.0009617989830741469,0.04534270967431452,0.003968253968253968,0.8686868686868687,0.25,23.083827776177934,Low Priority,22.82702109181598,Low,Low
9697,1951,Graduation,Married,53790.0,0,2,2014-03-06,86,335,42,127,28,5,5,3,7,2,8,6,0,0,0,0,0,0,0,75,2,542,4523,17,30.11111111111111,1,Loyal Customers,1496.4421666666722,0.10326352839984751,0.03518706260517377,0.0782932492751182,0.21309523809523812,0.13131313131313127,0.75,16.28944445089605,Low Priority,154.52789817631324,Low,Low
3916,1971,PhD,Together,49269.0,1,0,2012-08-15,92,639,8,166,11,8,58,3,7,3,12,7,0,0,0,0,0,0,0,55,1,890,5091,22,38.69565217391305,1,Loyal Customers,1678.3759666666717,0.1787507975010634,0.039473026048472935,0.07149409868017373,0.3511904761904762,0.07070707070707061,0.75,20.383048189680324,Low Priority,300.0110425482858,Low,Low
2021,1975,Graduation,Married,61456.0,0,1,2013-03-27,47,563,76,384,84,192,89,4,6,10,13,4,0,0,0,0,0,0,0,51,1,1388,4867,29,46.266666666666666,3,Premium VIP Customers,19494.628499999944,0.3354087758065823,0.4591850699592402,0.08982217837506166,0.5488095238095239,0.5252525252525252,1.0,45.59444264013078,Email Nurture Campaign,6538.669479989091,Medium,Low
1581,1980,Graduation,Married,37406.0,1,0,2013-10-10,18,2,0,8,2,2,3,1,1,0,2,8,0,0,0,0,0,0,1,46,1,17,4670,3,4.25,0,Low-Value Customers,58.81156666666652,0.7675668425566459,0.001319621829637368,0.05365328392506948,0.004761904761904762,0.8181818181818181,0.25,30.265464433176852,Low Priority,45.1418085321429,Low,Low
564,1981,PhD,Together,56937.0,1,0,2012-08-04,81,746,8,125,11,8,8,7,8,6,9,6,0,1,0,0,0,0,1,45,1,906,5102,23,37.75,3,Premium VIP Customers,6450.579066666667,0.15482598931786928,0.15189572062528595,0.08302603558838745,0.35753968253968255,0.18181818181818177,1.0,26.30409780136468,Low Priority,998.7172856698046,Low,Low
6619,1978,Graduation,Married,38415.0,1,1,2013-01-02,91,22,1,13,4,0,4,2,1,0,3,7,0,0,0,0,0,0,0,48,2,44,4951,4,8.8,2,Dormant Customers,13.941066666666714,0.006078546580745613,0.00026257073367523857,0.0551707231974205,0.015476190476190477,0.08080808080808077,0.5,6.378124012590092,Low Priority,0.08474142311861359,Low,Low
9081,1988,Graduation,Single,20518.0,1,0,2014-05-18,58,4,1,6,4,1,9,1,1,1,2,5,0,0,0,0,0,0,0,38,1,25,4450,4,5.0,0,Low-Value Customers,57.61106666666669,0.14487538680319476,0.001291340668502494,0.02825535089091281,0.007936507936507936,0.41414141414141414,0.25,9.357310022814735,Low Priority,8.346425567477976,Low,Low
178,1956,Graduation,Married,62503.0,0,1,2013-02-18,40,478,0,193,110,75,117,4,8,3,11,5,0,0,0,0,0,0,0,70,1,973,4904,22,42.30434782608695,1,Loyal Customers,13003.701466666706,0.06793454870139248,0.30627298887266563,0.09139676600454781,0.38412698412698415,0.5959595959595959,0.75,28.381896528969964,Low Priority,883.4005905856382,Low,Low
916,1972,PhD,Single,41644.0,1,1,2014-05-09,67,20,3,4,2,0,2,2,1,0,3,3,0,0,0,0,0,0,0,54,2,31,4459,4,6.2,2,Dormant Customers,46.31683333333339,0.012344457708446787,0.0010252731692980718,0.06002682964977081,0.010317460317460317,0.3232323232323232,0.5,7.772283743753575,Low Priority,0.5717561902725125,Low,Low
5512,1977,Master,Married,55842.0,0,1,2014-05-23,19,451,0,39,0,4,24,1,7,1,8,5,0,0,0,0,0,0,0,49,1,518,4445,16,30.47058823529412,1,Loyal Customers,6873.29496666668,0.21963151782329673,0.16185398508357443,0.08137926056041483,0.20357142857142857,0.8080808080808081,0.75,26.85233316178575,Low Priority,1509.5922059762286,Low,Low
8970,1972,PhD,Married,62010.0,0,1,2012-10-23,93,371,22,39,6,0,92,4,6,2,7,5,0,0,0,0,0,0,0,54,1,530,5022,15,33.125,1,Loyal Customers,676.9973000000005,0.10025020887712362,0.01588272914799032,0.09065534126592634,0.20833333333333334,0.06060606060606055,0.75,15.318571856442983,Low Priority,67.86912073424877,Low,Low
10581,1977,Graduation,Married,41124.0,1,0,2012-10-31,41,281,7,84,15,0,119,7,7,3,4,8,0,0,0,0,0,0,0,49,1,506,5014,14,33.733333333333334,1,Loyal Customers,5255.832399999999,0.4714091995485478,0.12375009547296745,0.059244799499500705,0.19880952380952382,0.5858585858585859,0.75,31.858662632076257,Low Priority,2477.6477446453227,Low,Low
5300,1973,Master,Married,38961.0,1,0,2013-12-30,60,19,7,19,0,1,24,1,2,1,2,7,0,0,0,0,0,0,0,53,1,70,4589,5,11.666666666666666,2,Dormant Customers,240.5444333333334,0.41701780879010225,0.005600851721934993,0.05599185485520411,0.025793650793650792,0.3939393939393939,0.5,20.595080095514888,Low Priority,100.31131250532351,Low,Low
5154,1972,Master,Divorced,37760.0,1,0,2013-08-11,54,26,3,13,2,10,0,1,2,0,3,6,0,0,0,0,0,0,0,54,1,54,4730,5,9.0,2,Dormant Customers,141.00413333333321,0.06680120410803066,0.003255899398974478,0.0541856659889072,0.019444444444444445,0.4545454545454545,0.5,10.207963704493165,Low Priority,9.419245890875962,Low,Low
8346,1974,Graduation,Single,32233.0,1,0,2012-08-19,26,138,15,35,25,11,72,2,6,2,2,9,1,0,0,0,0,0,1,52,1,296,5087,10,26.90909090909091,0,Low-Value Customers,3078.241533333335,0.9321142105513754,0.07245080502228983,0.045873587834017106,0.11547619047619048,0.7373737373737373,0.25,38.514697889561674,Low Priority,2869.272676729457,Low,Low
1676,1975,Graduation,Married,43057.0,0,1,2013-10-30,30,213,2,44,0,2,5,4,4,2,5,5,0,0,0,0,0,0,0,51,1,266,4650,11,22.166666666666668,0,Low-Value Customers,2024.5902666666684,0.16948517429789403,0.0476290796973683,0.0621518461927163,0.10357142857142856,0.696969696969697,0.25,14.673365995204948,Low Priority,343.13803422782007,Low,Low
9286,1960,Master,Together,83151.0,0,0,2012-10-10,93,407,28,100,120,74,18,1,5,9,4,3,0,0,0,0,0,0,0,66,0,747,5035,18,39.31578947368421,3,Premium VIP Customers,1220.5004333333286,0.38906309614253143,0.02868647732884073,0.12244937858681135,0.29444444444444445,0.06060606060606055,1.0,28.476677959706247,Low Priority,474.8516774359661,Low,Low
2426,1964,PhD,Divorced,78825.0,0,0,2012-09-14,35,483,74,114,169,37,18,1,5,10,13,3,0,0,0,0,0,0,1,62,0,895,5061,28,30.86206896551724,3,Premium VIP Customers,18413.297500000008,0.8470958756508389,0.4337112704997342,0.11594348929821817,0.3531746031746032,0.6464646464646464,1.0,58.113591557441644,Email Nurture Campaign,15597.828369381908,High,Medium
5172,1976,Master,Together,65104.0,0,1,2013-11-14,4,738,0,232,13,20,50,2,3,5,7,7,0,0,0,0,0,0,0,50,1,1053,4635,15,65.8125,3,Premium VIP Customers,16270.13843333339,0.40487252610459085,0.38322311814482096,0.09530842066003345,0.4158730158730159,0.9595959595959596,1.0,45.63202857015772,Email Nurture Campaign,6587.33204757508,Medium,Low
5562,1974,Graduation,Married,60093.0,0,1,2013-06-26,92,502,12,109,16,6,90,2,7,2,10,6,0,0,0,0,0,0,0,52,1,735,4776,19,36.75,1,Loyal Customers,1143.2643333333374,0.07074411093421341,0.02686696330174427,0.08777235703887291,0.2896825396825397,0.07070707070707061,0.75,16.00482924624091,Low Priority,80.87921882446317,Low,Low
3436,1969,Graduation,Married,14045.0,1,0,2014-01-26,24,11,0,5,2,1,1,1,1,0,3,7,0,0,0,0,0,0,0,57,1,20,4562,4,4.0,0,Low-Value Customers,76.59506666666644,0.04242159247049806,0.0017385622953117537,0.018520579424185186,0.005952380952380952,0.7575757575757576,0.25,7.887174939380648,Low Priority,3.249284703383954,Low,Low
3921,1952,2n Cycle,Widow,28457.0,0,0,2012-10-28,96,24,1,108,29,29,14,1,4,1,4,8,0,0,0,0,0,0,0,74,0,205,5017,9,20.5,2,Dormant Customers,101.09513333333301,0.1074161438935608,0.002315730419606006,0.04019484581974807,0.07936507936507936,0.030303030303030276,0.5,10.035896029583826,Low Priority,10.859249389072014,Low,Low
3403,1958,PhD,Together,78952.0,0,1,2012-09-24,11,1170,19,594,99,76,134,2,2,5,12,6,0,0,0,0,0,0,0,68,1,2092,5051,19,104.6,3,Premium VIP Customers,30884.925166666664,0.31982975998261703,0.727515611736887,0.11613448512338029,0.8281746031746032,0.8888888888888888,1.0,59.44876949488241,Email Nurture Campaign,9877.918203136087,Medium,Medium
22,1976,Graduation,Divorced,46310.0,1,0,2012-12-03,99,185,2,88,15,5,14,2,6,1,5,8,0,0,0,0,0,0,0,50,1,309,4981,12,23.76923076923077,2,Dormant Customers,126.873133333334,0.1233241152690747,0.0029230038654493315,0.06704404634430983,0.12063492063492062,0.0,0.5,11.267377847002628,Low Priority,15.646516919748766,Low,Low
10965,1955,Graduation,Together,76005.0,0,0,2013-02-22,72,983,20,389,240,50,40,1,3,5,13,6,0,0,0,1,0,0,0,71,0,1722,4900,21,78.27272727272727,3,Premium VIP Customers,9028.539466666667,0.35575803146653423,0.212626843883707,0.111702479637138,0.6813492063492064,0.2727272727272727,1.0,39.752445515753074,Low Priority,3211.9754276792464,Low,Low
9426,1964,Master,Single,58308.0,0,1,2013-01-12,77,691,0,69,10,0,130,4,2,6,3,8,0,0,0,0,0,0,0,62,1,900,4941,11,75.0,2,Dormant Customers,2857.9543666666673,0.2666234162674372,0.06726131992737458,0.08508788815765728,0.3551587301587302,0.2222222222222222,0.5,22.305913030912986,Low Priority,761.9975567771066,Low,Low
6605,1944,PhD,Divorced,55614.0,0,0,2013-11-27,85,504,13,131,8,0,26,1,9,4,6,7,0,1,0,0,0,0,0,82,0,682,4622,19,34.1,1,Loyal Customers,3079.186533333328,0.2660263485892046,0.07247306716079233,0.0810363704176041,0.26865079365079364,0.14141414141414133,0.75,23.202178788508558,Low Priority,819.1447500877164,Low,Low
3136,1962,Master,Divorced,59432.0,0,1,2013-04-13,88,317,25,265,25,19,12,3,5,3,11,5,0,0,0,0,0,0,0,64,1,663,4850,19,33.15,1,Loyal Customers,2469.1155333333295,0.04953222521025258,0.05810112525765522,0.0867782764055488,0.2611111111111111,0.11111111111111105,0.75,16.069005500314944,Low Priority,122.30078666719939,Low,Low
8737,1978,Graduation,Divorced,55563.0,0,1,2014-04-05,22,29,1,9,2,0,2,1,2,0,3,3,0,0,0,0,0,0,0,48,1,43,4493,5,7.166666666666667,0,Low-Value Customers,206.98689999999917,0.015747475552203852,0.004810309441644228,0.08095967130671222,0.015079365079365078,0.7777777777777778,0.25,8.04140962796193,Low Priority,3.2595211473764505,Low,Low
11088,1971,PhD,Together,78642.0,0,1,2013-04-21,83,1396,0,322,46,35,17,1,4,9,4,6,0,0,0,0,0,0,0,55,1,1816,4842,17,100.88888888888889,3,Premium VIP Customers,4714.922233333333,0.4789707922783084,0.11100743193028216,0.1156682748414885,0.7186507936507937,0.16161616161616155,1.0,40.44387218751531,Email Nurture Campaign,2258.3100376302777,Low,Low
716,1949,PhD,Together,67911.0,0,1,2014-05-22,63,529,0,356,63,28,0,3,6,7,11,3,0,0,0,0,0,0,0,77,1,976,4446,24,39.04,3,Premium VIP Customers,9088.313466666606,0.040828961326821886,0.2140349889280006,0.09952987956735686,0.38531746031746034,0.36363636363636354,1.0,26.239161026261964,Low Priority,371.06639905656544,Low,Low
466,1944,Graduation,Married,65275.0,0,0,2013-04-03,9,388,14,218,91,14,21,1,4,3,13,2,0,0,0,0,0,0,0,82,0,746,4860,20,35.523809523809526,1,Loyal Customers,14648.207466666718,0.17170893086539027,0.3450139627779334,0.0955655882671415,0.29404761904761906,0.9090909090909091,0.75,32.91351152313995,Low Priority,2515.228043195769,Low,Low
9135,1950,Graduation,Together,27203.0,1,1,2012-08-06,92,13,2,21,4,0,24,2,1,1,2,8,0,0,0,0,0,0,0,76,2,64,5100,4,12.8,2,Dormant Customers,19.374999999999904,0.1260856203406323,0.00039058234899900406,0.03830895003428902,0.023412698412698413,0.07070707070707061,0.5,9.88210141075766,Low Priority,2.4429088940997388,Low,Low
10623,1961,Master,Together,48330.0,0,1,2013-11-15,2,28,0,4,0,0,0,1,1,0,3,5,0,0,0,0,0,0,0,65,1,32,4634,4,6.4,0,Low-Value Customers,122.98119999999972,0.01929056137719627,0.0028313184062854586,0.07008193269728215,0.010714285714285714,0.9797979797979798,0.25,8.92417990518146,Low Priority,2.3723763868412444,Low,Low
8151,1990,Basic,Married,24279.0,0,0,2012-12-29,6,16,36,21,20,62,108,1,4,1,3,8,0,0,0,0,0,0,0,36,0,263,4955,8,29.22222222222222,0,Low-Value Customers,1591.269133333337,0.5197366518738068,0.037420979076836954,0.03391153434315483,0.10238095238095238,0.9393939393939394,0.25,25.786528254634845,Low Priority,827.0408915888029,Low,Low
5140,1985,PhD,Married,64355.0,1,0,2012-08-24,66,1047,0,140,67,38,153,2,4,3,12,8,0,0,0,0,0,0,0,41,1,1445,5082,19,72.25,3,Premium VIP Customers,7947.693066666668,0.2095448488867013,0.18716446054305497,0.09418199646281747,0.5714285714285714,0.33333333333333326,1.0,33.0811944856161,Low Priority,1665.3981426525506,Low,Low
10160,1956,Master,Together,50943.0,0,1,2013-06-21,49,31,0,7,2,0,6,1,1,0,3,5,0,0,0,0,0,0,0,70,1,46,4781,4,9.2,2,Dormant Customers,88.52336666666667,0.004617248916737925,0.0020195670219799516,0.0740116342023894,0.01626984126984127,0.505050505050505,0.5,8.708520964485574,Low Priority,0.4087344188476609,Low,Low
4945,1953,Graduation,Widow,53653.0,0,0,2012-11-07,29,815,10,239,28,10,108,2,10,4,12,6,0,0,0,0,0,0,0,73,0,1210,5007,26,44.81481481481482,1,Loyal Customers,21173.34303333327,0.6030528812054206,0.49873192228465557,0.07808721440860474,0.4781746031746032,0.7070707070707071,0.75,52.04238883176091,Email Nurture Campaign,12768.645521002347,Medium,Low
10584,1976,Graduation,Married,65665.0,0,1,2013-12-02,77,225,162,387,106,36,29,1,5,10,8,3,0,0,0,0,0,0,0,50,1,945,4617,23,39.375,3,Premium VIP Customers,5195.670166666682,0.14174323051744828,0.12233280449826218,0.09615211087984407,0.373015873015873,0.2222222222222222,1.0,25.59015136561896,Low Priority,736.4510741264644,Low,Low
6071,1989,Graduation,Single,81217.0,0,0,2013-07-19,77,493,70,324,146,40,84,1,3,7,11,1,0,0,0,0,0,0,0,37,0,1157,4753,21,52.59090909090909,3,Premium VIP Customers,6606.025800000021,0.1745819284610434,0.15555770655888945,0.11954082798946064,0.45714285714285713,0.2222222222222222,1.0,29.067851298746554,Low Priority,1153.2927236274106,Low,Low
3386,1992,Graduation,Married,34935.0,0,0,2013-06-21,71,34,4,66,3,10,20,1,2,1,4,7,0,0,0,0,0,0,0,34,0,137,4781,7,17.125,2,Dormant Customers,248.74983333333307,0.16221475135018446,0.005794153046030053,0.04993713680715137,0.05238095238095238,0.28282828282828276,0.5,12.739494199813647,Low Priority,40.35089236256645,Low,Low
8939,1959,Graduation,Divorced,61250.0,0,1,2012-12-16,49,382,138,65,60,26,59,6,5,2,12,5,0,0,0,0,0,0,0,67,1,730,4968,19,36.5,1,Loyal Customers,7423.1275999999825,0.08284500541404496,0.17480684247675513,0.0895123741232239,0.28769841269841273,0.505050505050505,0.75,22.96540789368496,Low Priority,614.9690462111452,Low,Low
9925,1981,PhD,Together,39665.0,1,0,2013-05-25,97,127,1,56,0,1,31,3,4,2,3,7,1,0,0,0,0,0,0,45,1,216,4808,9,21.6,2,Dormant Customers,102.65696666666649,0.22649592601853955,0.0023525238058332678,0.05705060336633901,0.08373015873015874,0.02020202020202011,0.5,13.792922010357056,Low Priority,23.251384727420973,Low,Low
4320,1979,Graduation,Single,60152.0,0,1,2013-03-28,6,325,83,300,86,58,91,1,6,4,12,3,0,0,0,0,0,0,0,47,1,943,4866,22,41.0,1,Loyal Customers,18625.25943333342,0.09302577905150206,0.43870463125863673,0.08786108738284587,0.37222222222222223,0.9393939393939394,0.75,34.61082621343565,Low Priority,1732.629268822179,Low,Low
5389,1964,Graduation,Married,48920.0,0,2,2013-10-20,93,238,17,68,8,10,6,3,6,2,5,7,0,1,0,0,0,0,0,62,2,347,4660,13,24.785714285714285,2,Dormant Customers,356.13683333333427,0.23178840318528235,0.008323956503582051,0.07096923613701168,0.13571428571428573,0.06060606060606055,0.5,15.251807740780638,Low Priority,82.54838791379659,Low,Low
6036,1959,Master,Together,89120.0,0,0,2014-03-17,78,1168,92,408,72,129,55,1,5,6,7,1,0,0,1,0,0,0,0,67,0,1924,4512,18,101.26315789473684,3,Premium VIP Customers,7617.54490000001,0.6054535087203639,0.17938688994756619,0.13142618236943104,0.7615079365079365,0.21212121212121204,1.0,47.342698891957326,Email Nurture Campaign,4612.069287539919,Low,Low
182,1946,PhD,Together,44124.0,0,1,2013-05-11,62,284,0,55,0,6,52,4,6,2,5,8,0,0,0,0,0,0,0,80,1,397,4822,13,28.357142857142858,1,Loyal Customers,2004.8995666666685,0.3706666327375142,0.047165209760210006,0.06375651190490514,0.15555555555555556,0.3737373737373737,0.75,24.874540596000983,Low Priority,743.1493713532354,Low,Low
203,1975,Master,Single,81169.0,0,0,2013-04-14,47,1288,20,613,80,61,27,1,5,7,9,2,0,0,0,0,0,0,0,51,0,2089,4849,21,94.95454545454544,3,Premium VIP Customers,21500.755666666704,0.5894537714197793,0.5064450496823213,0.11946864059097417,0.826984126984127,0.5252525252525252,1.0,59.102675569997274,Email Nurture Campaign,12673.70151609188,Medium,Medium
11025,1961,Graduation,Married,36443.0,1,1,2013-02-03,9,65,0,46,4,3,20,4,3,1,3,8,0,0,0,0,0,0,0,65,2,138,4919,7,17.25,0,Low-Value Customers,831.5108333333319,0.6746508676163993,0.019522730925349157,0.05220502424293466,0.05277777777777778,0.9090909090909091,0.25,29.184379410803015,Low Priority,560.9795051407675,Low,Low
10203,1990,Graduation,Single,26095.0,1,0,2013-06-30,77,11,7,9,3,1,11,1,1,0,3,7,0,0,0,0,0,0,0,36,1,42,4772,4,8.4,2,Dormant Customers,36.8082333333333,0.017039047892333067,0.0008012712961059824,0.036642624252559645,0.014682539682539682,0.2222222222222222,0.5,7.2329850245279745,Low Priority,0.6271772505988364,Low,Low
4607,1959,Graduation,Together,71367.0,0,0,2013-08-23,24,227,23,389,42,21,75,1,4,5,7,2,0,0,0,0,0,0,0,67,0,777,4718,16,45.70588235294117,1,Loyal Customers,10361.524099999962,0.1775901054743976,0.24402905396751803,0.10472737225838276,0.30634920634920637,0.7575757575757576,0.75,29.578965388958185,Low Priority,1840.104157794506,Low,Low
3711,1944,Master,Married,80184.0,0,0,2014-03-01,19,1035,134,670,25,38,0,1,6,3,10,3,0,0,1,1,0,0,0,82,0,1902,4528,19,95.1,3,Premium VIP Customers,19898.453133333314,0.541772720403934,0.46869829738575747,0.11798729501786638,0.7527777777777778,0.8080808080808081,1.0,56.82607419094011,Email Nurture Campaign,10780.439085876174,Medium,Medium
3696,1965,Graduation,Divorced,30630.0,1,1,2014-01-27,67,27,1,12,2,0,10,2,2,0,3,7,0,0,0,0,0,0,0,61,2,52,4561,5,8.666666666666666,2,Dormant Customers,90.68556666666638,0.012399008704740932,0.002070503737186803,0.04346282950539601,0.01865079365079365,0.3232323232323232,0.5,7.764637189235312,Low Priority,1.1244111304943605,Low,Low
2532,1987,Master,Single,73454.0,0,0,2014-03-01,95,982,73,351,56,14,175,1,2,4,6,5,1,0,0,0,0,0,0,39,0,1651,4528,12,127.0,3,Premium VIP Customers,985.637666666667,0.231018004829022,0.023153622894285873,0.10786602018840911,0.6531746031746032,0.04040404040404033,1.0,28.703448283222578,Low Priority,227.70004723766604,Low,Low
9214,1991,Graduation,Married,42691.0,0,0,2013-08-16,48,179,2,64,38,17,58,1,5,1,6,5,0,0,0,0,0,0,0,35,0,358,4725,12,27.53846153846154,0,Low-Value Customers,2182.098033333335,0.18125215105525608,0.05133961908020442,0.061601417279256956,0.14007936507936508,0.5151515151515151,0.25,14.770715328804437,Low Priority,395.5099623551109,Low,Low
4943,1953,Graduation,Married,70503.0,0,0,2012-09-30,73,1379,33,216,0,33,66,1,2,4,9,6,0,1,1,0,0,0,0,73,0,1727,5045,15,107.9375,3,Premium VIP Customers,6275.210200000021,0.5233510361606741,0.1477644126900587,0.10342799908562629,0.6833333333333333,0.26262626262626254,1.0,42.730874769509555,Email Nurture Campaign,3284.1377602960424,Low,Low
35,1987,Graduation,Married,25545.0,1,0,2012-09-08,35,32,1,64,16,12,85,3,2,2,3,6,0,0,0,0,0,0,1,39,1,210,5067,7,26.25,0,Low-Value Customers,686.9104666666664,0.791429934668448,0.01611626172929551,0.0358154769782355,0.08134920634920634,0.6464646464646464,0.25,31.53710198927599,Low Priority,543.6415057570729,Low,Low
2258,1986,Graduation,Married,32880.0,1,0,2012-12-04,76,8,4,15,7,6,2,1,1,0,3,8,0,0,0,0,0,0,0,40,1,42,4980,4,8.4,2,Dormant Customers,38.304333333333204,0.06206826073642658,0.0008365161483957685,0.04684661380944933,0.014682539682539682,0.23232323232323226,0.5,8.73746370149342,Low Priority,2.377483348668321,Low,Low
4322,1958,PhD,Together,77863.0,0,0,2013-11-27,20,881,38,319,16,25,12,1,4,5,10,2,0,0,0,0,0,0,0,68,0,1291,4622,19,64.55,3,Premium VIP Customers,21124.06036666673,0.35420968205547576,0.4975709301670772,0.11449673352021848,0.5103174603174603,0.797979797979798,1.0,48.343046596539665,Email Nurture Campaign,7482.346706197699,Medium,Low
713,1977,Master,Married,50353.0,0,0,2014-06-08,72,141,15,153,67,31,35,1,4,4,6,3,0,0,0,0,0,0,0,49,0,442,4429,14,29.466666666666665,2,Dormant Customers,3467.3565333333368,0.10316711103790548,0.08161750557622409,0.07312433076265987,0.1734126984126984,0.2727272727272727,0.5,15.239608645877325,Low Priority,357.71715648240735,Low,Low
4702,1964,Graduation,Single,61839.0,0,0,2012-08-12,20,1000,155,379,224,17,120,1,4,8,4,8,0,0,0,0,0,0,0,62,0,1895,5094,16,111.47058823529412,3,Premium VIP Customers,14617.921099999994,0.7529192137826202,0.34430048204832775,0.09039817365881829,0.75,0.797979797979798,1.0,59.06047160141561,Email Nurture Campaign,11006.11366174837,Medium,Medium
3281,1960,PhD,Married,49154.0,1,1,2013-11-03,69,206,10,67,30,27,71,6,4,1,8,6,0,0,0,0,0,0,0,66,2,411,4646,13,29.357142857142858,1,Loyal Customers,2665.139266666669,0.13172518257540025,0.0627190167933991,0.07132114970463323,0.16111111111111112,0.303030303030303,0.75,17.978355659928493,Low Priority,351.0659564905353,Low,Low
702,1975,2n Cycle,Widow,47682.0,0,1,2013-02-15,80,162,61,83,97,57,61,4,4,3,8,5,0,0,0,0,0,0,0,51,1,521,4907,15,32.5625,2,Dormant Customers,1832.012633333334,0.1363973301028294,0.04309237076003096,0.06910740281771478,0.20476190476190476,0.19191919191919182,0.5,15.10678958508749,Low Priority,249.8816319013205,Low,Low
2004,1969,Graduation,Single,72679.0,0,1,2013-09-18,65,619,54,260,127,54,54,1,4,7,5,1,0,0,0,0,0,0,0,57,1,1168,4692,16,68.70588235294117,3,Premium VIP Customers,7387.600800000015,0.25595392298949626,0.17396990856971167,0.10670049448367963,0.46150793650793653,0.3434343434343434,1.0,32.6045106564038,Low Priority,1890.8854062403448,Low,Low
4769,1977,Master,Together,57954.0,1,1,2014-06-18,52,456,4,24,0,0,9,7,8,2,6,7,0,1,0,0,0,0,0,49,2,493,4419,16,29.0,1,Loyal Customers,4567.741033333326,0.2822940729268081,0.10754016393092783,0.08455550609381955,0.19365079365079366,0.4747474747474747,0.75,25.319081445169555,Low Priority,1289.4462203745718,Low,Low
4437,1962,Graduation,Married,65316.0,1,1,2013-04-24,65,112,6,92,3,9,38,2,3,2,5,4,0,0,0,0,0,0,0,64,2,260,4839,10,23.63636363636364,2,Dormant Customers,1360.0608666666667,0.06160166837092479,0.03197421669006816,0.09562724833668203,0.10119047619047619,0.3434343434343434,0.5,11.99857789522547,Low Priority,83.78201847267256,Low,Low
8724,1982,Graduation,Single,28567.0,1,0,2013-06-17,57,11,3,22,2,2,6,2,2,0,3,6,0,0,0,0,0,0,0,44,1,46,4785,5,7.666666666666667,0,Low-Value Customers,109.18573333333372,0.030902611164430306,0.002506327306134839,0.040360275274612896,0.01626984126984127,0.4242424242424242,0.25,6.271130647122823,Low Priority,3.3741242619031886,Low,Low
10741,1951,Master,Together,47352.0,0,1,2013-04-11,70,172,12,112,8,0,15,4,6,1,5,7,0,0,0,0,0,0,0,75,1,319,4852,12,24.53846153846154,1,Loyal Customers,1179.5202333333361,0.2360818178227767,0.027721073214272373,0.0686111144531203,0.1246031746031746,0.2929292929292928,0.75,19.43389195933676,Low Priority,278.46328084407975,Low,Low
1991,1967,Graduation,Together,44931.0,0,1,2014-01-18,0,78,0,11,0,0,7,1,2,1,3,5,0,0,0,0,0,0,0,59,1,96,4570,6,13.714285714285714,0,Low-Value Customers,558.5426333333331,0.2018926040457789,0.013092195607650231,0.06497016254195892,0.036111111111111115,1.0,0.25,15.140912281689129,Low Priority,112.7656267142533,Low,Low
6931,1967,Graduation,Divorced,76982.0,0,0,2014-02-15,19,464,151,292,65,60,30,1,8,3,4,4,0,0,1,0,0,0,1,59,0,1062,4542,15,66.375,1,Loyal Customers,14711.313099999952,0.7977631168197888,0.34650059383567244,0.11317179397716472,0.41944444444444445,0.8080808080808081,0.75,53.2916999665062,Email Nurture Campaign,11736.142991167751,Medium,Low
11096,1952,2n Cycle,Together,57247.0,0,1,2013-08-08,50,99,4,32,37,54,6,2,2,1,7,2,0,0,0,0,0,0,0,74,1,232,4733,10,21.09090909090909,2,Dormant Customers,2581.8167999999964,0.011691723449360578,0.06075612124491457,0.08349224587027924,0.09007936507936509,0.4949494949494949,0.5,11.834295750468998,Low Priority,30.185888022513048,Low,Low
304,1981,Master,Single,22944.0,1,0,2013-12-23,67,19,3,19,4,5,26,3,3,0,3,7,0,0,0,0,0,0,0,45,1,76,4596,6,10.857142857142858,2,Dormant Customers,145.09973333333346,0.3014424930113326,0.0033523828005105156,0.03190382232274986,0.028174603174603175,0.3232323232323232,0.5,16.501665161363455,Low Priority,43.73922535127959,Low,Low
3665,1977,2n Cycle,Together,25315.0,1,0,2013-11-07,46,1,9,8,11,3,22,3,3,0,3,8,0,0,0,0,0,0,0,49,1,54,4642,6,7.714285714285714,0,Low-Value Customers,187.85133333333297,0.188404531976251,0.004359517234807754,0.035469579027154495,0.019444444444444445,0.5353535353535352,0.25,11.60605161003765,Low Priority,35.39204253778132,Low,Low
10591,1969,Graduation,Widow,43638.0,0,1,2012-08-06,37,63,10,83,7,19,19,2,4,1,4,7,0,0,0,0,0,0,0,57,1,201,5100,9,20.1,0,Low-Value Customers,1202.5737333333334,0.24950605739898254,0.028264163383554197,0.06302561449522961,0.07777777777777778,0.6262626262626263,0.25,15.7613425664082,Low Priority,300.0494309355754,Low,Low
5036,1984,PhD,Single,42710.0,1,0,2012-11-28,38,252,3,42,4,3,102,2,4,5,3,6,0,0,0,0,0,0,0,42,1,406,4986,12,31.23076923076923,0,Low-Value Customers,4204.782499999993,0.5553197312964202,0.09898965267188661,0.06162999145782451,0.15912698412698414,0.6161616161616161,0.25,28.21329427634029,Low Priority,2334.9986880598863,Low,Low
5547,1982,PhD,Married,84169.0,0,0,2013-08-07,9,1478,19,403,0,19,0,1,7,6,6,3,0,1,1,0,0,0,1,44,0,1919,4734,19,95.95,3,Premium VIP Customers,29892.34049999989,0.987304652202582,0.7041324822924786,0.1239803529963786,0.7595238095238095,0.9090909090909091,1.0,77.92122925312728,Cross-Sell Campaign,29512.846840873546,High,High
7822,1976,Graduation,Together,54058.0,0,1,2013-06-04,56,198,18,252,32,108,54,2,4,6,8,3,0,0,0,0,0,0,0,50,1,662,4798,18,34.8421052631579,3,Premium VIP Customers,5301.860900000014,0.05966796134374578,0.12483442652277765,0.07869629558333434,0.26071428571428573,0.43434343434343425,1.0,22.404466049260506,Low Priority,316.35123123111805,Low,Low
8541,1990,2n Cycle,Married,24683.0,1,0,2014-03-08,98,8,4,10,6,7,6,2,2,0,4,5,0,0,0,0,0,0,0,36,1,41,4521,6,5.857142857142857,2,Dormant Customers,13.901433333333362,0.030307691584507166,0.0002616370588011754,0.03451911161374929,0.014285714285714287,0.010101010101010055,0.5,6.5270617402275075,Low Priority,0.42132035404925494,Low,Low
10955,1964,Graduation,Widow,85620.0,0,0,2014-01-07,68,416,46,925,60,107,46,1,3,6,4,1,0,0,0,0,0,0,1,62,0,1600,4581,13,114.28571428571428,3,Premium VIP Customers,6427.371099999996,0.8849300848827969,0.15134899155830303,0.12616251789645921,0.6329365079365079,0.31313131313131304,1.0,53.409701656901774,Email Nurture Campaign,5687.774053096232,Medium,Low
4368,1980,Graduation,Married,47850.0,1,0,2013-12-03,72,42,7,43,20,12,10,1,3,0,4,6,0,0,0,0,0,0,0,46,1,134,4616,7,16.75,2,Dormant Customers,274.1133666666663,0.1753352723341762,0.006391662561356871,0.06936005871241743,0.05119047619047619,0.2727272727272727,0.5,13.276902140483674,Low Priority,48.06174179493783,Low,Low
9671,1968,Graduation,Married,19514.0,1,1,2014-01-26,47,14,3,21,2,1,28,4,3,1,2,8,1,0,0,0,0,0,1,58,2,69,4562,6,9.857142857142858,0,Low-Value Customers,232.35653333333244,0.7843072501988946,0.005407962659664028,0.026745431139237462,0.025396825396825397,0.5252525252525252,0.25,29.466125704364142,Low Priority,182.23891372441375,Low,Low
2256,1973,Master,Married,27159.0,1,1,2014-03-29,33,17,0,3,0,0,1,2,1,0,3,6,0,0,0,0,0,0,0,53,2,21,4500,4,4.2,0,Low-Value Customers,60.92826666666675,0.034093853144809796,0.0013694866641015102,0.03824277825234308,0.006349206349206349,0.6666666666666666,0.25,7.374899405362198,Low Priority,2.077279376101146,Low,Low
4279,1963,2n Cycle,Single,39548.0,1,1,2014-03-31,87,15,4,10,3,4,18,2,1,1,3,3,0,0,0,0,0,0,0,63,2,54,4498,5,9.0,2,Dormant Customers,35.346600000000095,0.0054246188846676065,0.0007668384032945662,0.05687464658252824,0.019444444444444445,0.1212121212121211,0.5,6.65221745719142,Low Priority,0.19174183386879254,Low,Low
5371,1989,Graduation,Single,21474.0,1,0,2014-04-08,0,6,16,24,11,0,34,2,3,1,2,7,1,0,0,0,0,0,1,37,1,91,4490,6,13.0,0,Low-Value Customers,522.1309333333335,0.910937232899856,0.012234415386996482,0.029693083244101685,0.034126984126984124,1.0,0.25,36.003985042951356,Low Priority,475.628507622086,Low,Low
9240,1971,PhD,Single,60504.0,0,1,2014-02-07,73,458,0,24,6,4,34,2,6,2,8,6,0,0,0,0,0,0,0,55,1,526,4550,16,30.94117647058824,1,Loyal Customers,2746.8653333333377,0.1658195345223811,0.06464430464039606,0.08839046163841333,0.20674603174603176,0.26262626262626254,0.75,19.71214158058924,Low Priority,455.4839309689993,Low,Low
9460,1963,Graduation,Married,22419.0,0,0,2013-04-18,74,30,3,47,19,21,42,1,3,2,2,8,0,0,0,0,0,0,0,63,0,162,4845,7,20.25,2,Dormant Customers,293.02109999999794,0.31871781555652046,0.006837087511873535,0.03111427265180408,0.062301587301587295,0.2525252525252525,0.5,17.274939890719935,Low Priority,93.39104490396808,Low,Low
9504,1949,Master,Married,81698.0,0,0,2013-11-06,4,179,28,520,111,123,47,1,3,8,13,1,0,0,0,0,0,0,1,77,0,1008,4643,24,40.32,3,Premium VIP Customers,22609.279733333344,0.7590189951160363,0.5325594584714004,0.12026420587846048,0.39801587301587305,0.9595959595959596,1.0,60.7182135596256,Cross-Sell Campaign,17160.87278349204,High,Medium
8692,1952,Graduation,Together,43462.0,1,1,2012-09-12,50,90,17,97,15,6,15,6,4,1,5,8,0,0,0,0,0,0,0,74,2,240,5063,10,21.818181818181817,2,Dormant Customers,1272.7008,0.4390663690460059,0.029916204093521987,0.06276092736744589,0.09325396825396826,0.4949494949494949,0.5,23.570643466417295,Low Priority,558.8001191379469,Low,Low
448,1978,PhD,Single,54880.0,1,0,2013-03-01,57,308,85,137,102,45,118,2,6,2,11,5,0,0,0,0,0,0,0,48,1,795,4893,19,39.75,1,Loyal Customers,6335.5891666666475,0.16447036820274702,0.14918680942929757,0.07993250478241515,0.3134920634920635,0.4242424242424242,0.75,24.53263345037856,Low Priority,1042.0166830229987,Low,Low
8314,1982,Graduation,Married,79908.0,0,0,2013-04-05,30,557,129,761,29,185,111,1,5,6,7,2,0,0,1,0,0,0,0,44,0,1772,4858,18,93.26315789473684,3,Premium VIP Customers,21919.286766666733,0.7584138984420942,0.516304729381662,0.11757221747656917,0.7011904761904761,0.696969696969697,1.0,63.419986637184,Cross-Sell Campaign,16623.891727777922,High,Medium
8420,1970,2n Cycle,Married,15315.0,0,0,2013-08-03,27,7,4,13,15,8,17,2,2,0,4,5,0,0,0,0,0,0,0,56,0,64,4738,6,9.142857142857142,0,Low-Value Customers,274.32456666666775,0.08670673054203239,0.006396637972628614,0.020430537675806396,0.023412698412698413,0.7272727272727273,0.25,9.484960544752008,Low Priority,23.78578628302656,Low,Low
3174,1959,Graduation,Together,87771.0,0,1,2013-05-22,61,1492,38,287,50,57,33,1,5,10,4,6,0,1,1,1,1,0,1,67,1,1957,4811,19,97.85,3,Premium VIP Customers,14469.575400000078,0.9714178167834436,0.3408057809693074,0.1293974156911342,0.7746031746031746,0.38383838383838376,1.0,64.19892162773341,Cross-Sell Campaign,14056.003344851499,Medium,Medium
7685,1978,Graduation,Married,33039.0,1,0,2013-09-09,4,30,8,12,8,8,12,1,2,0,4,5,0,0,0,0,0,0,0,48,1,78,4701,6,11.142857142857142,0,Low-Value Customers,434.0571999999993,0.10283010590339198,0.01015959036063222,0.047085734566935766,0.02896825396825397,0.9595959595959596,0.25,11.593051841093692,Low Priority,44.63414784412972,Low,Low
3179,1980,Graduation,Single,81741.0,0,0,2013-06-16,75,249,153,940,58,134,38,0,6,6,7,2,0,0,0,0,0,0,0,46,0,1572,4786,19,78.6,3,Premium VIP Customers,7684.429666666663,0.4308773286641589,0.1809625491425419,0.12032887375627128,0.6218253968253968,0.24242424242424232,1.0,40.097987236265894,Email Nurture Campaign,3311.046527080945,Low,Low
9780,1971,Master,Together,71499.0,0,1,2013-06-25,12,465,25,132,136,0,37,2,8,3,13,4,0,0,0,0,0,0,0,55,1,795,4777,24,31.8,1,Loyal Customers,17668.83836666668,0.09296985133710031,0.41617343734010787,0.10492588760422056,0.3134920634920635,0.8787878787878788,0.75,32.9198778826788,Low Priority,1642.6692762482558,Low,Low
10681,1970,2n Cycle,Married,62466.0,0,1,2014-01-15,13,129,129,259,168,121,83,5,6,3,12,4,0,0,0,0,0,0,0,56,1,889,4573,21,40.40909090909091,1,Loyal Customers,16182.801533333293,0.08877507859890399,0.3811656513044016,0.09134112155154782,0.3507936507936508,0.8686868686868687,0.75,32.11697221795375,Low Priority,1436.629478072127,Low,Low
10232,1963,PhD,Divorced,48799.0,0,1,2013-11-05,9,174,18,81,28,6,24,3,3,2,7,3,0,0,0,0,0,0,0,63,1,331,4644,12,25.46153846153846,0,Low-Value Customers,4284.247166666666,0.13998970832020682,0.10086166686807949,0.07078726373666037,0.12936507936507938,0.9090909090909091,0.25,16.919344628945932,Low Priority,599.7505112333391,Low,Low
4184,1950,PhD,Together,52157.0,0,1,2014-06-07,48,189,2,29,3,2,40,2,3,2,5,4,0,0,0,0,0,0,0,76,1,265,4430,10,24.09090909090909,2,Dormant Customers,1290.0309,0.060723610742542955,0.030324463444278794,0.07583737382244306,0.10317460317460317,0.5151515151515151,0.5,12.613192587205708,Low Priority,78.33533421745236,Low,Low
9120,1962,Graduation,Single,66565.0,0,1,2012-12-05,80,747,10,161,65,40,42,4,4,2,9,8,0,0,0,0,0,0,0,64,1,1065,4979,15,66.5625,1,Loyal Customers,2854.183566666669,0.1848006614634392,0.06717248810529432,0.0975056246014654,0.42063492063492064,0.19191919191919182,0.75,23.30337050219643,Low Priority,527.4550110580785,Low,Low
891,1951,Master,Together,29298.0,1,1,2013-09-07,60,6,0,2,2,0,1,1,1,0,2,5,0,0,0,0,0,0,0,75,2,11,4703,3,2.75,2,Dormant Customers,19.38486666666659,0.02190884993340365,0.00039081478614174845,0.041459629197396444,0.002380952380952381,0.3939393939393939,0.5,8.088997488971582,Low Priority,0.42470013477903695,Low,Low
10381,1979,Graduation,Single,47691.0,0,1,2013-07-05,43,14,0,3,0,0,4,1,1,0,2,6,0,0,0,0,0,0,0,47,1,21,4767,3,5.25,0,Low-Value Customers,38.61959999999993,0.019731739292151194,0.0008439431433149334,0.069120937954931,0.006349206349206349,0.5656565656565656,0.25,6.7320007761342175,Low Priority,0.7620318787671608,Low,Low
3525,1970,Graduation,Together,38200.0,1,1,2012-12-07,19,12,0,4,0,0,1,1,1,0,2,7,0,0,0,0,0,0,0,56,2,17,4977,3,4.25,0,Low-Value Customers,45.99049999999992,0.05195579457579458,0.0010175854678539354,0.05484738380836652,0.004761904761904762,0.8080808080808081,0.25,8.749507851225733,Low Priority,2.389472970438076,Low,Low
6818,1974,Graduation,Married,44989.0,0,1,2012-09-12,26,98,0,106,49,10,106,5,5,1,5,6,0,0,0,0,0,0,0,52,1,369,5063,11,30.75,0,Low-Value Customers,2906.032366666672,0.25929249141400956,0.06839393272624404,0.06505738898179675,0.14444444444444446,0.7373737373737373,0.25,18.834701967560928,Low Priority,753.5123724827519,Low,Low
3526,1968,PhD,Married,38443.0,1,1,2014-01-27,58,32,0,5,0,0,1,2,1,0,3,7,0,0,0,0,0,0,0,58,2,38,4561,4,7.6,2,Dormant Customers,61.36263333333337,0.007341242784920741,0.0013797193952065651,0.05521283251320428,0.013095238095238096,0.41414141414141414,0.5,8.080892832671505,Low Priority,0.45047798922207055,Low,Low
8181,1978,2n Cycle,Single,38593.0,1,0,2013-09-13,42,51,12,49,17,24,24,3,4,1,3,8,0,0,0,0,0,0,0,48,1,177,4697,8,19.666666666666668,0,Low-Value Customers,900.0491333333327,0.43960986175253497,0.021137343758510865,0.0554384181334745,0.06825396825396826,0.5757575757575757,0.25,20.77939774926352,Low Priority,395.6704750751553,Low,Low
1029,1970,PhD,Together,64413.0,0,1,2013-08-01,27,200,5,44,0,10,20,1,5,1,5,5,0,0,0,0,0,0,0,56,1,279,4740,11,23.25,1,Loyal Customers,2483.32033333333,0.07365376904158544,0.05843575935818727,0.0942692229026553,0.10873015873015873,0.7272727272727273,0.75,17.672694098335754,Low Priority,182.90590228760604,Low,Low
7369,1981,Master,Married,36959.0,1,0,2013-10-02,56,25,6,25,6,0,0,2,2,0,3,8,0,0,0,0,0,0,0,45,1,62,4678,5,10.333333333333334,0,Low-Value Customers,136.56776666666715,0.08583978696337753,0.0031513882781470026,0.05298103877666422,0.02261904761904762,0.43434343434343425,0.25,8.210548531015265,Low Priority,11.72294799673096,Low,Low
2574,1977,PhD,Married,61996.0,0,1,2013-01-31,27,1050,12,144,0,0,24,3,6,4,8,5,0,1,0,1,1,0,1,49,1,1230,4922,18,64.73684210526316,1,Loyal Customers,13677.547966666705,0.7317988450577858,0.322147342430911,0.09063428660803445,0.4861111111111111,0.7272727272727273,0.75,50.952758793771544,Email Nurture Campaign,10009.213805229161,Medium,Low
8159,1968,Graduation,Married,51287.0,1,1,2014-04-01,10,117,0,22,13,0,30,3,4,1,3,7,0,0,0,0,0,0,0,58,2,182,4497,8,20.22222222222222,0,Low-Value Customers,1437.6525000000042,0.4379734729197839,0.03380210630690988,0.07452897722487578,0.07023809523809524,0.898989898989899,0.25,22.947078072570495,Low Priority,629.6536582768115,Low,Low
1160,1970,Graduation,Married,13260.0,1,1,2013-08-23,48,9,4,17,10,2,7,4,3,0,3,8,0,0,0,0,0,0,0,56,2,49,4718,6,7.0,0,Low-Value Customers,154.62886666666648,0.15171609067935204,0.0035768683942429005,0.017340014678104358,0.01746031746031746,0.5151515151515151,0.25,10.16985125665123,Low Priority,23.45968715684541,Low,Low
10242,1966,PhD,Together,47472.0,1,1,2013-09-16,39,56,0,11,0,0,8,2,2,0,4,5,0,0,0,0,0,0,0,60,2,75,4694,6,10.714285714285714,0,Low-Value Customers,273.0092333333333,0.02404431925378995,0.006365651588666842,0.06879158294933647,0.027777777777777776,0.606060606060606,0.25,7.547184651736766,Low Priority,6.564321165499099,Low,Low
5253,1956,Master,Together,54603.0,1,1,2013-07-09,85,145,13,46,17,2,4,6,4,2,4,7,0,0,0,0,0,0,0,70,2,227,4763,10,20.63636363636364,2,Dormant Customers,359.0009000000001,0.3559704310483056,0.008391427666348407,0.0795159233369828,0.08809523809523809,0.14141414141414133,0.5,18.754514273308725,Low Priority,127.7937051197297,Low,Low
5966,1974,PhD,Married,45207.0,1,1,2012-11-10,64,203,0,10,0,0,2,5,3,1,6,6,0,1,0,0,0,0,0,52,2,215,5004,10,19.545454545454547,2,Dormant Customers,840.697466666667,0.1530474719612766,0.01973914796623803,0.06538524008325614,0.08333333333333334,0.3535353535353535,0.5,13.855127766334768,Low Priority,128.66662195758298,Low,Low
5314,1951,Graduation,Together,40689.0,0,1,2013-03-18,69,270,3,27,39,6,99,7,7,1,5,8,0,0,0,0,0,0,0,75,1,444,4876,13,31.714285714285715,1,Loyal Customers,1766.999400000004,0.33372182069477035,0.041560800807678336,0.05859060120071706,0.17420634920634923,0.303030303030303,0.75,23.472631410327384,Low Priority,589.6862569345682,Low,Low
5081,1967,2n Cycle,Together,47821.0,1,1,2013-10-20,54,9,0,16,6,6,10,1,1,0,3,8,0,0,0,0,0,0,0,59,2,47,4660,4,9.4,2,Dormant Customers,73.91479999999984,0.017107514579591813,0.0016754210595896044,0.06931644549249853,0.016666666666666666,0.4545454545454545,0.5,8.779379796827701,Low Priority,1.2644985186476103,Low,Low
5123,1951,Master,Married,27450.0,0,0,2013-04-15,57,37,12,23,8,11,52,1,2,1,3,7,0,0,0,0,0,0,0,75,0,143,4848,6,20.428571428571427,2,Dormant Customers,315.58036666666743,0.27440220843399427,0.0073685346219816246,0.03868041435566731,0.05476190476190476,0.4242424242424242,0.5,16.782567127876643,Low Priority,86.59594955174322,Low,Low
5756,1983,Graduation,Together,39453.0,1,0,2014-04-03,64,46,0,7,0,0,2,2,2,0,3,6,0,0,0,0,0,0,0,43,1,55,4495,5,9.166666666666666,2,Dormant Customers,103.91203333333327,0.046066681342157925,0.0023820904385987965,0.056731775689690435,0.01984126984126984,0.3535353535353535,0.5,9.086076725615422,Low Priority,4.786882527182356,Low,Low
8036,1971,2n Cycle,Together,26850.0,1,1,2014-04-18,10,31,1,13,7,2,9,4,2,1,4,4,0,0,0,0,0,0,0,55,2,63,4480,7,7.875,0,Low-Value Customers,794.1234000000007,0.2656589300532013,0.018641964555903553,0.03777807187458643,0.023015873015873017,0.898989898989899,0.25,16.2469951472066,Low Priority,210.9659727742106,Low,Low
9058,1955,Graduation,Widow,79800.0,0,0,2012-09-23,65,1060,21,530,32,0,224,1,5,11,5,3,1,0,1,1,0,0,1,71,0,1867,5052,21,84.86363636363636,3,Premium VIP Customers,12013.642733333363,0.9145514405369067,0.2829493649073233,0.11740979582997461,0.7388888888888889,0.3434343434343434,1.0,59.899627172131694,Email Nurture Campaign,10987.094267865768,Medium,Medium
5057,1961,Master,Married,61794.0,0,1,2013-09-14,74,264,47,188,54,47,11,2,4,4,10,2,0,0,0,0,0,0,0,65,1,611,4696,18,32.1578947368421,1,Loyal Customers,3591.4751999999926,0.031111890625664808,0.08454147060066883,0.09033049797273722,0.24047619047619048,0.2525252525252525,0.75,16.7426749362865,Low Priority,111.7375836071874,Low,Low
254,1955,Graduation,Together,53863.0,0,1,2014-05-17,4,399,4,30,6,4,30,3,7,1,7,7,0,1,0,0,0,0,0,71,1,473,4451,15,29.5625,1,Loyal Customers,6751.453699999973,0.6316573106345156,0.15898367063502902,0.07840303427698304,0.18571428571428572,0.9595959595959596,0.75,39.58695386455025,Low Priority,4264.605087015432,Low,Low
4179,1959,Graduation,Together,24221.0,0,0,2013-08-20,94,8,9,9,2,5,22,1,1,1,3,4,0,0,0,0,0,0,0,67,0,55,4721,5,9.166666666666666,2,Dormant Customers,17.9368,0.015997377425150675,0.00035670149440160403,0.03382430790331701,0.01984126984126984,0.050505050505050386,0.5,6.379009746764037,Low Priority,0.28694175939944266,Low,Low
3710,1984,PhD,Single,39684.0,1,0,2012-10-12,41,19,0,35,6,4,17,2,2,1,2,7,0,0,0,0,0,1,1,42,1,81,5033,5,13.5,0,Low-Value Customers,255.60876666666576,0.7807774499638357,0.005955734552746727,0.05707917754490658,0.030158730158730156,0.5858585858585859,0.25,30.054461192620423,Low Priority,199.57356102640037,Low,Low
7627,1975,Master,Married,92163.0,0,0,2012-12-12,25,817,183,797,106,163,20,0,5,11,5,2,0,0,1,1,0,0,1,51,0,2086,4972,21,94.8181818181818,3,Premium VIP Customers,31536.271733333324,0.7767337899313133,0.7428599159489231,0.13600256265264626,0.8257936507936507,0.7474747474747474,1.0,73.07211530221205,Cross-Sell Campaign,24495.28786373574,High,High
4501,1965,Master,Single,69882.0,0,0,2013-11-10,94,292,127,635,132,127,165,1,3,7,9,1,0,0,0,0,0,0,0,61,0,1478,4639,19,73.9,3,Premium VIP Customers,1638.2090333333297,0.12526382626246074,0.03852678072244699,0.10249407461770757,0.5845238095238096,0.050505050505050386,1.0,24.959041351106702,Low Priority,205.20833173305996,Low,Low
6424,1977,Graduation,Together,33178.0,1,0,2014-01-30,9,12,6,2,11,2,16,1,1,0,3,4,0,0,0,0,0,0,0,49,1,49,4558,4,9.8,0,Low-Value Customers,156.70333333333355,0.051282684869825304,0.0036257383035048284,0.0472947772417195,0.01746031746031746,0.9090909090909091,0.25,9.427559774976407,Low Priority,8.036167661384535,Low,Low
3075,1972,PhD,Married,59973.0,0,0,2013-09-11,47,130,30,168,20,34,0,1,3,4,7,1,0,0,0,0,0,0,0,54,0,382,4699,14,25.466666666666665,1,Loyal Customers,4005.9722666666526,0.03748556508484514,0.09430611727483297,0.08759188854265673,0.1496031746031746,0.5252525252525252,0.75,17.199979601527158,Low Priority,150.16613413021742,Low,Low
4992,1975,Master,Together,17459.0,1,0,2013-09-19,12,6,4,16,3,10,30,3,3,1,2,7,0,0,0,0,0,0,1,51,1,69,4691,6,9.857142857142858,0,Low-Value Customers,424.0858333333353,0.9385487503582478,0.009924686714289133,0.023654908141535428,0.025396825396825397,0.8787878787878788,0.25,35.96564396848324,Low Priority,398.025228919638,Low,Low
5252,1969,Graduation,Divorced,23910.0,1,0,2012-10-26,80,16,12,18,7,1,13,1,2,0,3,7,0,0,0,0,0,0,0,57,1,67,5019,5,11.166666666666666,2,Dormant Customers,40.00963333333336,0.2157496322025326,0.0008766892963202265,0.033356593717290085,0.024603174603174603,0.19191919191919182,0.5,13.160999160782064,Low Priority,8.632063676224861,Low,Low
7444,1969,Master,Married,42169.0,1,1,2013-10-19,20,19,0,9,0,0,2,2,1,0,3,8,0,0,0,0,0,0,0,57,2,30,4661,4,6.0,0,Low-Value Customers,107.99009999999988,0.0541842828827881,0.002478160793050086,0.06081637932071658,0.00992063492063492,0.797979797979798,0.25,8.946745617190826,Low Priority,5.851366126940569,Low,Low
6919,1978,2n Cycle,Married,26224.0,1,0,2013-06-04,39,4,7,15,13,9,15,3,2,1,3,6,0,0,0,0,0,0,0,48,1,63,4798,6,9.0,0,Low-Value Customers,244.04793333333402,0.2930858727251805,0.00568338653912455,0.036836627885992033,0.023015873015873017,0.606060606060606,0.25,15.206985182330197,Low Priority,71.52700152777687,Low,Low
3537,1981,Graduation,Together,31089.0,1,0,2012-08-17,57,31,3,31,2,8,4,3,3,0,4,8,0,0,0,0,0,0,0,45,1,79,5089,7,9.875,2,Dormant Customers,345.14400000000063,0.19558078887382083,0.008064989330879955,0.04415312150342288,0.029365079365079365,0.4242424242424242,0.5,14.112592872863564,Low Priority,67.50353579506614,Low,Low
10277,1961,Graduation,Single,30081.0,0,1,2013-02-21,27,36,0,2,0,0,4,1,1,0,3,7,0,0,0,0,0,0,0,65,1,42,4901,4,8.4,0,Low-Value Customers,118.45293333333296,0.013187439950075345,0.002724642321935855,0.042637186135207,0.014682539682539682,0.7272727272727273,0.25,7.260336061114139,Low Priority,1.5620909452436067,Low,Low
2453,1960,Graduation,Together,62807.0,0,1,2012-08-31,83,526,28,135,10,21,99,3,5,3,12,5,0,0,0,0,0,0,0,66,1,819,5075,20,39.0,1,Loyal Customers,2827.060299999987,0.05460352878621555,0.06653352311145451,0.09185395286162878,0.32301587301587303,0.16161616161616155,0.75,17.705969988865295,Low Priority,154.36746847141646,Low,Low
7972,1955,Graduation,Single,72906.0,0,0,2013-09-17,79,400,32,519,71,75,54,1,3,4,9,1,0,0,0,0,0,0,0,71,0,1151,4693,16,67.70588235294117,3,Premium VIP Customers,4656.25383333333,0.08414619902216827,0.10962533241014424,0.10704188072235524,0.45476190476190476,0.202020202020202,1.0,24.71509433172251,Low Priority,391.8060617574003,Low,Low
895,1948,PhD,Married,61467.0,0,2,2012-12-09,69,410,16,114,0,5,49,3,5,2,10,5,0,0,0,0,0,0,0,78,2,594,4975,17,33.0,1,Loyal Customers,3704.3674000000005,0.07812892876051443,0.0872009645607447,0.08983872132054814,0.23373015873015873,0.303030303030303,0.75,18.37938790894715,Low Priority,289.4182566973721,Low,Low
1177,1966,Master,Together,49618.0,1,1,2013-01-26,77,80,3,26,4,2,14,4,3,1,3,7,0,0,0,0,0,0,0,60,2,129,4927,7,16.125,2,Dormant Customers,197.29893333333382,0.2612168626039729,0.004582082081070059,0.07201896122333577,0.049206349206349205,0.2222222222222222,0.5,15.543364301990994,Low Priority,51.537808360443876,Low,Low
7141,1986,Master,Single,21888.0,1,0,2012-12-29,15,88,10,46,2,3,64,4,5,1,2,10,0,0,0,0,0,0,1,40,1,213,4955,8,23.666666666666668,0,Low-Value Customers,1398.0148000000036,0.9595501577212678,0.03286832856370624,0.0303156995560475,0.08253968253968255,0.8484848484848485,0.25,38.05623106462918,Low Priority,1341.4653218366702,Low,Low
7232,1973,Graduation,Widow,42429.0,0,1,2014-02-11,99,55,0,6,2,0,4,2,1,1,3,5,0,0,0,0,0,0,0,53,1,67,4546,5,11.166666666666666,2,Dormant Customers,5.59989999999998,0.04333290969996596,6.607104308558855e-05,0.06120739439585163,0.024603174603174603,0.0,0.5,7.283090985297683,Low Priority,0.24265996102883855,Low,Low
8477,1956,Graduation,Divorced,26150.0,2,1,2013-03-11,61,5,1,13,3,5,1,1,1,0,3,7,0,0,0,0,0,0,0,70,3,28,4883,4,5.6,2,Dormant Customers,47.83696666666679,0.02328700407854188,0.0010610841944929913,0.03672533897999206,0.009126984126984128,0.38383838383838376,0.5,8.153792719087647,Low Priority,1.1139796378717415,Low,Low
2457,1975,Basic,Married,30801.0,0,1,2012-10-26,23,8,4,5,15,2,11,2,1,0,3,7,0,0,0,0,0,0,0,51,1,45,5019,4,9.0,0,Low-Value Customers,125.90546666666613,0.02421802715783673,0.0029002077497268124,0.04371999711250406,0.015873015873015872,0.7676767676767676,0.25,7.8272260948310235,Low Priority,3.0491820110534276,Low,Low
988,1965,Graduation,Married,81168.0,0,0,2014-05-07,84,410,0,592,147,22,22,1,6,4,7,3,0,0,0,1,0,0,0,61,0,1193,4461,17,66.27777777777777,3,Premium VIP Customers,3178.7832666666577,0.2701935811077454,0.07481934892997798,0.11946713668683903,0.4714285714285714,0.1515151515151515,1.0,29.37406359700442,Low Priority,858.8868343860414,Low,Low
7930,1969,Master,Single,26877.0,0,0,2013-08-19,74,101,13,76,20,18,40,2,3,1,6,6,0,0,0,0,0,0,0,57,0,268,4722,10,24.363636363636363,2,Dormant Customers,712.3119666666647,0.18749367722290075,0.016714665656465483,0.037818677286235065,0.10436507936507936,0.2525252525252525,0.5,14.332539512345791,Low Priority,133.55398996020926,Low,Low
4587,1944,Master,Widow,45006.0,0,0,2013-07-18,90,162,25,53,16,0,10,1,3,1,7,3,0,0,0,0,0,0,0,82,0,266,4754,11,22.166666666666668,2,Dormant Customers,548.7136999999998,0.05037350305689466,0.01286064737992514,0.06508295535209403,0.10357142857142856,0.09090909090909083,0.5,9.555970949742418,Low Priority,27.64063124430997,Low,Low
6682,1973,Basic,Married,18978.0,1,0,2012-12-11,41,2,8,1,4,7,15,1,1,0,3,8,0,0,0,0,0,0,0,53,1,37,4973,4,7.4,0,Low-Value Customers,86.61986666666665,0.027583230432508803,0.0019747247144245657,0.0259393385228052,0.012698412698412698,0.5858585858585859,0.25,6.765901159405173,Low Priority,2.3892557422998544,Low,Low
6222,1967,Graduation,Married,22574.0,2,1,2013-10-28,28,25,0,8,2,0,2,2,2,0,3,7,0,0,0,0,0,0,0,59,3,37,4652,5,6.166666666666667,0,Low-Value Customers,143.88246666666643,0.034192834904535716,0.003323706653285088,0.03134737779274998,0.012698412698412698,0.7171717171717171,0.25,7.7153048009969,Low Priority,4.919749428390689,Low,Low
10299,1969,PhD,Single,48240.0,0,0,2012-11-09,73,389,91,248,64,49,41,3,6,3,13,5,0,0,0,0,0,0,1,57,0,882,5005,22,38.34782608695652,1,Loyal Customers,5101.454766666676,0.61347496298181,0.12011329520314586,0.06994658132512001,0.348015873015873,0.26262626262626254,0.75,36.74048296716928,Low Priority,3129.6147741342174,Low,Low
3083,1974,Graduation,Married,45837.0,1,1,2013-07-26,88,215,13,87,17,17,24,5,6,2,5,7,0,0,0,0,0,0,0,52,2,373,4746,13,26.642857142857142,2,Dormant Customers,594.647066666668,0.23447673786579518,0.013942737295933033,0.06633269968839106,0.14603174603174604,0.11111111111111105,0.5,15.861942997767503,Low Priority,139.43090437346436,Low,Low
8953,1965,Master,Single,35791.0,2,1,2013-05-06,94,27,0,5,0,0,3,2,1,0,3,8,0,0,0,0,0,0,0,61,3,35,4827,4,7.0,2,Dormant Customers,9.052033333333378,0.0024387224379761696,0.00014739577366375202,0.051224478746826764,0.011904761904761904,0.050505050505050386,0.5,6.0209250149141464,Low Priority,0.02207539679930833,Low,Low
1503,1976,PhD,Together,162397.0,1,1,2013-06-03,31,85,1,16,2,1,2,0,0,0,1,1,0,0,0,0,0,0,0,50,2,107,4799,1,53.5,0,Low-Value Customers,770.1340333333324,0.05655613189206005,0.01807682740952811,0.2416277656797045,0.04047619047619048,0.6868686868686869,0.25,11.196752727330981,Low Priority,43.55580196376412,Low,Low
8650,1978,Graduation,Widow,54162.0,1,1,2013-03-18,31,5,6,10,6,5,10,1,1,0,3,4,0,0,0,0,0,0,0,48,2,42,4876,4,8.4,0,Low-Value Customers,106.61199999999984,0.003907188599198041,0.002445695763345816,0.07885270161338835,0.014682539682539682,0.6868686868686869,0.25,7.133695076591728,Low Priority,0.4165531909377009,Low,Low
10862,1960,Master,Married,30522.0,0,1,2012-08-17,6,179,8,83,19,11,26,5,1,2,9,2,0,0,0,0,0,0,0,66,1,326,5089,12,25.07692307692308,0,Low-Value Customers,4867.3379666666815,0.24991776171921515,0.11459801411594732,0.043300407858801446,0.1273809523809524,0.9393939393939394,0.25,20.47616133632687,Low Priority,1216.4342101602929,Low,Low
2782,1961,PhD,Married,54456.0,0,1,2013-07-11,23,352,0,27,10,0,15,3,6,1,7,6,0,0,0,0,0,0,0,65,1,404,4761,14,26.933333333333334,1,Loyal Customers,5527.131799999996,0.161737940581158,0.1301413175031179,0.07929484942911799,0.15833333333333335,0.7676767676767676,0.75,23.262710075203298,Low Priority,893.9469146526282,Low,Low
6941,1971,Graduation,Single,31632.0,0,0,2013-07-14,92,17,8,12,11,15,32,1,2,1,2,7,0,0,0,0,0,0,0,55,0,95,4758,5,15.833333333333334,2,Dormant Customers,36.6157666666667,0.15744983719021666,0.000796737201301242,0.04496974144880109,0.03571428571428571,0.07070707070707061,0.5,11.086344285483188,Low Priority,5.765146500261634,Low,Low
10972,1949,Graduation,Widow,72298.0,0,0,2014-03-10,52,625,35,169,58,17,35,1,4,3,6,1,0,1,1,0,0,0,0,77,0,939,4519,13,67.07142857142857,1,Loyal Customers,6883.260966666697,0.07137163582497054,0.1620887623029586,0.10612750700819326,0.37063492063492065,0.4747474747474747,0.75,23.49834819718099,Low Priority,491.26959500117016,Low,Low
10708,1978,2n Cycle,Single,36975.0,1,0,2013-12-28,50,10,6,11,0,4,2,1,1,0,3,7,0,0,0,0,0,0,0,48,1,33,4591,4,6.6,0,Low-Value Customers,70.36066666666672,0.02292249013914466,0.0015916934315222699,0.053005101242826376,0.011111111111111112,0.4949494949494949,0.25,6.406890660962413,Low Priority,1.6128416878503122,Low,Low
6583,1955,2n Cycle,Married,72635.0,0,0,2013-06-03,54,390,22,323,104,35,107,1,6,8,6,3,0,0,0,1,0,0,0,71,0,981,4799,20,46.71428571428572,3,Premium VIP Customers,10294.849366666693,0.20327923366815634,0.2424583426996936,0.1066343227017337,0.3873015873015873,0.4545454545454545,1.0,32.520721600303915,Low Priority,2092.72908998511,Low,Low
3641,1976,Graduation,Married,13624.0,1,0,2013-01-20,93,10,2,15,2,1,6,2,2,0,3,6,0,0,0,0,0,0,0,50,1,36,4933,5,6.0,2,Dormant Customers,15.979399999999996,0.01612234708423731,0.00031058942042791785,0.01788743578329343,0.012301587301587301,0.06060606060606055,0.5,6.159416565527004,Low Priority,0.2576254329978616,Low,Low
10156,1975,Graduation,Single,84196.0,0,1,2013-06-03,56,215,63,507,231,31,190,1,8,4,7,3,0,0,0,0,0,0,0,51,1,1237,4799,19,61.85,3,Premium VIP Customers,10376.051066666643,0.4288136517473805,0.24437127761191738,0.12402095840802724,0.4888888888888889,0.43434343434343425,1.0,40.94080796990971,Email Nurture Campaign,4449.392348614626,Low,Low
4299,1960,Graduation,Together,70971.0,0,1,2012-09-21,28,1001,17,572,93,125,17,7,11,11,5,7,0,0,0,0,0,0,1,66,1,1825,5054,27,65.17857142857143,3,Premium VIP Customers,30237.528466666678,0.5548431942590855,0.7122643577669678,0.10413182622086938,0.7222222222222222,0.7171717171717171,1.0,63.473736742182204,Cross-Sell Campaign,16777.086880945364,High,Medium
3469,1977,PhD,Divorced,34487.0,1,1,2012-09-06,94,19,18,33,24,1,8,3,3,0,3,9,0,0,0,0,0,0,0,49,2,103,5069,6,14.714285714285714,2,Dormant Customers,44.38576666666663,0.15882448132054958,0.0009797814512121123,0.04926338775461097,0.03888888888888889,0.050505050505050386,0.5,11.122620346557547,Low Priority,7.049546368848267,Low,Low
5063,1977,Graduation,Single,28769.0,1,0,2012-12-18,76,41,5,129,10,3,3,3,4,1,4,9,0,0,0,0,0,0,0,49,1,191,4966,9,19.1,2,Dormant Customers,343.772333333334,0.19605435655538783,0.00803267585647484,0.04066406390991013,0.0738095238095238,0.23232323232323226,0.5,13.798010630214,Low Priority,67.39806361321111,Low,Low
10727,1970,PhD,Married,69084.0,1,0,2013-11-19,43,1181,107,199,39,30,30,2,7,3,13,8,0,0,0,0,0,0,0,56,1,1586,4630,23,66.08333333333333,3,Premium VIP Customers,19664.8933333333,0.2329607413518532,0.4631961380034749,0.10129395911787,0.6273809523809524,0.5656565656565656,1.0,44.136643085835665,Email Nurture Campaign,4581.148129538442,Low,Low
9624,1958,PhD,Together,65488.0,0,0,2014-06-13,46,603,45,207,36,18,54,1,3,4,6,1,0,0,0,0,0,0,0,68,0,963,4424,13,68.78571428571429,1,Loyal Customers,6339.394166666675,0.04573318141147003,0.14927644692877196,0.09588591984792522,0.38015873015873014,0.5353535353535352,0.75,22.688296677835144,Low Priority,289.9206634629819,Low,Low
5156,1970,2n Cycle,Married,62466.0,0,1,2014-01-15,13,129,129,259,168,121,83,5,6,3,12,4,0,0,0,0,0,0,0,56,1,889,4573,21,40.40909090909091,1,Loyal Customers,16182.801533333293,0.08877507859890399,0.3811656513044016,0.09134112155154782,0.3507936507936508,0.8686868686868687,0.75,32.11697221795375,Low Priority,1436.629478072127,Low,Low
4376,1960,2n Cycle,Single,32218.0,0,0,2014-02-15,27,10,24,15,13,1,30,1,2,1,3,7,1,0,0,0,0,0,1,66,0,93,4542,6,13.285714285714286,0,Low-Value Customers,433.4105999999984,0.7048166335350642,0.010144357875176296,0.045851029271990085,0.03492063492063492,0.7272727272727273,0.25,28.567513195200277,Low Priority,305.47500003041114,Low,Low
8923,1973,Graduation,Single,83917.0,0,0,2013-04-18,12,514,22,732,42,198,79,1,6,7,7,3,0,0,0,0,0,0,1,53,0,1587,4845,20,75.57142857142857,3,Premium VIP Customers,29209.78000000005,0.9604849090882742,0.688052845903642,0.12360136915432463,0.6277777777777778,0.8787878787878788,1.0,74.50275240190679,Cross-Sell Campaign,28055.552887788537,High,High
8461,1962,Graduation,Divorced,46102.0,2,1,2014-03-10,3,14,0,1,0,0,1,1,1,0,2,7,0,0,0,0,0,0,0,64,3,16,4519,3,4.0,0,Low-Value Customers,50.4734666666665,0.026544501903325437,0.001123194383024518,0.06673123428420179,0.004365079365079365,0.9696969696969697,0.25,8.911304270393556,Low Priority,1.339793032000762,Low,Low
6945,1952,Graduation,Single,84574.0,0,0,2013-06-04,72,387,20,713,38,54,163,1,9,11,11,5,0,0,0,0,0,0,0,74,0,1375,4798,31,42.96875,3,Premium VIP Customers,10281.126633333335,0.7568292449198626,0.24213506503820953,0.12458943417110818,0.5436507936507936,0.2727272727272727,1.0,50.73322190885151,Email Nurture Campaign,7781.057306831157,Medium,Low
944,1962,Graduation,Married,56181.0,0,1,2013-01-08,6,121,103,69,8,44,48,1,4,2,7,4,0,0,0,0,0,0,0,64,1,393,4945,13,28.071428571428573,1,Loyal Customers,5019.94423333332,0.14632300387171535,0.1181930848513004,0.08188908406222553,0.15396825396825398,0.9393939393939394,0.75,23.260867008806233,Low Priority,734.5333194898265,Low,Low
1907,1950,Master,Divorced,63120.0,0,1,2012-09-28,53,965,69,279,54,41,69,5,8,4,9,7,0,0,0,0,0,0,1,76,1,1477,5047,21,67.13636363636364,1,Loyal Customers,12453.978133333405,0.42732952470263325,0.2933227063490494,0.09232467485592598,0.5841269841269842,0.46464646464646464,0.75,41.12795076524682,Email Nurture Campaign,5321.952556374352,Medium,Low
701,1971,Graduation,Married,73691.0,0,1,2013-11-06,58,707,21,250,85,43,73,2,6,2,8,2,1,0,0,0,0,0,0,55,1,1179,4643,16,69.3529411764706,1,Loyal Customers,7141.738766666626,0.19895851286101202,0.16817793540715414,0.10822244546843605,0.4658730158730159,0.41414141414141414,0.75,28.655120211531653,Low Priority,1420.90972425783,Low,Low
3856,1960,Graduation,Together,63381.0,0,1,2012-10-05,78,571,50,142,33,50,159,4,4,5,13,2,0,0,0,0,0,0,0,66,1,1005,5040,22,43.69565217391305,3,Premium VIP Customers,5078.899499999986,0.04074797493768876,0.11958194232431137,0.09271719383519617,0.39682539682539686,0.21212121212121204,1.0,22.750056469198977,Low Priority,206.9548695370394,Low,Low
4149,1948,PhD,Together,76140.0,0,0,2014-05-13,57,586,66,653,17,0,26,1,5,9,6,2,0,0,0,0,0,0,0,78,0,1348,4455,20,64.19047619047619,3,Premium VIP Customers,11661.305466666634,0.385900928493005,0.2746490675208808,0.11190550669538121,0.5329365079365079,0.4242424242424242,1.0,41.05081468763012,Email Nurture Campaign,4500.1086070272095,Low,Low
2131,1959,PhD,Divorced,62859.0,0,1,2012-12-30,37,1063,89,102,16,12,25,4,9,4,6,6,0,0,0,0,0,0,0,67,1,1307,4954,19,65.35,1,Loyal Customers,12529.100533333316,0.5374454613283363,0.2950924262151354,0.09193215587665579,0.5166666666666667,0.6262626262626263,0.75,44.27677131638384,Email Nurture Campaign,6733.7082161664275,Medium,Low
2942,1964,Graduation,Single,45906.0,0,1,2013-05-07,20,305,3,27,4,3,144,2,5,4,4,5,1,0,0,0,0,0,0,62,1,486,4826,13,34.714285714285715,1,Loyal Customers,5479.2404666666735,0.2082371570982105,0.12901310216370612,0.06643646907371537,0.1908730158730159,0.797979797979798,0.75,25.13486669658888,Low Priority,1140.9814578361404,Low,Low
1173,1947,Master,Together,77632.0,0,0,2013-03-10,73,1200,105,758,0,42,147,1,4,2,6,2,0,1,1,0,0,0,1,79,0,2252,4884,12,173.23076923076923,3,Premium VIP Customers,6186.689533333324,0.850296808844968,0.1456790588893359,0.11414933166500234,0.8916666666666667,0.26262626262626254,1.0,55.708900661810446,Email Nurture Campaign,5260.5223675078905,Medium,Medium
4381,1971,PhD,Married,46463.0,1,1,2013-08-18,56,163,2,40,8,11,11,7,3,1,6,6,0,0,0,0,0,0,0,55,2,235,4723,10,21.363636363636363,2,Dormant Customers,1033.0913999999993,0.1536962197606111,0.024271529332312948,0.06727414367698545,0.09126984126984128,0.43434343434343425,0.5,14.552538700322366,Low Priority,158.7822428471973,Low,Low
4611,1970,Graduation,Together,105471.0,0,0,2013-01-21,36,1009,181,104,202,21,207,0,9,8,13,3,0,0,1,1,0,0,1,56,0,1724,4932,30,55.61290322580645,3,Premium VIP Customers,32546.37776666666,0.9157260852075907,0.7666558105695083,0.15601651888302032,0.6821428571428572,0.6363636363636364,1.0,75.4455831011042,Cross-Sell Campaign,29803.56709995703,High,High
3376,1970,Master,Divorced,55282.0,1,0,2013-12-13,9,125,6,73,8,4,19,1,3,1,6,4,0,0,0,0,0,0,0,56,1,235,4606,10,21.363636363636363,0,Low-Value Customers,2083.5968,0.23405309991904322,0.04901914490120878,0.08053707424473934,0.09126984126984128,0.9090909090909091,0.25,17.71204025155712,Low Priority,487.6722900213987,Low,Low
4679,1977,Master,Married,78710.0,0,1,2014-05-23,42,721,0,152,119,50,50,3,7,6,12,4,0,0,0,0,0,0,0,49,1,1092,4445,25,42.0,3,Premium VIP Customers,16902.003200000003,0.19024295325528323,0.3981084736479868,0.11577054032267767,0.43134920634920637,0.5757575757575757,1.0,38.157274184350854,Low Priority,3215.4870046982483,Low,Low
10928,1958,Graduation,Together,66886.0,0,1,2013-09-16,28,315,4,62,41,31,146,2,7,1,7,5,0,0,0,0,0,0,0,68,1,599,4694,15,37.4375,1,Loyal Customers,6401.310233333322,0.09407456107747389,0.1507350543908605,0.09798837782884368,0.2357142857142857,0.7171717171717171,0.75,22.945745113911343,Low Priority,602.2004505215742,Low,Low
4248,1960,Master,Single,98777.0,0,0,2014-02-17,23,1000,19,711,125,115,38,0,4,6,9,1,0,1,0,0,0,0,0,66,0,2008,4540,19,100.4,3,Premium VIP Customers,28988.353233333328,0.33638598670819136,0.6828365143187386,0.1459493846024279,0.7948412698412698,0.7676767676767676,1.0,57.79717176283506,Email Nurture Campaign,9751.27580544042,Medium,Medium
6728,1985,Graduation,Together,29103.0,1,0,2012-08-27,38,16,0,17,6,3,6,2,1,0,3,9,0,0,0,0,0,0,0,41,1,48,5079,4,9.6,0,Low-Value Customers,86.90743333333339,0.10162708270855604,0.0019814991577706896,0.04116636789104516,0.017063492063492065,0.6161616161616161,0.25,9.356681596660716,Low Priority,8.832148915354992,Low,Low
6661,1974,Graduation,Married,67445.0,0,1,2012-08-12,63,757,80,217,29,80,11,5,9,6,12,6,0,0,0,0,0,0,0,52,1,1174,5094,27,41.92857142857143,3,Premium VIP Customers,11718.148166666586,0.0944236704751621,0.2759881575317431,0.09882906024038404,0.4638888888888889,0.36363636363636354,1.0,30.877160594126153,Low Priority,1106.4705610684507,Low,Low
4725,1950,PhD,Together,50616.0,0,1,2014-04-13,71,30,2,25,0,1,9,1,1,1,4,2,0,0,0,0,0,0,0,76,1,67,4485,6,9.571428571428571,2,Dormant Customers,147.27760000000055,0.015369310370687575,0.0034036885882075514,0.07351985755020032,0.024603174603174603,0.28282828282828276,0.5,8.081577577457889,Low Priority,2.2635551450499847,Low,Low
3277,1955,Graduation,Divorced,49431.0,0,1,2012-08-03,9,219,3,100,26,0,17,2,7,1,5,8,0,0,0,0,0,0,0,71,1,365,5103,13,26.071428571428573,1,Loyal Customers,4568.373133333318,0.514911084871714,0.10755505482801497,0.07173773115006557,0.14285714285714288,0.9090909090909091,0.75,33.57967319080421,Low Priority,2352.30596618345,Low,Low
5555,1975,Graduation,Divorced,153924.0,0,0,2014-02-07,81,1,1,1,1,1,1,0,0,0,0,0,0,0,0,0,0,0,0,51,0,6,4550,0,6.0,2,Dormant Customers,598.7966333333334,0.02352717205275345,0.01404049203440857,0.22888518594270726,0.00039682539682539715,0.18181818181818177,0.5,9.330925072085224,Low Priority,14.087991417042856,Low,Low
2564,1953,Graduation,Together,61278.0,0,1,2014-01-04,87,111,3,28,2,6,15,2,3,1,4,6,0,0,0,0,0,0,0,73,1,165,4584,8,18.33333333333333,2,Dormant Customers,315.1067333333344,0.13353058347622324,0.007357376853869303,0.08955448343900767,0.06349206349206349,0.1212121212121211,0.5,11.680625202734412,Low Priority,42.07638595928682,Low,Low
946,1958,2n Cycle,Together,26490.0,0,0,2012-09-22,92,45,47,52,21,20,25,2,3,1,5,6,0,0,0,0,0,0,0,68,0,210,5053,9,21.0,2,Dormant Customers,180.65463333333273,0.07157031596760455,0.004189978682255165,0.037236666385937894,0.08134920634920634,0.07070707070707061,0.5,9.218948952128619,Low Priority,12.929509188678368,Low,Low
3867,1947,PhD,Together,73059.0,0,1,2013-08-31,36,410,112,420,0,82,71,1,9,3,13,4,0,0,0,0,0,0,0,79,1,1095,4710,25,42.11538461538461,1,Loyal Customers,17506.546666666673,0.1576477535338182,0.4123501989239866,0.10727197805503086,0.43253968253968256,0.6363636363636364,0.75,35.34257177419787,Low Priority,2759.8677541349543,Low,Low
6940,1966,PhD,Single,46734.0,1,2,2013-10-21,86,100,1,39,6,1,76,4,3,2,3,6,1,0,0,0,0,0,0,60,3,223,4659,8,24.77777777777778,2,Dormant Customers,208.40866666666685,0.22707848445049042,0.004843803162757287,0.06768170169760698,0.0865079365079365,0.13131313131313127,0.5,14.588670349558203,Low Priority,47.325124173014146,Low,Low
55,1963,Graduation,Together,56253.0,0,1,2012-12-07,83,509,0,65,7,11,5,4,7,2,9,6,0,0,0,0,0,0,0,63,1,597,4977,18,31.42105263157895,1,Loyal Customers,1968.0620666666687,0.10443319689797974,0.04629739862042986,0.08199736515995525,0.23492063492063492,0.16161616161616155,0.75,17.173781849042175,Low Priority,205.53101331564514,Low,Low
7093,1985,Graduation,Married,19986.0,1,0,2013-11-14,74,3,6,5,0,2,6,1,0,0,3,7,0,0,0,0,0,0,0,41,1,22,4635,3,5.5,2,Dormant Customers,18.61059999999994,0.015881058429774202,0.0003725747525212868,0.027455273891021093,0.006746031746031746,0.2525252525252525,0.5,7.125978473195815,Low Priority,0.29555602601315484,Low,Low
5084,1975,Graduation,Widow,58330.0,0,1,2013-12-25,87,445,53,213,104,98,151,1,6,4,13,4,0,0,0,0,0,0,0,51,1,1064,4594,23,44.333333333333336,3,Premium VIP Customers,3105.4440333333237,0.0466051503600115,0.07309163658061651,0.08512097404863024,0.42023809523809524,0.1212121212121211,1.0,21.351745383337175,Low Priority,144.7296861081001,Low,Low
1777,1980,Basic,Married,25965.0,0,0,2012-09-07,29,2,2,11,41,7,11,1,2,0,3,8,0,0,0,0,0,0,0,46,0,74,5068,5,12.333333333333334,0,Low-Value Customers,245.572899999999,0.25419724754152867,0.005719311427108948,0.03644711671499212,0.02738095238095238,0.7070707070707071,0.25,14.608035757276872,Low Priority,62.42395525079081,Low,Low
8162,1956,Master,Together,14661.0,0,0,2013-01-01,88,4,1,11,6,2,2,1,1,0,3,6,0,0,0,0,0,0,0,70,0,26,4952,4,5.2,2,Dormant Customers,14.150633333333326,0.018288349775640173,0.00026750766717669437,0.01944698437142823,0.008333333333333333,0.11111111111111105,0.5,6.431701122554344,Low Priority,0.25879173194683286,Low,Low
10826,1959,Graduation,Married,18690.0,0,0,2012-12-28,77,6,1,7,23,4,19,1,1,1,2,8,0,0,0,0,0,0,0,67,0,60,4956,4,12.0,2,Dormant Customers,54.23653333333362,0.12759883095986618,0.0012118440246415949,0.025506214131886376,0.021825396825396824,0.2222222222222222,0.5,10.557874454346162,Low Priority,6.920518248649184,Low,Low
8754,1974,PhD,Together,45068.0,0,1,2013-05-16,25,14,0,3,0,0,3,1,1,0,2,7,0,0,0,0,0,0,0,52,1,20,4817,3,5.0,0,Low-Value Customers,46.85860000000001,0.023002129563289994,0.0010380360101123194,0.0651761974084724,0.005952380952380952,0.7474747474747474,0.25,7.6996263929462465,Low Priority,1.0778475883543808,Low,Low
1987,1987,Basic,Single,21063.0,1,0,2013-09-25,34,1,10,11,19,3,15,2,2,0,3,6,0,0,0,0,0,0,0,39,1,59,4685,5,9.833333333333334,0,Low-Value Customers,178.59676666666607,0.06728621675877783,0.004141499832780701,0.02907497864456128,0.02142857142857143,0.6565656565656566,0.25,8.537838138449223,Low Priority,12.01710075435016,Low,Low
11007,1968,PhD,Married,29187.0,1,0,2013-05-09,43,26,0,6,0,0,2,1,1,0,3,8,0,0,0,0,0,0,0,58,1,34,4824,4,6.8,0,Low-Value Customers,81.9482666666669,0.031638609173323104,0.0018646720094202432,0.041292695838396475,0.011507936507936509,0.5656565656565656,0.25,6.918927269768141,Low Priority,2.592729181497935,Low,Low
7426,1971,2n Cycle,Married,54690.0,1,1,2013-11-07,76,111,16,37,7,9,18,3,3,1,5,3,0,0,0,0,0,0,0,55,2,198,4642,9,19.8,2,Dormant Customers,456.7037333333306,0.06689698474306065,0.01069309328303649,0.07964676299673953,0.07658730158730159,0.23232323232323226,0.5,10.434595656175997,Low Priority,30.552102680898656,Low,Low
9153,1964,PhD,Married,59304.0,0,1,2013-07-29,81,418,61,428,80,51,10,3,7,8,10,5,0,0,0,0,0,0,0,62,1,1048,4743,25,40.30769230769231,3,Premium VIP Customers,4995.792099999998,0.12240043204475765,0.11762411327733059,0.08658577667625154,0.4138888888888889,0.18181818181818177,1.0,25.184018368849404,Low Priority,611.4871114457868,Low,Low
10379,1962,Master,Single,59247.0,0,2,2013-11-08,87,327,9,122,19,14,83,5,5,2,9,6,0,0,0,0,0,0,0,64,2,574,4641,16,33.76470588235294,1,Loyal Customers,1366.7159999999994,0.10423250689505639,0.03213099711337018,0.08650005414054886,0.2257936507936508,0.1212121212121211,0.75,16.448871029623653,Low Priority,142.45623489358383,Low,Low
9204,1970,Graduation,Widow,66731.0,0,1,2012-09-12,33,371,159,194,58,106,141,4,4,3,6,3,0,0,0,0,0,0,0,56,1,1029,5063,13,73.5,1,Loyal Customers,8087.767233333347,0.145917675798578,0.19046430234091763,0.09775527268789778,0.40634920634920635,0.6666666666666666,0.75,27.997583499635276,Low Priority,1180.1481970878974,Low,Low
3197,1980,Graduation,Married,77353.0,0,1,2013-12-16,38,275,59,107,69,101,59,2,6,4,8,4,0,0,0,0,0,0,0,46,1,670,4603,18,35.26315789473684,1,Loyal Customers,9294.593500000006,0.13588924709451758,0.2188944965178464,0.11372974241129974,0.2638888888888889,0.6161616161616161,0.75,26.319951146625332,Low Priority,1263.0353127645978,Low,Low
2920,1975,PhD,Single,52614.0,0,1,2012-12-01,63,789,0,142,12,9,38,2,2,4,8,8,0,0,0,0,0,0,0,51,1,990,4983,14,66.0,3,Premium VIP Customers,5006.374999999976,0.12662196436030435,0.11787342331495966,0.07652465801219967,0.39087301587301587,0.36363636363636354,1.0,25.781385266656976,Low Priority,633.9170368243157,Low,Low
6961,1974,Graduation,Married,26751.0,2,0,2014-05-22,26,1,1,5,0,3,1,1,1,0,2,8,0,0,0,0,0,0,0,52,2,11,4446,3,2.75,0,Low-Value Customers,30.000300000000014,0.22145352736990231,0.0006408912381338828,0.03762918536520808,0.002380952380952381,0.7373737373737373,0.25,13.26170738447614,Low Priority,6.643672257155283,Low,Low
4673,1963,PhD,Married,81300.0,0,1,2012-10-30,17,1004,12,145,32,12,36,3,10,3,5,5,0,0,0,1,0,0,1,63,1,1241,5015,18,65.3157894736842,1,Loyal Customers,18837.344900000004,0.8819690322486652,0.44370090219338343,0.11966565203267683,0.4904761904761905,0.8282828282828283,0.75,59.96531155214523,Email Nurture Campaign,16613.954851587332,High,Medium
9937,1979,Graduation,Single,70337.0,0,0,2014-01-02,75,187,81,149,25,43,91,1,2,2,12,1,0,0,0,0,0,0,0,47,0,576,4586,16,33.88235294117647,1,Loyal Customers,2792.4511666666685,0.05939555549684879,0.06571820742920706,0.10317835099919391,0.2265873015873016,0.24242424242424232,0.75,16.89612713370435,Low Priority,165.85918824199024,Low,Low
8779,1985,2n Cycle,Married,36145.0,1,0,2013-06-16,13,56,4,76,17,1,18,4,4,1,3,9,1,0,0,0,0,0,1,41,1,172,4786,8,19.11111111111111,0,Low-Value Customers,1327.7524666666648,0.8969839821271106,0.031213101266153002,0.05175686081066448,0.06626984126984126,0.8686868686868687,0.25,36.200963072386514,Low Priority,1190.9726948297587,Low,Low
9596,1980,PhD,Single,65295.0,0,0,2013-12-23,19,365,32,117,34,110,6,1,3,3,13,2,0,0,0,0,0,0,0,46,0,664,4596,19,33.2,1,Loyal Customers,14705.664266666661,0.15725365782750797,0.34636751964514945,0.09559566634984419,0.2615079365079365,0.8080808080808081,0.75,31.52761507570125,Low Priority,2312.51949671661,Low,Low
2891,1963,Graduation,Divorced,68118.0,0,1,2013-10-18,51,595,23,123,10,23,154,2,8,9,4,6,0,0,0,0,0,0,0,63,1,928,4662,21,42.18181818181818,3,Premium VIP Customers,11460.873933333378,0.40093407411542503,0.2699273378326605,0.09984118772332977,0.3662698412698413,0.48484848484848475,1.0,39.0425442789659,Low Priority,4595.054879014628,Low,Low
4910,1967,Graduation,Divorced,68743.0,0,0,2012-08-30,81,1132,134,384,175,134,115,1,11,5,13,7,0,0,0,0,0,0,0,59,0,2074,5076,29,69.13333333333334,3,Premium VIP Customers,10266.115300000041,0.3264748327778411,0.24178143077178033,0.10078112780778901,0.821031746031746,0.18181818181818177,1.0,41.28006628413364,Email Nurture Campaign,3351.6282758455495,Low,Low
75,1982,2n Cycle,Together,41039.0,0,0,2013-07-25,32,34,11,137,179,61,45,1,8,1,5,8,0,0,0,0,0,0,0,44,0,467,4747,14,31.133333333333333,1,Loyal Customers,4279.040166666662,0.35497235052190634,0.10073900130703874,0.059116967648014246,0.18333333333333335,0.6767676767676767,0.75,27.896348615186877,Low Priority,1518.9409459393148,Low,Low
10120,1955,Graduation,Together,38946.0,0,1,2013-10-24,84,116,6,82,6,6,41,2,3,1,6,5,0,0,0,0,0,0,0,71,1,257,4656,10,23.363636363636363,2,Dormant Customers,420.8512333333317,0.06571821441996434,0.009848486594499897,0.05596929629317709,0.1,0.1515151515151515,0.5,10.084269750941456,Low Priority,27.657591591106335,Low,Low
6327,1967,Graduation,Together,65777.0,0,0,2013-12-19,87,565,32,435,28,32,54,1,2,8,6,1,0,0,0,0,0,0,0,59,0,1146,4600,16,67.41176470588235,3,Premium VIP Customers,2595.8231666666748,0.08641322857746654,0.061086080688991636,0.09632054814297918,0.4527777777777778,0.1212121212121211,1.0,22.785912032150808,Low Priority,224.3134606478504,Low,Low
10142,1976,PhD,Divorced,66476.0,0,1,2013-03-07,99,372,18,126,47,48,78,2,5,2,11,4,0,0,0,0,0,0,0,50,1,689,4887,18,36.26315789473684,1,Loyal Customers,322.0298666666665,0.05968285223872597,0.0075204707725350355,0.0973717771334384,0.2714285714285714,0.0,0.75,14.561246033100787,Low Priority,19.219660948723284,Low,Low
9826,1972,PhD,Single,86857.0,0,0,2012-09-12,96,899,102,838,133,102,40,1,5,6,10,2,0,0,0,0,0,0,1,54,0,2114,5063,21,96.0909090909091,3,Premium VIP Customers,1537.9245333333374,0.9447146935251612,0.03616429667094308,0.12802284731162097,0.8369047619047619,0.030303030303030276,1.0,53.41168475908591,Email Nurture Campaign,1452.8999041728305,Low,Low
1501,1982,PhD,Married,160803.0,0,0,2012-08-04,21,55,16,1622,17,3,4,15,0,28,1,0,0,0,0,0,0,0,0,44,0,1717,5102,29,57.23333333333333,3,Premium VIP Customers,36406.85926666673,0.24771677784911375,0.8576003331515303,0.2392305424882996,0.6793650793650794,0.7878787878787878,1.0,59.68168888477244,Email Nurture Campaign,9018.589869144831,Medium,Medium
10767,1989,PhD,Together,77845.0,0,0,2014-05-16,40,760,40,480,0,40,26,1,3,5,12,1,0,0,1,1,0,0,0,37,0,1346,4452,20,64.0952380952381,3,Premium VIP Customers,16843.13066666667,0.1969133918937452,0.39672156519182816,0.11446966324578606,0.5321428571428571,0.5959595959595959,1.0,39.9156861819659,Low Priority,3316.637989682892,Low,Low
7279,1969,PhD,Together,69476.0,0,0,2013-09-30,3,260,86,559,63,9,67,1,4,6,4,2,0,0,0,0,0,0,0,57,0,1044,4680,14,69.6,1,Loyal Customers,16370.861066666617,0.405364854979683,0.3855959236618774,0.10188348953884284,0.41230158730158734,0.9696969696969697,0.75,43.280666912643895,Email Nurture Campaign,6636.171722181852,Medium,Low
7230,1960,PhD,Divorced,50611.0,0,1,2012-10-04,98,459,0,24,6,0,4,6,4,5,7,6,0,1,0,0,0,0,1,66,1,493,5041,16,29.0,2,Dormant Customers,233.45560000000003,0.14516797597796305,0.005433854272740245,0.07351233802952464,0.19365079365079366,0.010101010101010055,0.5,13.2084452430833,Low Priority,33.89027693272096,Low,Low
143,1970,Graduation,Single,61209.0,0,0,2013-08-25,73,466,0,224,119,49,99,1,5,3,4,2,0,0,0,0,0,0,0,56,0,957,4716,12,73.61538461538461,1,Loyal Customers,3380.334900000014,0.14348521522335672,0.0795674657307264,0.08945071405368336,0.37777777777777777,0.26262626262626254,0.75,22.065885548957308,Low Priority,485.02808065352605,Low,Low
450,1958,Master,Together,42315.0,0,1,2013-07-12,90,67,15,80,17,11,80,3,1,4,4,3,0,0,0,0,0,0,0,68,1,270,4760,9,27.0,2,Dormant Customers,835.3024666666677,0.06114671893517034,0.019612053535315373,0.06103594932444627,0.10515873015873015,0.09090909090909083,0.5,10.06504907428544,Low Priority,51.07600515512122,Low,Low
9316,1952,Basic,Together,13084.0,0,0,2013-11-02,29,2,0,7,3,7,10,1,1,0,3,6,0,0,0,0,0,0,0,74,0,29,4647,4,5.8,0,Low-Value Customers,88.54253333333347,0.037017234143772705,0.0020200185468349473,0.017075327550320634,0.009523809523809525,0.7070707070707071,0.25,7.520081534432113,Low Priority,3.2775996880828044,Low,Low
6379,1949,Master,Widow,47570.0,1,1,2013-05-29,3,67,1,20,0,2,31,3,2,2,2,7,0,0,0,0,0,0,1,77,2,121,4804,6,17.285714285714285,0,Low-Value Customers,632.0467666666669,0.8865225265673107,0.014823792641285857,0.06893896555457969,0.046031746031746035,0.9696969696969697,0.25,35.76874027076473,Low Priority,560.323696494033,Low,Low
9239,1961,Master,Married,61923.0,0,2,2013-07-26,94,92,4,18,3,3,6,1,2,1,4,3,0,0,0,0,0,0,0,65,2,126,4746,7,15.75,2,Dormant Customers,123.508266666666,0.02336130858136341,0.0028437349471674344,0.09052450160616962,0.04801587301587302,0.050505050505050386,0.5,7.664159669680968,Low Priority,2.8853147299493047,Low,Low
8315,1995,Graduation,Single,34824.0,0,0,2014-03-26,65,4,2,11,2,0,4,1,1,0,2,6,0,0,0,0,0,0,0,31,0,23,4503,3,5.75,0,Low-Value Customers,23.69496666666656,0.0573616272224142,0.0004923513397506086,0.049770203448151404,0.0071428571428571435,0.3434343434343434,0.25,6.557635965661032,Low Priority,1.3591818449808575,Low,Low
2868,1949,PhD,Single,26518.0,1,1,2013-04-08,33,20,1,28,3,3,2,3,2,0,3,8,0,0,0,0,0,0,1,77,2,57,4855,5,9.5,0,Low-Value Customers,183.5765999999996,0.7607080045546982,0.004258813842713931,0.03727877570172167,0.020634920634920634,0.6666666666666666,0.25,29.464649451796728,Low Priority,139.6481890689357,Low,Low
10888,1961,Graduation,Single,45938.0,0,0,2013-11-03,46,273,11,178,62,83,29,2,8,4,6,6,0,0,0,0,0,0,0,65,0,636,4646,18,33.473684210526315,1,Loyal Customers,7274.2407666666495,0.3357011764947599,0.17129939347687032,0.06648459400603968,0.2503968253968254,0.5353535353535352,0.75,29.807583096929356,Low Priority,2441.9711834761383,Low,Low
1277,1960,Graduation,Together,78468.0,0,0,2014-04-09,29,434,22,388,104,22,34,1,10,7,10,4,0,0,0,1,0,0,0,66,0,1004,4489,27,35.857142857142854,3,Premium VIP Customers,21429.087766666627,0.37951254087451464,0.5047567103003134,0.11540659552197505,0.3964285714285714,0.7070707070707071,1.0,47.1639255972467,Email Nurture Campaign,8132.60754695063,Medium,Low
9977,1973,Graduation,Divorced,78901.0,0,1,2013-09-17,99,321,11,309,33,26,34,3,9,3,5,4,0,0,0,0,0,0,0,53,1,734,4693,17,40.77777777777778,1,Loyal Customers,247.39313333333294,0.28471996682942285,0.0057621921536421365,0.11605778601248842,0.2892857142857143,0.0,0.75,21.71432834390255,Low Priority,70.43776471649355,Low,Low
10196,1978,Graduation,Married,71427.0,2,0,2014-03-12,26,212,123,177,15,64,23,2,8,2,8,4,0,0,0,0,0,0,0,48,2,614,4517,18,32.31578947368421,1,Loyal Customers,8854.557566666648,0.2630868057806347,0.20852820985750728,0.10481760650649084,0.24166666666666667,0.7373737373737373,0.75,30.008495221077858,Low Priority,2329.517266815078,Low,Low
6384,1978,Graduation,Divorced,71022.0,0,1,2014-02-11,30,909,12,278,0,12,242,3,5,2,11,8,1,0,0,0,0,0,0,48,1,1453,4546,18,76.47368421052632,3,Premium VIP Customers,16113.901999999933,0.18828516283390373,0.3795425286019288,0.10420852533176125,0.5746031746031746,0.696969696969697,1.0,40.18081210028869,Email Nurture Campaign,3034.0086619595545,Low,Low
8029,1988,Master,Single,90247.0,0,0,2014-04-29,27,1184,32,352,21,16,16,1,3,4,7,1,0,1,1,1,0,0,1,38,0,1621,4469,14,108.06666666666666,3,Premium VIP Customers,17493.21350000005,0.7226510074207,0.41203609860333945,0.13312108232972797,0.6412698412698413,0.7272727272727273,1.0,58.627235259429725,Email Nurture Campaign,12641.488358800425,Medium,Medium
968,1968,Master,Divorced,41335.0,1,0,2013-12-26,24,112,19,21,16,14,5,3,4,1,4,7,0,0,0,0,0,0,0,58,1,187,4593,9,18.7,0,Low-Value Customers,1314.778500000001,0.5083252164377839,0.030907462913917723,0.05956212327201415,0.07222222222222222,0.7575757575757576,0.25,24.14381373448331,Low Priority,668.3350655802454,Low,Low
6988,1986,Graduation,Married,71952.0,1,0,2013-01-10,93,656,80,455,52,107,93,2,8,4,8,4,1,0,1,0,0,0,0,40,1,1443,4943,20,68.71428571428571,3,Premium VIP Customers,1198.690766666666,0.1407119864193232,0.028172689159496403,0.10560715617743663,0.5706349206349206,0.06060606060606055,1.0,24.985165941693065,Low Priority,168.670158880168,Low,Low
4472,1970,PhD,Divorced,35682.0,1,0,2014-06-27,34,23,0,8,6,2,18,1,1,1,3,2,0,0,0,0,0,0,0,56,1,57,4410,5,9.5,0,Low-Value Customers,168.06569999999942,0.06685254915257255,0.003893410875411154,0.05106055319609707,0.020634920634920634,0.6565656565656566,0.25,8.725336425152575,Low Priority,11.235620470111474,Low,Low
6991,1951,Graduation,Divorced,43185.0,0,1,2013-04-10,88,537,6,42,16,6,30,2,9,3,6,8,0,0,0,0,0,0,0,75,1,637,4853,18,33.526315789473685,1,Loyal Customers,2050.262833333332,0.21436871755342,0.04823386936387876,0.062344345922013544,0.2507936507936508,0.11111111111111105,0.75,20.318981384199418,Low Priority,439.5122142291076,Low,Low
3336,1948,PhD,Together,66375.0,0,1,2013-11-21,96,712,0,45,0,0,191,3,2,4,5,7,1,0,0,0,0,0,0,78,1,948,4628,11,79.0,2,Dormant Customers,506.14649999999847,0.1921999183852631,0.011857857007363195,0.09721988281578979,0.3742063492063492,0.030303030303030276,0.5,17.85854247954708,Low Priority,97.28131599098627,Low,Low
4301,1971,Master,Married,35178.0,1,0,2013-01-10,10,23,1,13,2,2,18,1,1,1,2,7,1,0,0,0,0,0,1,55,1,59,4943,4,11.8,0,Low-Value Customers,216.29996666666756,0.9600066235628086,0.0050297049760548145,0.05030258551198912,0.02142857142857143,0.898989898989899,0.25,36.770493777663866,Low Priority,207.64940067641558,Low,Low
1940,1986,Graduation,Married,25252.0,1,0,2013-07-12,26,1,3,4,2,2,6,1,1,0,2,8,0,0,0,0,0,0,0,40,1,18,4760,3,4.5,0,Low-Value Customers,39.282266666666494,0.18945803373975328,0.0008595541243884108,0.035374833066641,0.005158730158730159,0.7373737373737373,0.25,12.327525605840298,Low Priority,7.442341003507287,Low,Low
1272,1965,Master,Single,55250.0,0,1,2012-10-21,49,664,58,83,32,0,66,4,7,5,10,5,0,0,0,0,0,0,0,61,1,903,5024,22,39.26086956521739,1,Loyal Customers,10155.332433333344,0.0950469275623259,0.23917162810357162,0.08048894931241503,0.35634920634920636,0.505050505050505,0.75,26.201936783591695,Low Priority,965.2331461623731,Low,Low
1388,1975,Graduation,Single,33249.0,1,0,2013-02-20,11,6,10,21,19,14,42,2,2,1,3,6,0,0,0,0,0,0,0,51,1,112,4902,6,16.0,0,Low-Value Customers,564.1424333333316,0.5731640830948428,0.013224114679806038,0.047401554435314075,0.04246031746031746,0.8888888888888888,0.25,25.647010683941808,Low Priority,323.34618053639247,Low,Low
1044,1953,Graduation,Together,58398.0,0,0,2013-05-14,44,299,5,201,21,21,49,3,5,4,8,4,0,0,0,0,0,0,0,73,0,596,4819,17,33.111111111111114,1,Loyal Customers,6162.807733333324,0.160939312637798,0.14511645577897278,0.08522323952981942,0.23452380952380952,0.5555555555555556,0.75,23.829540368436238,Low Priority,991.8380405215711,Low,Low
6969,1982,Graduation,Together,50272.0,1,0,2013-08-07,75,99,13,66,43,8,4,3,4,1,5,7,0,0,0,0,0,0,0,44,1,233,4734,10,21.181818181818183,2,Dormant Customers,691.3717333333337,0.2441797478700601,0.016221359439804194,0.07300251452771395,0.09047619047619049,0.24242424242424232,0.5,16.111322433837135,Low Priority,168.81897552981985,Low,Low
10479,1975,PhD,Married,76618.0,0,0,2012-12-07,64,749,40,294,121,160,147,1,3,2,5,1,0,0,0,0,0,0,0,51,0,1511,4977,10,137.36363636363637,3,Premium VIP Customers,6334.311266666667,0.3526320439870795,0.14915670489300958,0.11262437287197564,0.5976190476190476,0.3535353535353535,1.0,36.91186867708491,Low Priority,2233.6811292150533,Low,Low
3619,1960,2n Cycle,Divorced,87305.0,0,0,2012-09-23,19,345,25,501,63,138,80,1,5,3,8,2,0,0,1,0,0,0,1,66,0,1152,5052,16,67.76470588235294,1,Loyal Customers,16575.801833333288,0.8605398105046445,0.3904238810506367,0.12869659636416136,0.45515873015873015,0.8080808080808081,0.75,57.18366170308504,Email Nurture Campaign,14264.137368619165,Medium,Medium
1715,1978,Graduation,Together,25851.0,1,0,2013-02-11,45,9,4,18,7,5,5,2,2,0,3,7,0,0,0,0,0,0,0,48,1,48,4911,5,8.0,0,Low-Value Customers,137.15929999999997,0.04699580809588756,0.003165323513062985,0.03627567164358675,0.017063492063492065,0.5454545454545454,0.25,7.350815772929492,Low Priority,6.44591214136627,Low,Low
10159,1970,Graduation,Divorced,58710.0,0,1,2013-03-31,77,440,81,368,0,122,174,6,11,5,9,6,0,0,0,0,0,0,0,56,1,1185,4863,25,45.57692307692308,1,Loyal Customers,6297.778633333334,0.30436420808876036,0.148296075746836,0.08569245761998147,0.46825396825396826,0.2222222222222222,0.75,30.071653726188348,Low Priority,1916.8184064528157,Low,Low
1463,1958,Graduation,Single,45160.0,1,1,2014-03-29,9,8,2,5,3,0,3,1,1,0,2,7,0,0,0,0,0,0,0,68,2,21,4500,3,5.25,0,Low-Value Customers,51.45856666666662,0.014087016687016687,0.0011464011900499003,0.0653145565889048,0.006349206349206349,0.9090909090909091,0.25,8.250840742893686,Low Priority,0.7248976873232934,Low,Low
5114,1965,Master,Married,74806.0,0,1,2012-12-19,1,670,9,249,0,28,9,2,5,4,5,4,0,0,0,0,0,0,0,61,1,965,4965,14,64.33333333333333,1,Loyal Customers,16357.929966666661,0.22114831258962006,0.38529129515479704,0.10989929857911138,0.380952380952381,0.98989898989899,0.75,37.455961881904294,Low Priority,3617.528609587512,Low,Low
4990,1954,Graduation,Married,59111.0,0,0,2013-05-02,90,524,0,134,28,28,155,1,11,1,8,7,0,0,0,0,0,0,0,72,0,869,4831,20,41.38095238095238,1,Loyal Customers,2059.631266666667,0.2142492972380899,0.048454569216174824,0.08629552317817053,0.34285714285714286,0.09090909090909083,0.75,21.841473822812247,Low Priority,441.2745514529304,Low,Low
4329,1984,PhD,Married,18988.0,1,0,2014-05-23,43,6,0,6,2,1,1,2,1,0,3,7,0,0,0,0,0,0,0,42,1,16,4445,4,3.2,0,Low-Value Customers,53.62839999999981,0.03381989865098051,0.0011975177299381346,0.025954377564156552,0.004365079365079365,0.5656565656565656,0.25,6.7038252858281435,Low Priority,1.8137070528142365,Low,Low
10936,1965,Graduation,Married,72190.0,0,0,2013-02-13,79,597,166,597,172,166,249,1,5,6,4,3,0,0,0,0,0,0,0,61,0,1947,4909,15,121.6875,3,Premium VIP Customers,6154.084100000024,0.5532287472956752,0.14491094600806012,0.10596508536159871,0.7706349206349207,0.202020202020202,1.0,44.573466472352855,Email Nurture Campaign,3404.6162373952457,Low,Low
4692,1976,Graduation,Married,7500.0,1,0,2012-08-01,19,7,0,12,13,7,32,5,4,1,2,9,1,0,0,0,0,0,1,50,1,71,5105,7,8.875,0,Low-Value Customers,571.8333333333361,0.9304087158898482,0.013405295506271979,0.008677526859727853,0.02619047619047619,0.8080808080808081,0.25,35.33445679374206,Low Priority,532.0387173696807,Low,Low
7212,1966,Graduation,Married,44794.0,0,1,2014-06-08,99,54,0,7,0,0,4,1,2,0,3,6,0,0,0,0,0,0,0,60,1,65,4429,5,10.833333333333334,2,Dormant Customers,4.880799999999999,0.026388227297294623,4.913061578688783e-05,0.06476412767544545,0.023809523809523808,0.0,0.5,6.797904871289758,Low Priority,0.12879565979263558,Low,Low
6086,1955,Graduation,Married,80395.0,0,0,2013-11-23,62,445,25,706,80,76,48,1,6,5,12,2,0,0,0,1,0,0,0,71,0,1380,4626,23,57.5,3,Premium VIP Customers,12374.927500000047,0.1813675757562884,0.29146044587498454,0.11830461879037982,0.5456349206349207,0.3737373737373737,1.0,35.421097515052665,Low Priority,2244.410600834835,Low,Low
437,1976,Master,Divorced,75012.0,0,0,2014-01-25,41,294,142,218,164,58,151,1,3,8,11,1,0,0,0,0,0,0,0,50,0,1027,4563,22,44.65217391304348,3,Premium VIP Customers,16568.972866666667,0.15825409584533515,0.39026300549321613,0.11020910283094915,0.40555555555555556,0.5858585858585859,1.0,36.5702303310923,Low Priority,2622.107820100224,Low,Low
11171,1965,Master,Married,56962.0,2,1,2013-10-11,60,292,3,77,10,3,26,7,6,3,5,7,0,0,0,0,0,0,0,61,3,411,4669,14,27.4,1,Loyal Customers,2770.40633333332,0.2904566580189792,0.06519887924620668,0.08306363319176582,0.16111111111111112,0.3939393939393939,0.75,23.386666086236872,Low Priority,804.6829649346103,Low,Low
11101,1991,Graduation,Together,89891.0,0,0,2013-04-15,17,412,22,132,59,28,183,1,11,6,8,4,0,0,1,0,0,0,0,35,0,836,4848,25,32.15384615384615,1,Loyal Customers,21447.71726666666,0.5423584544728246,0.5051955806804576,0.13258569245761997,0.32976190476190476,0.8282828282828283,0.75,49.34032069201738,Email Nurture Campaign,11632.350788719443,Medium,Low
5329,1949,PhD,Divorced,35946.0,1,1,2013-09-27,24,8,0,3,0,0,0,1,0,0,3,5,0,0,0,0,0,0,0,77,2,11,4683,3,2.75,0,Low-Value Customers,30.159599999999955,0.059451143326282915,0.0006446439986243322,0.051457583887772655,0.002380952380952381,0.7575757575757576,0.25,8.641042532218018,Low Priority,1.7930227022633596,Low,Low
610,1953,PhD,Together,53593.0,1,1,2012-08-07,60,349,4,78,6,0,43,8,7,2,6,8,0,0,0,0,0,0,0,73,2,480,5099,15,30.0,1,Loyal Customers,2905.375433333336,0.426261145465278,0.06837845680999668,0.07799698016049665,0.1884920634920635,0.3939393939393939,0.75,27.91623579194113,Low Priority,1238.4486602193463,Low,Low
9384,1978,Graduation,Married,66373.0,1,1,2013-06-12,57,328,9,124,12,24,109,7,4,2,10,3,0,0,0,0,0,0,0,48,2,606,4790,16,35.64705882352941,1,Loyal Customers,4316.693333333352,0.06597954944538074,0.10162602777412667,0.09721687500751952,0.2384920634920635,0.4242424242424242,0.75,19.198929140253494,Low Priority,284.8134812272133,Low,Low
5956,1948,PhD,Divorced,45072.0,1,2,2013-10-16,74,144,2,99,7,2,30,5,6,1,4,8,0,0,0,0,0,0,0,78,3,284,4664,11,23.666666666666668,2,Dormant Customers,901.6980999999978,0.3118064723357608,0.02117618981599191,0.06518221302501294,0.11071428571428571,0.2525252525252525,0.5,18.564642543143258,Low Priority,281.15530367285737,Low,Low
10430,1973,Graduation,Divorced,89694.0,1,1,2013-10-09,22,1126,28,211,37,28,42,3,4,3,4,5,0,1,1,1,0,0,0,53,2,1472,4671,11,122.66666666666669,3,Premium VIP Customers,13986.408966666602,0.34779095387016545,0.32942343381723055,0.13228942334299842,0.5821428571428572,0.7777777777777778,1.0,44.2603576100836,Email Nurture Campaign,4864.346515735213,Low,Low
7875,1949,Graduation,Married,72025.0,0,0,2014-04-29,46,967,0,617,43,50,0,1,4,8,13,2,0,1,1,1,0,0,1,77,0,1677,4469,25,64.5,3,Premium VIP Customers,20431.158733333334,0.3255044700039212,0.4812476792358636,0.10571694117930147,0.6634920634920635,0.5353535353535352,1.0,47.88888251813519,Email Nurture Campaign,6650.433495059652,Medium,Low
7072,1973,Graduation,Married,67432.0,0,1,2013-03-29,69,432,79,341,177,136,170,2,8,5,4,4,0,0,0,0,0,0,0,53,1,1335,4865,17,74.16666666666667,3,Premium VIP Customers,4918.299133333329,0.38843500154670274,0.11579854803191637,0.09880950948662728,0.5277777777777778,0.303030303030303,1.0,35.546919764043025,Low Priority,1910.4395314634785,Low,Low
6255,1952,Master,Together,70545.0,0,1,2014-06-03,29,138,39,63,55,18,21,1,4,1,7,2,0,0,0,0,0,0,0,74,1,334,4434,12,25.692307692307693,1,Loyal Customers,3263.6696333333484,0.0300308522115083,0.07681908655084846,0.10349116305930195,0.13055555555555556,0.7070707070707071,0.75,17.234096662150595,Low Priority,98.01078042582127,Low,Low
6516,1989,Basic,Married,17487.0,1,0,2013-03-18,37,0,0,1,7,4,6,1,1,0,2,7,0,0,0,0,0,0,0,37,1,18,4876,3,4.5,0,Low-Value Customers,35.967766666666826,0.04296170623976811,0.0007814717348994116,0.0236970174573192,0.005158730158730159,0.6262626262626263,0.25,7.257959597507302,Low Priority,1.5452366256338637,Low,Low
5564,1969,Graduation,Together,62882.0,0,1,2012-08-09,26,509,133,497,78,24,97,2,7,5,6,4,0,0,0,0,0,0,0,57,1,1338,5097,18,70.42105263157895,1,Loyal Customers,15478.904566666704,0.4850976700667023,0.36458337430594295,0.0919667456717639,0.528968253968254,0.7373737373737373,0.75,45.531491284289494,Email Nurture Campaign,7508.780540474856,Medium,Low
5682,1953,PhD,Single,64108.0,0,1,2013-03-23,8,948,10,86,13,21,21,4,6,9,11,5,0,0,0,0,0,0,0,73,1,1099,4871,26,40.7037037037037,3,Premium VIP Customers,24131.463500000027,0.20161891295179415,0.5684187874026756,0.09381053214143918,0.43412698412698414,0.9191919191919192,1.0,45.14710068991285,Email Nurture Campaign,4865.359438805904,Low,Low
7458,1956,Master,Together,34941.0,1,1,2013-03-06,26,39,2,25,4,3,24,2,3,0,3,8,0,0,0,0,0,0,0,70,2,97,4888,6,13.857142857142858,0,Low-Value Customers,440.72319999999996,0.18593948889939885,0.010316626778895539,0.049946160231962175,0.03650793650793651,0.7373737373737373,0.25,13.121632807156185,Low Priority,81.94784655410753,Low,Low
5237,1950,PhD,Single,48767.0,1,2,2014-01-01,79,28,1,21,3,0,10,3,2,1,3,5,0,0,0,0,0,0,0,76,3,63,4587,6,9.0,2,Dormant Customers,99.82353333333347,0.045857817780631194,0.002285774297574271,0.07073913880433605,0.023015873015873017,0.202020202020202,0.5,8.50703825572863,Low Priority,4.577689401818771,Low,Low
7761,1978,2n Cycle,Together,38702.0,1,0,2013-08-01,71,13,11,24,13,8,40,2,3,0,4,6,0,0,0,0,0,0,0,48,1,109,4740,7,13.625,2,Dormant Customers,243.93826666666618,0.19157069702332805,0.0056808030316933475,0.05560234368420419,0.04126984126984127,0.28282828282828276,0.5,13.506757471681716,Low Priority,46.73142377599571,Low,Low
5278,1964,Graduation,Married,82224.0,0,0,2014-01-25,83,307,26,360,138,31,40,1,6,9,5,3,0,0,0,1,0,0,0,62,0,902,4563,20,42.95238095238095,3,Premium VIP Customers,3684.0461666666793,0.37820060193121197,0.08672224063374835,0.1210552594535414,0.35595238095238096,0.16161616161616155,1.0,31.305604393850743,Low Priority,1393.3084777757122,Low,Low
3560,1952,Graduation,Together,83844.0,0,0,2013-05-12,57,901,31,345,75,31,191,1,4,4,11,1,0,0,1,0,0,0,0,74,0,1574,4821,19,78.7,3,Premium VIP Customers,12716.524700000049,0.26331458903541366,0.2995077307199851,0.12349158415245978,0.6226190476190476,0.4242424242424242,1.0,39.580083269684394,Low Priority,3348.4464753392,Low,Low
7235,1975,2n Cycle,Married,17003.0,1,0,2013-12-09,37,2,5,12,4,8,7,3,2,0,4,5,0,0,0,0,0,0,0,51,1,38,4610,6,5.428571428571429,0,Low-Value Customers,177.53043333333295,0.058413531477039655,0.004116379345630776,0.022969127855913953,0.013095238095238096,0.6262626262626263,0.25,7.933330305980955,Low Priority,10.370179555649134,Low,Low
10548,1995,Graduation,Single,71163.0,0,0,2014-03-09,30,283,17,372,138,106,44,1,3,8,12,1,0,0,0,0,0,0,0,31,0,960,4520,23,40.0,3,Premium VIP Customers,16591.476500000004,0.22450612333496867,0.39079314200335385,0.10442057581481526,0.37896825396825395,0.696969696969697,1.0,38.672556012670114,Low Priority,3724.8880694182353,Low,Low
2281,1970,Graduation,Single,33697.0,1,0,2013-09-15,34,4,3,7,0,3,11,1,1,0,2,7,1,0,0,0,0,0,0,56,1,28,4695,3,7.0,0,Low-Value Customers,47.990000000000066,0.0999942166378458,0.0010646893259873736,0.04807530348785447,0.009126984126984128,0.6565656565656566,0.25,9.432253258526584,Low Priority,4.798722456450227,Low,Low
4073,1954,2n Cycle,Married,63564.0,0,0,2014-01-29,0,769,80,252,15,34,65,1,10,10,7,6,1,0,0,0,0,0,1,72,0,1215,4559,27,43.392857142857146,3,Premium VIP Customers,28205.902666666643,0.9402949421817898,0.6644036858672792,0.09299240829192584,0.4801587301587302,1.0,1.0,71.27326387677228,Cross-Sell Campaign,26521.8676171385,High,High
6974,1972,PhD,Together,83443.0,0,0,2013-12-31,89,518,42,742,55,56,84,1,6,10,5,2,0,0,0,0,0,0,0,54,0,1497,4588,21,68.04545454545455,3,Premium VIP Customers,3587.01279999999,0.483947808117967,0.0844363461912991,0.12288851859427072,0.5920634920634921,0.10101010101010088,1.0,37.66641270122358,Low Priority,1735.9269822510867,Low,Low
7938,1958,PhD,Together,51518.0,0,1,2013-10-03,92,350,8,66,17,4,4,2,3,2,10,3,0,0,0,0,0,0,0,68,1,449,4677,15,28.0625,2,Dormant Customers,705.2890333333311,0.052640921520291956,0.016549220667511286,0.07487637908009191,0.1761904761904762,0.07070707070707061,0.5,10.820860552827513,Low Priority,37.12706465282246,Low,Low
7094,1975,Graduation,Widow,58330.0,0,1,2013-12-25,87,445,53,213,104,98,151,1,6,4,13,4,0,0,0,0,0,0,0,51,1,1064,4594,23,44.333333333333336,3,Premium VIP Customers,3105.4440333333237,0.0466051503600115,0.07309163658061651,0.08512097404863024,0.42023809523809524,0.1212121212121211,1.0,21.351745383337175,Low Priority,144.7296861081001,Low,Low
3667,1969,Graduation,Married,80952.0,0,0,2013-02-28,20,778,178,689,41,27,44,1,8,5,11,8,0,1,1,1,0,0,1,57,0,1757,4894,24,70.28,3,Premium VIP Customers,31974.944433333458,0.9327312967603872,0.7531940878057958,0.11914229339364991,0.6952380952380952,0.797979797979798,1.0,76.1876548893924,Cross-Sell Campaign,29824.03138514444,High,High
7723,1979,Graduation,Together,75507.0,0,0,2014-05-02,56,709,93,374,104,80,80,1,8,6,6,3,0,0,0,0,0,0,0,47,0,1440,4466,20,68.57142857142857,3,Premium VIP Customers,12897.058366666659,0.4476336805062177,0.30376071007631056,0.11095353537784088,0.5694444444444444,0.43434343434343425,1.0,44.36475090963808,Email Nurture Campaign,5773.157704374506,Medium,Low
3870,1978,2n Cycle,Together,63855.0,0,0,2013-02-09,28,359,35,314,93,116,89,1,7,3,13,4,0,0,0,0,0,0,0,48,0,1006,4913,23,41.91666666666666,1,Loyal Customers,18341.803566666647,0.1964258626938625,0.43202702939288956,0.09343004439525007,0.39722222222222225,0.7171717171717171,0.75,36.83207912574698,Low Priority,3602.8045889438604,Low,Low
4012,1972,PhD,Together,62220.0,0,1,2012-08-11,55,799,12,375,16,12,12,5,7,6,5,6,0,0,0,0,0,0,1,54,1,1226,5095,18,64.52631578947368,3,Premium VIP Customers,10068.992733333343,0.8150970009391948,0.237137653119784,0.09097116113430466,0.4845238095238095,0.4444444444444444,1.0,51.96683059819177,Email Nurture Campaign,8207.205779418553,Medium,Low
5909,1964,Graduation,Married,58512.0,0,1,2013-09-19,25,895,10,101,13,0,152,5,3,4,8,8,0,0,0,0,0,0,0,62,1,1171,4691,15,73.1875,1,Loyal Customers,10656.173899999998,0.4074604385083961,0.25097036048327026,0.08539468460122478,0.4626984126984127,0.7474747474747474,0.75,38.78472074361217,Low Priority,4341.969290115724,Low,Low
10470,1979,Master,Married,40662.0,1,0,2013-03-15,0,40,2,23,0,4,23,2,2,1,3,4,0,0,0,0,0,0,0,47,1,92,4879,6,13.142857142857142,0,Low-Value Customers,546.6634999999999,0.3123945246335964,0.012812349140392674,0.05854999578906842,0.034523809523809526,1.0,0.25,18.3595633139675,Low Priority,170.774684217038,Low,Low
6488,1959,PhD,Married,38829.0,0,1,2014-04-06,86,76,0,7,0,0,16,1,3,2,2,5,0,0,0,0,0,0,0,67,1,99,4492,7,12.375,2,Dormant Customers,114.86243333333344,0.13026079371903174,0.002640057974534967,0.05579333950936632,0.0373015873015873,0.13131313131313127,0.5,10.76104841199013,Low Priority,14.962071734499382,Low,Low
10270,1981,2n Cycle,Married,35523.0,1,0,2013-10-03,8,11,5,22,12,5,11,2,3,0,3,7,0,0,0,0,0,0,0,45,1,66,4677,6,9.428571428571429,0,Low-Value Customers,408.9829333333354,0.19441758932193834,0.009568895336943072,0.050821432438610634,0.024206349206349207,0.9191919191919192,0.25,14.086863698207386,Low Priority,79.51347597248208,Low,Low
6887,1967,Graduation,Single,79146.0,1,1,2014-04-24,33,245,16,223,21,43,16,2,8,1,8,6,0,0,0,0,0,0,0,59,2,564,4474,17,31.33333333333333,1,Loyal Customers,6600.988899999977,0.22397291830390825,0.15543904818277823,0.11642624252559644,0.22182539682539684,0.6666666666666666,0.75,26.707335705570845,Low Priority,1478.4427476247,Low,Low
6406,1988,Master,Married,78285.0,0,0,2013-10-28,13,647,107,391,175,67,40,1,6,4,10,3,0,0,0,0,0,0,0,38,0,1427,4652,20,67.95238095238095,3,Premium VIP Customers,24899.553899999908,0.7113341408254411,0.5865133216538623,0.11513138106524537,0.5642857142857143,0.8686868686868687,1.0,62.89445774275162,Cross-Sell Campaign,17711.902780393197,High,Medium
7573,1978,PhD,Single,31626.0,1,0,2013-05-10,12,39,1,9,2,1,34,1,2,1,2,7,1,0,0,0,0,0,1,48,1,86,4823,5,14.333333333333334,0,Low-Value Customers,376.03373333333246,0.9347708948621005,0.008792684062919413,0.04496071802399028,0.03214285714285714,0.8787878787878788,0.25,36.13259679907275,Low Priority,351.50538940633567,Low,Low
4508,1952,Graduation,Single,75127.0,0,0,2014-05-22,92,203,35,305,46,17,227,1,2,11,5,1,0,0,0,0,0,0,0,74,0,833,4446,18,43.8421052631579,3,Premium VIP Customers,1531.4949333333363,0.10186018637707762,0.03601282932097819,0.11038205180648965,0.32857142857142857,0.07070707070707061,1.0,20.522117771113354,Low Priority,155.9983593448837,Low,Low
221,1955,Graduation,Married,48726.0,0,1,2013-04-27,90,138,3,38,4,0,59,3,3,2,4,6,0,0,0,0,0,0,0,71,1,242,4836,9,24.2,2,Dormant Customers,205.1926333333333,0.15069889710031809,0.00476804043313201,0.07067747873479553,0.09404761904761905,0.09090909090909083,0.5,12.236042653611198,Low Priority,30.922303536443295,Low,Low
5331,1977,Graduation,Married,74985.0,0,0,2012-09-11,8,587,51,898,247,0,86,1,3,6,7,2,0,0,0,0,0,0,0,49,0,1869,5064,16,109.94117647058825,3,Premium VIP Customers,26651.980766666587,0.7445750485252469,0.62779667575073,0.1101684974193005,0.7396825396825397,0.9191919191919192,1.0,67.96403439367,Cross-Sell Campaign,19844.399872634724,High,Medium
1911,1987,Graduation,Together,67430.0,0,0,2012-09-05,6,595,97,291,127,133,121,1,11,5,12,6,0,0,0,0,0,0,0,39,0,1364,5070,28,47.03448275862069,1,Loyal Customers,29695.080999999947,0.7019401922231185,0.6994854787898682,0.09880650167835701,0.5392857142857143,0.9393939393939394,0.75,63.31709055842859,Cross-Sell Campaign,20844.17086522104,High,Medium
20,1965,2n Cycle,Married,46891.0,0,1,2013-09-01,91,43,12,23,29,15,61,1,2,1,4,4,0,0,0,0,0,0,0,61,1,183,4709,7,22.875,2,Dormant Customers,107.54796666666721,0.02549727548738578,0.0024677450962211967,0.06791781464682316,0.07063492063492063,0.08080808080808077,0.5,7.981692977540655,Low Priority,2.742180134208197,Low,Low
8786,1956,Master,Married,62058.0,0,1,2013-05-26,52,301,7,74,10,0,58,4,6,1,7,6,0,0,0,0,0,0,0,70,1,450,4807,14,30.0,1,Loyal Customers,3405.8808999999997,0.13636648793472664,0.08016927376267242,0.09072752866441282,0.1765873015873016,0.4747474747474747,0.75,19.925895035113,Low Priority,464.4480166569659,Low,Low
10582,1979,Graduation,Married,72063.0,0,1,2013-07-03,3,180,32,348,76,32,90,2,5,2,12,2,0,0,0,0,0,0,0,47,1,758,4769,19,37.9,1,Loyal Customers,13773.06836666664,0.12858524212316724,0.32439759467919593,0.10577408953643659,0.2988095238095238,0.9696969696969697,0.75,31.477853705062962,Low Priority,1771.0133307067654,Low,Low
1915,1951,PhD,Married,78939.0,0,0,2013-12-12,57,794,115,243,150,0,205,1,8,5,6,3,0,0,0,0,0,0,0,75,0,1507,4607,19,75.35,3,Premium VIP Customers,11492.592199999997,0.4710481564159589,0.27067455100260446,0.11611493436962354,0.596031746031746,0.4242424242424242,1.0,44.474518877941435,Email Nurture Campaign,5413.564368250428,Medium,Low
8897,1965,Graduation,Single,42720.0,1,1,2013-04-24,9,392,5,91,28,26,112,8,7,3,7,8,0,0,0,0,0,0,1,61,2,654,4839,17,36.333333333333336,1,Loyal Customers,9567.21893333334,0.781356849342298,0.22531695700061688,0.06164503049917586,0.25753968253968257,0.9090909090909091,0.75,46.725214278828986,Email Nurture Campaign,7475.41204271732,Medium,Low
2371,1972,Graduation,Married,33622.0,1,1,2013-04-13,22,39,1,22,3,4,12,3,2,0,4,7,0,0,0,0,0,0,0,54,2,81,4850,6,11.571428571428571,0,Low-Value Customers,364.29630000000077,0.08588239809944212,0.008516175738546367,0.04796251067771936,0.030158730158730156,0.7777777777777778,0.25,10.15285216318669,Low Priority,31.286639862753862,Low,Low
4303,1957,PhD,Together,6835.0,0,1,2012-12-08,76,107,2,12,2,2,12,0,0,0,1,20,0,0,0,0,0,0,0,69,1,137,4976,1,68.5,2,Dormant Customers,50.34973333333317,0.1383563138571209,0.0011202794956128098,0.007677430609863204,0.05238095238095238,0.23232323232323226,0.5,11.20840255401109,Low Priority,6.966203507688987,Low,Low
6825,1953,Graduation,Together,41452.0,1,1,2013-03-06,86,13,0,3,0,0,0,1,1,0,2,7,0,0,0,0,0,0,0,73,2,16,4888,3,4.0,2,Dormant Customers,8.80209999999999,0.0016466950959488273,0.00014150788955464856,0.05973808005582492,0.004365079365079365,0.13131313131313127,0.5,6.373068737165201,Low Priority,0.014494374904051158,Low,Low
1072,1965,PhD,Single,40760.0,0,1,2013-08-30,64,70,0,17,0,0,6,2,2,1,3,6,0,0,0,0,0,0,0,61,1,93,4711,6,13.285714285714286,2,Dormant Customers,207.34656666666615,0.12948973304487102,0.0048187824037057465,0.05869737839431163,0.03492063492063492,0.3535353535353535,0.5,11.907715538886713,Low Priority,26.84925156543715,Low,Low
4964,1958,PhD,Together,74250.0,0,0,2014-01-26,90,680,11,392,75,0,0,1,2,11,4,1,0,0,0,0,0,0,0,68,0,1158,4562,17,64.33333333333333,3,Premium VIP Customers,2156.4777666666605,0.17706819770992588,0.05073606148760237,0.10906312787997642,0.4575396825396825,0.09090909090909083,1.0,25.2423997473663,Low Priority,381.84363154519167,Low,Low
2461,1955,Master,Single,51124.0,1,1,2013-12-18,79,26,1,11,0,1,4,2,1,0,3,3,0,0,0,0,0,0,0,71,2,43,4601,4,8.6,2,Dormant Customers,34.97870000000008,0.0020475731541747064,0.0007581714818605621,0.0742838408508488,0.015079365079365078,0.202020202020202,0.5,7.063302233881032,Low Priority,0.07162144708793097,Low,Low
10736,1971,Graduation,Single,72258.0,0,1,2013-09-12,28,522,0,522,227,120,134,2,6,9,5,2,0,0,0,0,0,0,0,55,1,1525,4698,20,72.61904761904762,3,Premium VIP Customers,20599.337666666666,0.32552814446129985,0.4852096080264441,0.10606735084278787,0.6031746031746031,0.7171717171717171,1.0,48.01628371653783,Email Nurture Campaign,6705.664167761762,Medium,Low
3194,1974,PhD,Single,71466.0,0,0,2014-04-05,86,412,12,546,78,182,0,1,4,4,10,1,0,0,0,0,0,0,0,52,0,1230,4493,18,64.73684210526316,3,Premium VIP Customers,2833.6406333333243,0.1191401008607335,0.06668854140993125,0.1048762587677611,0.4861111111111111,0.13131313131313127,1.0,24.571854179029877,Low Priority,337.600230858405,Low,Low
10839,1976,Graduation,Together,36283.0,1,1,2014-04-14,42,6,5,5,8,0,5,2,1,0,3,4,0,0,0,0,0,0,0,50,2,29,4484,4,5.8,0,Low-Value Customers,74.65386666666659,0.011551893084218934,0.001692831857998117,0.05196439958131309,0.009523809523809525,0.5757575757575757,0.25,6.438630765724665,Low Priority,0.8623934860568682,Low,Low
49,1970,Graduation,Single,20587.0,1,0,2014-05-11,39,2,3,6,4,1,9,1,1,1,2,7,0,0,0,0,0,0,0,56,1,25,4457,4,5.0,0,Low-Value Customers,66.04756666666667,0.2812674318784814,0.0014900862044578437,0.02835912027623711,0.007936507936507936,0.606060606060606,0.25,14.415667394601197,Low Priority,18.577029458156126,Low,Low
4290,1972,Graduation,Married,30467.0,1,0,2014-03-19,8,1,3,8,2,5,5,1,1,0,2,7,0,0,0,0,0,0,0,54,1,24,4510,3,6.0,0,Low-Value Customers,58.030099999999884,0.15445322142059098,0.0013012121797235528,0.043217693131369035,0.007539682539682541,0.9191919191919192,0.25,12.31386477337796,Low Priority,8.962935884359018,Low,Low
10219,1972,Graduation,Together,31590.0,1,0,2013-06-18,40,6,2,15,6,6,3,1,1,0,3,8,0,0,0,0,0,0,0,54,1,38,4784,4,7.6,0,Low-Value Customers,94.2017333333336,0.035945468672386335,0.0021533369534109618,0.04490657747512543,0.013095238095238096,0.5959595959595959,0.25,7.268256494751723,Low Priority,3.3861254544178347,Low,Low
4211,1986,Basic,Married,20425.0,1,0,2012-10-29,5,4,12,5,3,16,17,2,2,0,3,7,0,0,0,0,0,0,0,40,1,57,5016,5,9.5,0,Low-Value Customers,280.8766333333332,0.1309997645230231,0.00655099037010169,0.028115487806345273,0.020634920634920634,0.9494949494949495,0.25,11.964676081855753,Low Priority,36.79477282668614,Low,Low
1135,1960,Master,Together,17144.0,1,1,2014-02-15,96,18,2,19,0,2,6,5,3,0,4,7,0,0,0,0,0,0,0,66,2,47,4542,7,5.875,2,Dormant Customers,38.02579999999992,0.06360662638749218,0.0008299545106769569,0.02318117833896796,0.016666666666666666,0.030303030303030276,0.5,7.566424361849905,Low Priority,2.418692853685495,Low,Low
6299,1968,PhD,Divorced,42564.0,0,1,2013-01-02,28,324,48,186,39,18,198,6,6,8,4,7,1,0,0,0,0,0,1,58,1,813,4951,18,42.78947368421053,1,Loyal Customers,11012.70926666667,0.8201282820158966,0.2593695559476459,0.061410421454094824,0.32063492063492066,0.7171717171717171,0.75,48.89442174882962,Email Nurture Campaign,9031.834331211881,Medium,Low
10846,1978,Master,Married,43783.0,1,0,2014-05-29,22,327,9,125,25,4,139,6,7,1,8,7,1,0,0,0,0,0,0,48,1,629,4439,16,37.0,1,Loyal Customers,7411.399066666649,0.48312447359295385,0.17453054381696687,0.06324368059482416,0.24761904761904763,0.7777777777777778,0.75,35.465261931420464,Low Priority,3580.628272670634,Low,Low
347,1976,Graduation,Divorced,40780.0,0,1,2012-09-08,30,229,27,71,13,3,34,4,7,1,5,9,0,0,0,0,0,0,0,50,1,377,5067,13,26.928571428571427,1,Loyal Customers,3696.4145999999787,0.5663217582846999,0.08701361394160761,0.05872745647701433,0.14761904761904762,0.696969696969697,0.75,33.38646993069357,Low Priority,2093.3600156212237,Low,Low
6543,1945,Master,Together,62847.0,0,0,2013-01-15,45,521,168,706,80,76,61,1,3,6,4,2,0,0,0,0,0,0,0,81,0,1612,4938,13,115.14285714285714,3,Premium VIP Customers,10694.705566666633,0.45853631120533017,0.2518780824939279,0.09191410902703417,0.6376984126984127,0.5454545454545454,1.0,44.524321818996995,Email Nurture Campaign,4903.910839966428,Low,Low
10446,1957,PhD,Married,82017.0,0,0,2012-11-07,58,184,23,446,30,23,23,1,5,4,7,2,0,1,1,1,0,0,1,69,0,729,5007,16,42.88235294117647,1,Loyal Customers,6965.3621333332985,0.22427684528015848,0.1640228866876813,0.12074395129756849,0.28730158730158734,0.41414141414141414,0.75,26.736662352241762,Low Priority,1562.1694454978667,Low,Low
3479,1950,Graduation,Single,16813.0,0,0,2013-07-19,49,4,8,11,12,2,13,1,2,0,3,7,1,0,0,0,0,0,0,76,0,50,4753,5,8.333333333333334,2,Dormant Customers,143.1881333333333,0.07008301856722919,0.0033073496746251034,0.02268338607023834,0.017857142857142856,0.505050505050505,0.5,10.22165457606768,Low Priority,10.035056607006887,Low,Low
11075,1978,Graduation,Married,51267.0,1,1,2013-10-29,37,183,2,64,7,2,12,4,3,3,5,4,0,0,0,0,0,0,0,48,2,270,4651,11,22.5,0,Low-Value Customers,2904.2197999999903,0.14229226459381045,0.06835123260965252,0.07449889914217309,0.10515873015873015,0.6262626262626263,0.25,14.272987991219704,Low Priority,413.24801222018186,Low,Low
4442,1961,Graduation,Single,46524.0,0,1,2013-04-05,70,31,19,35,26,14,52,2,1,1,5,3,0,0,0,0,0,0,0,65,1,177,4858,7,22.125,2,Dormant Customers,397.3868666666658,0.03435007695983277,0.00929571730284822,0.06736588182922867,0.06825396825396826,0.2929292929292928,0.5,9.471488634628704,Low Priority,13.650269452826773,Low,Low
199,1962,Master,Single,45183.0,0,0,2013-01-20,33,219,3,60,12,9,12,1,4,1,7,7,0,1,0,0,0,0,0,64,0,315,4933,12,24.23076923076923,1,Loyal Customers,3012.2186333333248,0.23948734136079014,0.07089544952583648,0.0653491463840129,0.12301587301587302,0.6666666666666666,0.75,22.64354661901036,Low Priority,721.3882320944307,Low,Low
6722,1954,PhD,Married,70421.0,0,1,2014-06-28,98,479,28,136,75,14,35,3,10,3,7,6,0,0,0,0,0,0,0,72,1,767,4409,20,36.523809523809526,1,Loyal Customers,428.21376666666777,0.13314318233352032,0.010021931818624001,0.10330467894654523,0.30238095238095236,0.010101010101010055,0.75,17.41421955024912,Low Priority,57.01374361302367,Low,Low
796,1965,2n Cycle,Divorced,60161.0,0,1,2012-10-23,17,584,44,212,46,8,177,3,11,4,8,8,0,0,0,0,0,0,0,61,1,1071,5022,23,44.625,1,Loyal Customers,19554.17216666663,0.4057718265196208,0.4605877888526696,0.08787462252006208,0.423015873015873,0.8282828282828283,0.75,44.85618692302157,Email Nurture Campaign,7934.532156147449,Medium,Low
3749,1973,Graduation,Together,73926.0,0,0,2013-03-02,54,627,91,597,159,91,15,1,6,5,12,3,0,0,0,0,0,0,0,53,0,1580,4892,23,65.83333333333333,3,Premium VIP Customers,15337.917399999984,0.2238246244366955,0.36126202421976933,0.10857586294019274,0.625,0.4545454545454545,1.0,40.28608536182314,Email Nurture Campaign,3433.003601696054,Low,Low
8523,1968,Graduation,Married,19329.0,1,0,2013-12-14,39,24,1,16,12,2,5,3,4,0,3,8,0,0,0,0,0,0,0,58,1,60,4605,7,7.5,0,Low-Value Customers,350.87306666666524,0.2223077682449288,0.008199953643709942,0.02646720887423752,0.021825396825396824,0.606060606060606,0.25,13.03758772808552,Low Priority,78.00180838792046,Low,Low
310,1970,Master,Married,61872.0,0,1,2013-12-13,81,330,5,159,36,27,16,4,4,4,9,4,0,0,0,0,0,0,0,56,1,573,4606,17,31.83333333333333,1,Loyal Customers,2935.567166666672,0.07060980224091451,0.06908970818470835,0.09044780249527774,0.2253968253968254,0.18181818181818177,0.75,16.885506627764755,Low Priority,207.27981710325545,Low,Low
8629,1956,Graduation,Widow,46984.0,1,1,2013-03-26,71,19,1,10,2,1,8,1,1,0,3,5,0,0,0,0,0,0,0,70,2,41,4868,4,8.2,2,Dormant Customers,47.314533333333266,0.0025172489167379244,0.0010487768048368174,0.0680576777313907,0.014285714285714287,0.28282828282828276,0.5,7.415984677388278,Low Priority,0.11910245777929358,Low,Low
236,1951,Graduation,Married,34838.0,1,1,2013-01-19,62,28,23,29,29,14,47,3,2,1,4,6,0,0,0,0,0,0,0,75,2,170,4934,7,21.25,2,Dormant Customers,375.179299999999,0.18418503230687244,0.008772555477514153,0.04979125810604329,0.06547619047619047,0.3737373737373737,0.5,14.137469940421758,Low Priority,69.10241149136961,Low,Low
9930,1944,PhD,Single,82716.0,0,0,2013-11-05,8,606,148,228,15,148,22,1,6,8,13,2,0,0,0,0,0,0,0,82,0,1167,4644,27,41.67857142857143,3,Premium VIP Customers,28541.013900000056,0.42825510420195273,0.6722981754866126,0.12179518028802772,0.46111111111111114,0.9191919191919192,1.0,55.74717645616351,Email Nurture Campaign,12222.834881773906,Medium,Medium
3483,1958,Graduation,Married,48192.0,0,0,2013-04-06,76,1039,43,204,153,58,29,3,2,8,12,8,0,1,0,1,1,0,1,68,0,1526,4857,22,66.34782608695652,3,Premium VIP Customers,7628.510533333339,0.8822066359261775,0.1796452163476044,0.06987439392663354,0.6035714285714285,0.23232323232323226,1.0,52.76948709766738,Email Nurture Campaign,6729.922614739415,Medium,Low
4599,1976,Master,Married,49681.0,0,2,2013-11-04,66,411,0,26,0,0,21,6,7,1,7,7,0,0,0,0,0,0,0,50,2,458,4645,15,28.625,1,Loyal Customers,2783.9562000000083,0.1659486079959636,0.06551808454612898,0.07211370718384927,0.17976190476190476,0.33333333333333326,0.75,19.528233086196508,Low Priority,461.9936561117338,Low,Low
7326,1971,Master,Married,56850.0,0,1,2014-03-23,83,34,1,19,2,7,0,1,1,1,3,2,0,0,0,0,0,0,0,55,1,63,4506,5,10.5,2,Dormant Customers,64.75719999999973,0.015664651442337404,0.0014596879806985075,0.08289519592863072,0.023015873015873017,0.16161616161616155,0.5,7.496001045296288,Low Priority,1.0143989663817274,Low,Low
7352,1957,Graduation,Married,55267.0,0,1,2013-10-21,28,161,28,136,32,3,45,4,3,4,6,3,0,0,0,0,0,0,0,69,1,405,4659,13,28.928571428571427,1,Loyal Customers,4982.9723000000085,0.12555078155435925,0.11732210675545088,0.08051451568271233,0.15873015873015875,0.7171717171717171,0.75,21.5581427729324,Low Priority,625.6160667287241,Low,Low
2350,1972,Graduation,Married,59666.0,1,1,2013-03-22,87,623,53,178,23,17,133,7,3,2,8,8,0,1,0,0,0,0,0,54,2,1027,4872,13,73.35714285714286,1,Loyal Customers,1740.9152666666685,0.1714986398629051,0.040946315528324985,0.08713018997317035,0.40555555555555556,0.1212121212121211,0.75,21.43404450086254,Low Priority,298.56460034990033,Low,Low
9145,1972,Graduation,Single,72504.0,0,1,2013-04-06,43,604,26,470,123,161,94,2,5,9,6,2,0,0,0,0,0,0,0,54,1,1478,4857,20,70.38095238095238,3,Premium VIP Customers,18225.306366666657,0.2856692445588527,0.4292826094970446,0.10643731126003105,0.5845238095238096,0.5656565656565656,1.0,44.1090687054172,Email Nurture Campaign,5206.409501619311,Medium,Low
2964,1981,Graduation,Married,26872.0,0,0,2013-10-16,0,3,10,8,3,16,32,1,1,1,2,6,0,0,0,0,0,0,0,45,0,72,4664,4,14.4,0,Low-Value Customers,231.26076666666626,0.8725497732607285,0.005382148787388964,0.03781115776555939,0.026587301587301587,1.0,0.25,34.61487876290864,Low Priority,201.78652951910186,Low,Low
5585,1972,Graduation,Single,21359.0,1,0,2013-04-20,1,12,2,17,6,1,10,2,2,0,3,8,0,0,0,0,0,0,1,54,1,48,4843,5,8.0,0,Low-Value Customers,269.43503333333314,0.8629406910081184,0.0062814512337078365,0.029520134268561184,0.017063492063492065,0.98989898989899,0.25,34.07731294038773,Low Priority,232.5064538464619,Low,Low
9687,1975,Graduation,Single,73170.0,0,0,2014-05-31,1,184,174,256,50,30,32,1,5,4,6,2,0,0,0,0,0,0,0,51,0,726,4437,15,45.375,1,Loyal Customers,20851.421766666655,0.36012854111857673,0.49114815950636115,0.10743891141403082,0.2861111111111111,0.98989898989899,0.75,43.35385174905005,Email Nurture Campaign,7509.192101077799,Medium,Low
3732,1955,Master,Married,52750.0,0,1,2013-02-04,72,393,0,239,90,69,69,6,5,7,9,4,0,0,0,0,0,0,0,71,1,860,4918,21,39.09090909090909,3,Premium VIP Customers,5335.773166666686,0.1365204317805338,0.12563332554655865,0.076729188974578,0.3392857142857143,0.2727272727272727,1.0,25.084826687480632,Low Priority,728.4420565963221,Low,Low
6303,1986,PhD,Together,91820.0,0,0,2013-11-23,72,410,73,747,76,161,30,0,5,5,12,1,0,0,0,0,0,0,0,40,0,1497,4626,22,65.08695652173913,3,Premium VIP Customers,9173.85136666668,0.3650189265124429,0.21605007525289954,0.13548672353429503,0.5920634920634921,0.2727272727272727,1.0,39.03152603289197,Low Priority,3348.6293778453787,Low,Low
11176,1970,PhD,Together,65968.0,0,1,2014-05-12,12,376,9,83,19,4,4,2,5,4,7,3,0,0,0,0,0,0,0,56,1,495,4456,16,29.11764705882353,1,Loyal Customers,8977.392366666694,0.16305458739265824,0.21142192978401442,0.09660779383278992,0.19444444444444445,0.8787878787878788,0.75,27.010979514234144,Low Priority,1463.8050082088375,Low,Low
2986,1976,Graduation,Married,30772.0,1,1,2014-03-12,89,7,2,4,2,1,4,1,1,0,2,6,0,0,0,0,0,0,0,50,2,20,4517,3,5.0,2,Dormant Customers,7.435433333333305,0.015483980321852981,0.0001093122042421395,0.04367638389258515,0.005952380952380952,0.10101010101010088,0.5,6.498898834044923,Low Priority,0.11513010341778261,Low,Low
7462,1954,Graduation,Single,22507.0,0,0,2012-11-24,67,68,0,226,51,157,68,3,10,2,4,9,0,0,0,0,0,0,0,72,0,570,4990,16,33.529411764705884,1,Loyal Customers,2768.406433333326,0.33254243101854564,0.06515176596494597,0.031246616215695945,0.22420634920634921,0.3232323232323232,0.75,24.722548925918563,Low Priority,920.6126053880455,Low,Low
3900,1972,Graduation,Married,65685.0,0,1,2014-03-29,54,642,14,49,0,7,57,1,9,2,9,5,0,0,0,0,0,0,0,54,1,769,4500,20,36.61904761904762,1,Loyal Customers,6901.0870000000305,0.07678333951468402,0.16250870476118076,0.09618218896254677,0.3031746031746032,0.4545454545454545,0.75,22.460929538247733,Low Priority,529.8885061413746,Low,Low
7034,1978,2n Cycle,Married,25804.0,1,0,2013-09-01,34,8,7,9,13,6,12,2,2,0,3,8,0,0,0,0,0,0,0,48,1,55,4709,5,9.166666666666666,0,Low-Value Customers,181.98003333333318,0.11253229768526593,0.00422120221492337,0.036204988149235416,0.01984126984126984,0.6565656565656566,0.25,9.945102208945364,Low Priority,20.478631283841267,Low,Low
9493,1980,PhD,Single,76412.0,0,0,2013-05-05,15,840,53,804,23,71,17,1,5,4,8,3,0,0,1,1,0,0,1,46,0,1808,4828,17,100.44444444444444,3,Premium VIP Customers,23887.441966666574,0.9381243213362583,0.5626701724051052,0.11231456862013788,0.7154761904761905,0.8484848484848485,1.0,71.12154759800939,Cross-Sell Campaign,22409.390283438337,High,High
1143,1972,Graduation,Married,22063.0,1,0,2013-08-08,43,7,10,13,3,11,11,2,2,0,3,7,0,0,0,0,0,0,0,54,1,55,4733,5,9.166666666666666,0,Low-Value Customers,140.9636666666665,0.0599256748810825,0.00325494609258498,0.030578882779696094,0.01984126984126984,0.5656565656565656,0.25,7.8271093329088615,Low Priority,8.447342858711943,Low,Low
1,1961,Graduation,Single,57091.0,0,0,2014-06-15,0,464,5,64,7,0,37,1,7,3,7,5,0,0,0,0,1,0,1,65,0,577,4422,17,32.05555555555556,1,Loyal Customers,11242.991766666666,0.4277547600429083,0.26479450929128806,0.08325763682519821,0.22698412698412698,1.0,0.75,37.51381635303977,Low Priority,4809.243245314893,Low,Low
3855,1963,Graduation,Married,22419.0,0,0,2013-04-18,74,30,3,47,19,21,42,1,3,2,2,8,0,0,0,0,0,0,0,63,0,162,4845,7,20.25,2,Dormant Customers,293.02109999999794,0.31871781555652046,0.006837087511873535,0.03111427265180408,0.062301587301587295,0.2525252525252525,0.5,17.274939890719935,Low Priority,93.39104490396808,Low,Low
5536,1959,Graduation,Together,87771.0,0,1,2013-05-22,61,1492,38,287,50,57,33,1,5,10,4,6,0,1,1,1,1,0,1,67,1,1957,4811,19,97.85,3,Premium VIP Customers,14469.575400000078,0.9714178167834436,0.3408057809693074,0.1293974156911342,0.7746031746031746,0.38383838383838376,1.0,64.19892162773341,Cross-Sell Campaign,14056.003344851499,Medium,Medium
5989,1959,2n Cycle,Divorced,78353.0,0,1,2013-04-16,51,752,122,476,39,153,34,1,10,2,11,8,0,0,0,0,0,0,0,67,1,1576,4847,23,65.66666666666667,1,Loyal Customers,15537.38629999998,0.30345567366001597,0.3659610763666221,0.11523364654643455,0.6234126984126984,0.48484848484848475,0.75,40.510271866696385,Email Nurture Campaign,4714.908026582397,Low,Low
9499,1954,Graduation,Married,93404.0,1,2,2013-05-07,97,1279,15,287,20,0,15,3,3,4,7,5,0,1,1,0,0,0,0,72,3,1616,4826,14,107.73333333333332,3,Premium VIP Customers,737.6632333333338,0.2728803679472521,0.017311886195885164,0.13786890768434856,0.6392857142857143,0.02020202020202011,1.0,29.774752516433423,Low Priority,201.29381453315983,Low,Low
6768,1962,Graduation,Divorced,37859.0,1,2,2013-01-12,75,22,1,8,2,1,2,2,1,0,3,8,0,0,0,0,0,0,0,64,3,36,4941,4,7.2,2,Dormant Customers,37.58003333333332,0.014977344107232312,0.000819453220440759,0.054334552498285546,0.012301587301587301,0.24242424242424232,0.5,7.4138944664580695,Low Priority,0.5628490907945937,Low,Low
2150,1958,PhD,Widow,80995.0,0,1,2013-05-11,83,860,28,409,73,56,56,1,8,9,4,4,0,0,0,0,0,0,0,68,1,1482,4822,21,67.36363636363636,3,Premium VIP Customers,5296.238699999999,0.4217314533819277,0.12470197975548658,0.11920696127146072,0.5861111111111111,0.16161616161616155,1.0,37.184820081584505,Low Priority,2233.590444408611,Low,Low
6646,1984,Graduation,Together,16529.0,1,0,2014-03-01,23,3,0,5,13,0,1,1,1,0,3,6,0,0,0,0,0,0,0,42,1,22,4528,4,4.4,0,Low-Value Customers,94.2314666666668,0.03039824593577157,0.00215403740588166,0.022256277295860053,0.006746031746031746,0.7676767676767676,0.25,7.638705587782512,Low Priority,2.8644712986217984,Low,Low
4887,1976,PhD,Divorced,55412.0,1,1,2013-11-22,65,10,5,28,11,1,8,1,2,0,3,5,0,0,0,0,0,0,0,50,2,63,4627,5,10.5,2,Dormant Customers,132.2331333333333,0.008666647764021585,0.0030492737727237395,0.08073258178230687,0.023015873015873017,0.3434343434343434,0.5,8.221213276335241,Low Priority,1.1460179893329012,Low,Low
8560,1992,Graduation,Single,48789.0,0,0,2012-09-10,94,351,16,156,7,5,145,1,6,4,7,6,0,0,0,0,0,0,0,34,0,680,5065,17,37.77777777777778,1,Loyal Customers,736.9242000000027,0.21304208400472988,0.017294476182737325,0.07077222469530903,0.26785714285714285,0.050505050505050386,0.75,19.388201447959503,Low Priority,156.99586732151892,Low,Low
3321,1967,PhD,Together,56575.0,0,2,2013-05-05,42,421,5,90,0,16,10,3,7,3,7,5,0,0,0,0,0,0,0,59,2,542,4828,17,30.11111111111111,1,Loyal Customers,6408.014433333368,0.11503499797243508,0.15089299071779239,0.08248162229146865,0.21309523809523812,0.5757575757575757,0.75,22.37787233383796,Low Priority,737.1459273458387,Low,Low
11003,1980,2n Cycle,Together,25130.0,1,0,2013-10-02,10,2,5,7,0,18,18,2,2,0,3,7,0,0,0,0,0,0,0,46,1,50,4678,5,8.333333333333334,0,Low-Value Customers,234.17363333333327,0.13560277659357775,0.005450769571699188,0.035191356762154555,0.017857142857142856,0.898989898989899,0.25,11.846326590386491,Low Priority,31.754594885006384,Low,Low
10402,1967,Graduation,Married,35441.0,1,1,2013-02-14,94,25,1,9,2,1,1,2,1,0,3,8,0,0,0,0,0,0,0,59,2,39,4908,4,7.8,2,Dormant Customers,10.000500000000033,0.002524436723690455,0.00016973957927063268,0.05069811229952958,0.013492063492063493,0.050505050505050386,0.5,6.042712616990333,Low Priority,0.025245629455266476,Low,Low
9904,1956,Graduation,Married,71391.0,0,1,2013-03-29,50,336,123,274,46,123,141,5,6,5,12,3,0,0,0,0,0,0,0,70,1,1043,4865,23,43.458333333333336,3,Premium VIP Customers,12446.718533333324,0.04358107314359153,0.29315168600970987,0.10476346595762599,0.4119047619047619,0.4949494949494949,1.0,29.802936337494202,Low Priority,542.4413507988959,Low,Low
6141,1972,Master,Single,49494.0,1,0,2013-04-25,46,191,9,97,0,6,82,2,6,1,5,7,0,0,0,0,0,0,0,54,1,385,4838,12,29.615384615384617,1,Loyal Customers,2423.5223000000005,0.2473744152074191,0.05702704814098719,0.07183247711057907,0.1507936507936508,0.5353535353535352,0.75,22.289041110230418,Low Priority,599.5174117046395,Low,Low
5687,1980,Graduation,Divorced,81702.0,0,0,2012-09-23,98,563,50,774,28,31,187,1,7,7,12,3,0,0,0,0,0,0,0,46,0,1633,5052,26,60.48148148148148,3,Premium VIP Customers,793.4649333333354,0.3821149012310369,0.018626452517667893,0.12027022149500102,0.6460317460317461,0.010101010101010055,1.0,32.9659240683924,Low Priority,303.1947746309587,Low,Low
10856,1980,2n Cycle,Single,45889.0,0,1,2013-07-02,42,31,0,6,0,1,8,1,1,0,3,6,0,0,0,0,0,0,0,46,1,46,4770,4,9.2,0,Low-Value Customers,98.05706666666674,0.005775054109700942,0.0022441601964169264,0.06641090270341807,0.01626984126984127,0.5757575757575757,0.25,6.527520954053215,Low Priority,0.566284865838553,Low,Low
5121,1977,Graduation,Single,56628.0,0,1,2014-03-21,30,479,5,82,7,17,171,2,7,6,5,5,1,0,0,0,0,0,0,49,1,761,4508,18,40.05263157894737,1,Loyal Customers,12137.38669999999,0.24037201353678206,0.2858645028171674,0.0825613292106308,0.3,0.696969696969697,0.75,32.09755726757328,Low Priority,2917.488080153556,Low,Low
4186,1950,Graduation,Together,34026.0,1,1,2013-08-05,11,18,6,15,12,8,17,3,2,1,3,5,0,0,0,0,0,0,0,76,2,76,4736,6,10.857142857142858,0,Low-Value Customers,448.733566666665,0.18457860149208322,0.010505333543118289,0.04857008794831382,0.028174603174603175,0.8888888888888888,0.25,13.705282422602677,Low Priority,82.82661417788752,Low,Low
368,1974,Graduation,Married,40049.0,0,1,2012-11-29,61,91,65,52,10,44,28,3,3,2,6,5,0,0,0,0,0,0,0,52,1,290,4985,11,24.166666666666668,2,Dormant Customers,1039.8325000000002,0.21402222414022343,0.024430334942747226,0.05762810255423078,0.11309523809523808,0.38383838383838376,0.5,16.345478288651922,Low Priority,222.54726438328893,Low,Low
3312,1988,Graduation,Single,34176.0,1,0,2014-05-12,12,5,7,24,19,14,20,4,3,0,4,6,0,0,0,0,0,0,0,38,1,89,4456,7,11.125,0,Low-Value Customers,546.6937999999999,0.11123602357299632,0.012813062942293871,0.048795673568584046,0.03333333333333333,0.8787878787878788,0.25,11.60336872508394,Low Priority,60.81204442401092,Low,Low
11121,1981,Graduation,Married,19419.0,1,0,2012-11-10,76,2,14,28,16,3,7,4,4,0,3,9,0,0,0,0,0,0,0,45,1,70,5004,7,8.75,2,Dormant Customers,214.31163333333276,0.40034051806804116,0.0049828641802281675,0.026602560246399655,0.025793650793650792,0.23232323232323226,0.5,18.974247993433,Low Priority,85.79763031667451,Low,Low
5332,1960,2n Cycle,Married,82504.0,0,0,2013-07-27,2,362,50,431,134,35,54,1,3,6,7,1,0,0,0,0,0,0,0,66,0,1066,4745,16,62.70588235294117,3,Premium VIP Customers,19648.58953333327,0.5188311738247364,0.4628120560418658,0.12147635261137914,0.42103174603174603,0.9797979797979798,1.0,51.87852651157795,Email Nurture Campaign,10194.30077157973,Medium,Low
5848,1970,Graduation,Together,81205.0,0,0,2014-01-13,43,724,74,929,97,55,130,1,5,6,7,2,1,0,1,0,1,0,1,56,0,2009,4575,18,105.73684210526316,3,Premium VIP Customers,20057.537566666615,0.8926802457097562,0.4724459795957948,0.11952278113983902,0.7952380952380953,0.5656565656565656,1.0,66.90586882741918,Cross-Sell Campaign,17904.96756334462,High,Medium
10343,1991,2n Cycle,Single,61618.0,0,0,2012-09-29,27,605,91,399,0,45,205,2,3,6,8,3,0,0,0,0,0,0,0,35,0,1345,5046,17,74.72222222222223,3,Premium VIP Customers,15077.085700000056,0.36242455842948096,0.3551173983665564,0.09006581084495349,0.5317460317460317,0.7272727272727273,1.0,44.039470924884775,Email Nurture Campaign,5464.306127225962,Medium,Low
5935,1956,Master,Single,55284.0,0,1,2012-12-24,60,547,7,140,0,7,63,3,7,5,8,5,0,0,0,0,0,0,0,70,1,764,4960,20,36.38095238095238,1,Loyal Customers,6369.9415,0.09710965190004753,0.14999607546374955,0.08054008205300961,0.3011904761904762,0.3939393939393939,0.75,22.206126753998124,Low Priority,618.5828016886666,Low,Low
2895,1963,Graduation,Single,49980.0,0,1,2013-10-23,79,104,1,54,13,9,14,2,3,1,5,5,0,0,0,0,0,0,0,63,1,195,4657,9,19.5,2,Dormant Customers,368.48326666666776,0.05798212046705967,0.00861481153943464,0.07256337452025458,0.0753968253968254,0.202020202020202,0.5,9.864595096450767,Low Priority,21.3654411579624,Low,Low
10262,1980,Graduation,Married,15072.0,2,0,2013-05-10,96,8,2,15,0,10,18,4,3,1,3,5,0,0,0,0,0,0,0,46,2,53,4823,7,6.625,2,Dormant Customers,25.071966666666732,0.08076686975623217,0.0005247904558545086,0.020065088970968634,0.01904761904761905,0.030303030303030276,0.5,8.076630133301723,Low Priority,2.024984266299266,Low,Low
7848,1974,Graduation,Single,49166.0,0,1,2013-06-13,17,224,2,25,7,0,110,2,5,3,3,6,0,0,0,0,0,0,0,52,1,368,4789,11,30.666666666666668,0,Low-Value Customers,4006.945333333332,0.20844092961255137,0.09432904060277579,0.07133919655425484,0.14404761904761906,0.8282828282828283,0.25,18.598619499130788,Low Priority,835.2114101866742,Low,Low
9477,1954,PhD,Married,65324.0,0,1,2014-01-11,0,384,0,102,21,32,5,3,6,2,9,4,0,0,0,0,0,0,0,72,1,544,4577,17,30.22222222222222,1,Loyal Customers,9296.251933333331,0.2844601088380238,0.21893356558934263,0.0956392795697631,0.2138888888888889,1.0,0.75,31.766536361851955,Low Priority,2644.412836741689,Low,Low
4856,1957,2n Cycle,Married,82347.0,0,0,2012-11-06,38,556,54,845,202,133,63,1,7,7,10,3,1,0,0,1,0,0,0,69,0,1853,5008,24,74.12,3,Premium VIP Customers,26598.098599999877,0.8330070049689722,0.6265273294468585,0.12124023966216298,0.7333333333333334,0.6161616161616161,1.0,69.07924050990462,Cross-Sell Campaign,22156.40245265531,High,Medium
7186,1966,PhD,Together,30843.0,1,1,2014-05-26,43,24,0,2,0,0,9,2,1,1,2,5,1,0,0,0,0,0,0,60,2,35,4442,4,7.0,0,Low-Value Customers,84.06659999999968,0.24424199156652282,0.0019145753216546185,0.043783161086179724,0.011904761904761904,0.5656565656565656,0.25,13.329382874361379,Low Priority,20.53259380822617,Low,Low
5794,1974,PhD,Married,46374.0,0,1,2014-03-17,1,408,0,21,0,0,17,3,7,1,7,8,0,1,0,1,0,0,1,52,1,446,4512,15,27.875,1,Loyal Customers,6764.410966666682,0.8042092258667854,0.15928891557169605,0.06714029620895845,0.17500000000000002,0.98989898989899,0.75,44.65084215473898,Email Nurture Campaign,5440.001706947806,Medium,Low
1456,1979,Graduation,Single,60474.0,0,1,2013-04-01,25,265,199,303,234,9,170,7,10,2,12,7,0,0,0,0,0,0,0,47,1,1180,4862,24,47.2,1,Loyal Customers,20807.91853333334,0.1496260396833568,0.49012331823040306,0.08834534451435927,0.4662698412698413,0.7474747474747474,0.75,38.30735553897775,Low Priority,3113.4064441965897,Low,Low
4877,1973,Master,Married,38576.0,0,1,2014-03-04,2,34,0,7,0,0,0,1,1,0,3,7,0,0,0,0,0,0,0,53,1,41,4525,4,8.2,0,Low-Value Customers,148.88013333333362,0.07561775085708575,0.0034414407776486226,0.05541285176317721,0.014285714285714287,0.9797979797979798,0.25,10.539179879949417,Low Priority,11.257980829969728,Low,Low
425,1985,Graduation,Married,55357.0,2,0,2013-02-19,66,374,64,116,84,25,64,3,6,2,11,5,0,0,0,0,0,0,0,41,2,727,4903,19,36.35,1,Loyal Customers,5376.950933333324,0.1770872202260093,0.12660338390080572,0.08064986705487445,0.2865079365079365,0.33333333333333326,0.75,23.38150250863891,Low Priority,952.1892940756447,Low,Low
3007,1966,Graduation,Together,37758.0,1,1,2012-10-04,49,27,2,10,0,0,1,2,1,0,3,8,0,0,0,0,0,0,0,60,2,40,5041,4,8.0,0,Low-Value Customers,80.57506666666643,0.010895497613542863,0.0018323224130267176,0.05418265818063693,0.013888888888888888,0.505050505050505,0.25,6.157247041189315,Low Priority,0.8779054465777212,Low,Low
1031,1989,2n Cycle,Married,85710.0,0,0,2013-05-05,5,600,20,350,29,30,33,1,6,9,10,2,0,0,1,0,0,0,0,37,0,1062,4828,25,40.84615384615385,3,Premium VIP Customers,28510.66743333334,0.5544896932652928,0.671583278932114,0.12629786926862133,0.41944444444444445,0.9494949494949495,1.0,59.084309272749834,Email Nurture Campaign,15808.871239897777,High,Medium
4297,1969,Graduation,Together,23228.0,1,0,2014-01-26,71,13,2,18,6,1,0,2,2,0,3,8,0,0,0,0,0,0,0,57,1,40,4562,5,6.666666666666667,2,Dormant Customers,67.27109999999998,0.08766257394274161,0.0015189099806793296,0.032330931097128146,0.013888888888888888,0.28282828282828276,0.5,9.621228576148656,Low Priority,5.897157777959563,Low,Low
807,1969,Master,Together,44602.0,1,1,2014-02-15,35,167,2,89,0,0,34,6,6,1,4,8,0,0,0,0,0,0,0,57,2,292,4542,11,24.33333333333333,0,Low-Value Customers,2193.9005000000043,0.4818790335275485,0.05161765944804207,0.06447537808149957,0.1138888888888889,0.6464646464646464,0.25,24.090311135739277,Low Priority,1057.1946525956075,Low,Low
9553,1987,Graduation,Married,7500.0,0,0,2013-01-09,94,0,2,3,4,1,5,1,0,0,3,6,0,0,0,0,0,0,0,39,0,15,4944,3,3.75,2,Dormant Customers,5.676833333333354,0.022652275399977693,6.788342459049853e-05,0.008677526859727853,0.003968253968253968,0.050505050505050386,0.5,6.080429095383386,Low Priority,0.12859319206644051,Low,Low
4271,1989,2n Cycle,Together,38683.0,1,0,2012-10-04,80,46,35,69,84,41,66,6,4,1,6,7,0,0,0,0,0,0,0,37,1,341,5041,11,28.416666666666668,2,Dormant Customers,676.0131333333353,0.26746159542369613,0.01585954432826226,0.05557376950563663,0.13333333333333333,0.19191919191919182,0.5,17.014967847211075,Low Priority,180.8075511687057,Low,Low
4120,1975,2n Cycle,Single,49514.0,1,0,2013-12-17,61,88,39,78,58,13,93,2,6,1,4,7,0,0,0,0,0,0,0,51,1,369,4602,11,30.75,2,Dormant Customers,1559.0897666666704,0.2079382776093919,0.036662903396771716,0.07186255519328176,0.14444444444444446,0.38383838383838376,0.5,17.14251956797631,Low Priority,324.1944407190961,Low,Low
2036,1973,PhD,Together,57906.0,0,1,2013-06-11,29,243,11,119,10,3,15,3,4,2,8,4,0,0,0,0,0,0,0,53,1,401,4791,14,26.73333333333333,1,Loyal Customers,4163.344133333311,0.09039953041381565,0.09801345515013185,0.08448331869533308,0.15714285714285714,0.7070707070707071,0.75,19.88971914636815,Low Priority,376.3643546044456,Low,Low
115,1966,Master,Single,43456.0,0,1,2013-03-26,0,275,11,68,25,7,7,3,5,1,8,5,0,0,0,0,0,0,0,60,1,393,4868,14,26.2,1,Loyal Customers,5539.4022333333305,0.28477487186305284,0.1304303821447629,0.06275190394263508,0.15396825396825398,1.0,0.75,27.89320046918463,Low Priority,1577.482561195408,Low,Low
4259,1986,Master,Single,19485.0,2,0,2013-09-24,80,6,0,4,0,0,0,1,1,0,2,7,0,0,0,0,0,0,0,40,2,10,4686,3,2.5,2,Dormant Customers,9.14246666666666,0.028088123770306662,0.00014952618571869802,0.02670181791931855,0.001984126984126984,0.19191919191919182,0.5,7.103505542231811,Low Priority,0.25679473529923613,Low,Low
8687,1978,Graduation,Together,53172.0,0,1,2013-05-06,54,121,62,90,68,20,125,3,2,3,8,3,0,0,0,0,0,0,0,48,1,486,4827,13,34.714285714285715,2,Dormant Customers,3610.129966666675,0.06423504605613285,0.08498093620836061,0.07736383651960489,0.1908730158730159,0.4545454545454545,0.5,15.385940343953363,Low Priority,231.89686467745923,Low,Low
2447,1979,Graduation,Together,30545.0,1,0,2012-10-17,71,4,12,15,19,7,12,2,2,0,3,7,0,0,0,0,0,0,0,47,1,69,5028,5,11.5,2,Dormant Customers,84.13203333333323,0.16071373154914315,0.001916116788246537,0.04333499765390955,0.025396825396825397,0.28282828282828276,0.5,12.10733922175458,Low Priority,13.521173019816878,Low,Low
10140,1983,PhD,Together,70123.0,0,0,2013-09-28,27,1308,0,396,23,0,0,1,5,7,4,3,0,1,0,0,1,0,0,43,0,1727,4682,16,101.58823529411764,3,Premium VIP Customers,18970.01546666671,0.6492317714380921,0.4468263313260421,0.10285651551427506,0.6833333333333333,0.7272727272727273,1.0,57.7966718744304,Email Nurture Campaign,12315.936745632034,Medium,Medium
9353,1959,Graduation,Single,62450.0,0,1,2014-01-06,61,515,47,267,62,66,38,2,5,5,4,3,0,1,0,0,0,0,0,67,1,995,4582,14,66.33333333333333,1,Loyal Customers,5964.744333333312,0.16762530899958988,0.14045051414605142,0.09131705908538566,0.39285714285714285,0.38383838383838376,0.75,25.467494347272158,Low Priority,999.8421119785493,Low,Low
3623,1976,Graduation,Together,21675.0,1,0,2014-06-11,55,4,0,16,17,4,4,3,4,0,3,7,0,0,0,0,0,0,0,50,1,45,4426,7,5.625,2,Dormant Customers,251.3094666666666,0.09835202388245959,0.005854452423577916,0.02999536797526379,0.015873015873015872,0.4444444444444444,0.5,10.886465429251224,Low Priority,24.716794667488173,Low,Low
738,1981,2n Cycle,Single,42395.0,1,1,2014-04-04,35,48,13,57,24,15,25,4,3,1,4,7,0,0,0,0,0,0,0,45,2,182,4494,8,20.22222222222222,0,Low-Value Customers,898.6188666666652,0.4772586963337323,0.021103649795940378,0.061156261655257046,0.07023809523809524,0.6464646464646464,0.25,22.348327661337414,Low Priority,428.87366880622864,Low,Low
7631,1978,Master,Together,61346.0,1,0,2013-10-06,34,562,58,168,43,16,142,1,5,7,10,3,0,0,0,0,0,0,0,48,1,989,4674,22,43.0,3,Premium VIP Customers,15805.390966666673,0.23647029329116828,0.37227468166683036,0.08965674892019683,0.3904761904761905,0.6565656565656566,1.0,38.29888787791306,Low Priority,3737.50543746925,Low,Low
4789,1953,Graduation,Together,80812.0,0,0,2013-09-17,95,769,22,500,210,143,33,1,4,8,5,2,1,0,1,1,0,0,0,73,0,1677,4693,17,93.16666666666669,3,Premium VIP Customers,1349.5851666666697,0.217581792198168,0.03172743205058415,0.11893174681473104,0.6634920634920635,0.04040404040404033,1.0,28.822995350011027,Low Priority,293.64515928739723,Low,Low
773,1971,Master,Divorced,42835.0,1,1,2013-06-30,64,379,4,93,12,9,98,7,6,6,4,6,0,0,0,0,0,0,0,55,2,595,4772,16,35.0,1,Loyal Customers,3476.9036333333215,0.3459422020502765,0.08184241442542889,0.06181797947471636,0.23412698412698413,0.3535353535353535,0.75,26.231299818599858,Low Priority,1202.8076992319363,Low,Low
10602,1983,Graduation,Married,39922.0,1,0,2013-02-14,30,29,12,59,19,1,36,2,3,0,4,8,0,0,0,0,0,0,0,43,1,156,4908,7,19.5,0,Low-Value Customers,756.6058999999962,0.16719678166370422,0.017758134099528783,0.05743710672906866,0.05992063492063492,0.696969696969697,0.25,13.006676548845686,Low Priority,126.50207146776978,Low,Low
1446,1956,Master,Single,86424.0,0,0,2014-04-05,12,387,68,569,89,45,68,1,6,9,12,1,0,0,0,0,0,0,0,70,0,1226,4493,27,43.785714285714285,3,Premium VIP Customers,28984.310566666572,0.5017194409157837,0.6827412779110609,0.1273716568211076,0.4845238095238095,0.8787878787878788,1.0,58.469334669812945,Email Nurture Campaign,14541.992092837394,Medium,Medium
3270,1978,2n Cycle,Together,17117.0,1,0,2013-01-17,96,12,23,38,30,18,7,4,3,1,3,9,0,0,0,0,0,0,0,48,1,128,4936,7,16.0,2,Dormant Customers,34.59096666666675,0.1501292197605619,0.0007490373303592182,0.02314057292731932,0.04880952380952381,0.030303030303030276,0.5,10.641411450658834,Low Priority,5.193114836430284,Low,Low
8443,1972,Graduation,Single,24762.0,1,0,2014-02-10,16,6,10,12,3,15,40,3,3,1,2,8,1,0,0,0,0,0,1,54,1,86,4547,6,12.285714285714286,0,Low-Value Customers,496.9687000000009,0.944215667662625,0.011641648060538027,0.034637920040424944,0.03214285714285714,0.8383838383838383,0.25,36.19616072116119,Low Priority,469.2456328779277,Low,Low
9653,1975,Graduation,Married,35797.0,0,1,2012-10-16,16,27,1,14,4,1,21,2,2,0,3,8,0,0,0,0,0,0,0,51,1,68,5029,5,11.333333333333334,0,Low-Value Customers,274.05106666666694,0.2029941158254556,0.006390194909263006,0.05123350217163757,0.025,0.8383838383838383,0.25,13.860783535677127,Low Priority,55.63075396902304,Low,Low
8916,1975,Graduation,Divorced,36627.0,2,0,2013-07-23,78,9,1,5,0,0,1,1,0,0,3,5,0,0,0,0,0,0,0,51,2,16,4749,3,4.0,2,Dormant Customers,15.981233333333334,0.014102164674525524,0.00031063260976187373,0.05248174260379947,0.004365079365079365,0.21212121212121204,0.5,7.083283595648868,Low Priority,0.22536998416868315,Low,Low
8017,1981,2n Cycle,Married,51111.0,1,1,2014-06-19,83,22,0,19,6,5,3,2,2,0,3,6,0,0,0,0,0,0,0,45,2,55,4418,5,9.166666666666666,2,Dormant Customers,49.91056666666661,0.007702774368603647,0.0011099336869788538,0.07426429009709205,0.01984126984126984,0.16161616161616155,0.5,7.112723998338251,Low Priority,0.38444983364248314,Low,Low
5830,1972,PhD,Single,86857.0,0,0,2012-09-12,96,899,102,838,133,102,40,1,5,6,10,2,0,0,0,0,0,0,1,54,0,2114,5063,21,96.0909090909091,3,Premium VIP Customers,1537.9245333333374,0.9447146935251612,0.03616429667094308,0.12802284731162097,0.8369047619047619,0.030303030303030276,1.0,53.41168475908591,Email Nurture Campaign,1452.8999041728305,Low,Low
4597,1970,PhD,Together,82072.0,0,0,2013-07-02,67,889,55,685,168,92,129,1,3,2,13,1,0,0,0,0,0,0,0,56,0,2018,4770,18,106.21052631578948,3,Premium VIP Customers,9951.5714333333,0.4785554871428115,0.23437146344384224,0.1208266660250009,0.7988095238095239,0.3232323232323232,1.0,46.194379651154094,Email Nurture Campaign,4762.379115115304,Low,Low
7023,1953,PhD,Single,46231.0,2,1,2012-11-26,87,189,2,55,0,5,12,4,6,1,4,9,0,0,0,0,0,0,0,73,3,263,4988,11,21.916666666666668,2,Dormant Customers,552.003966666667,0.20671663196434487,0.012938158884945325,0.06692523791763418,0.10238095238095238,0.1212121212121211,0.5,14.400670996429938,Low Priority,114.10840082029189,Low,Low
8086,1959,Graduation,Married,42243.0,1,1,2013-12-11,34,48,0,2,0,0,5,2,2,0,3,7,0,0,0,0,0,0,0,67,2,55,4608,5,9.166666666666666,0,Low-Value Customers,184.94126666666654,0.02886414618266493,0.004290962412389404,0.06092766822671655,0.01984126984126984,0.6565656565656566,0.25,7.6843772705661255,Low Priority,5.338171756273879,Low,Low
8825,1962,Graduation,Together,51195.0,1,1,2013-04-01,46,230,14,156,82,24,58,8,9,2,5,8,0,0,0,0,0,0,0,64,2,564,4862,16,33.1764705882353,1,Loyal Customers,4719.695099999989,0.43615691716191185,0.11111987025704184,0.07439061804444337,0.22182539682539684,0.5353535353535352,0.75,30.66635843216168,Low Priority,2058.5276647601763,Low,Low
2930,1978,Master,Single,68092.0,0,0,2013-12-16,7,852,60,207,78,36,48,2,2,6,10,5,0,0,0,0,0,0,0,48,0,1281,4603,18,67.42105263157895,3,Premium VIP Customers,22078.30623333341,0.36017567933483713,0.5200508811187571,0.09980208621581625,0.5063492063492063,0.9292929292929293,1.0,49.64652041746873,Email Nurture Campaign,7952.068946153429,Medium,Low
1928,1973,Graduation,Married,31814.0,1,0,2013-02-09,73,35,3,20,4,1,20,2,2,0,3,9,1,0,0,0,0,0,0,53,1,83,4913,5,13.833333333333334,2,Dormant Customers,92.32446666666642,0.21994887397985446,0.002109112645961441,0.04524345200139562,0.030952380952380953,0.26262626262626254,0.5,13.891591146205458,Low Priority,20.306662484123887,Low,Low
7108,1965,Master,Widow,51390.0,1,1,2012-09-08,54,205,20,47,23,2,56,6,5,2,5,5,0,0,0,0,0,0,0,61,2,353,5067,12,27.153846153846157,1,Loyal Customers,1860.3619333333324,0.1787215266108372,0.04376021842463817,0.07468387935079467,0.1380952380952381,0.4545454545454545,0.75,19.265446988728055,Low Priority,332.48672477402175,Low,Low
10925,1983,Graduation,Married,76630.0,0,0,2014-01-14,93,255,31,446,40,56,175,1,3,10,11,1,0,0,0,0,0,0,0,43,0,1003,4574,24,40.12,3,Premium VIP Customers,1828.619499999999,0.1882878160366037,0.043012435940745525,0.11264241972159726,0.396031746031746,0.06060606060606055,1.0,24.308938250042942,Low Priority,344.30677201694607,Low,Low
9960,1991,Basic,Single,26868.0,1,0,2014-04-30,52,0,0,1,8,3,2,1,1,0,2,7,0,0,0,0,0,0,0,35,1,14,4468,3,3.5,0,Low-Value Customers,26.191499999999927,0.07579692727876874,0.0005511642189497715,0.03780514214901885,0.0035714285714285718,0.4747474747474747,0.25,7.595802968730547,Low Priority,1.985235220821866,Low,Low
8800,1943,PhD,Divorced,48948.0,0,0,2013-02-01,53,437,8,206,160,49,42,2,7,10,5,6,1,0,0,0,0,0,1,83,0,902,4921,22,39.21739130434783,3,Premium VIP Customers,9277.89250000002,0.8131737690492521,0.2185010573907217,0.07101134545279546,0.35595238095238096,0.46464646464646464,1.0,49.3228762852452,Email Nurture Campaign,7544.538813058804,Medium,Low
9224,1972,PhD,Single,55260.0,0,1,2012-12-12,81,825,8,53,11,0,242,2,8,10,5,6,0,0,0,0,0,0,0,54,1,1139,4972,23,47.458333333333336,3,Premium VIP Customers,5021.836033333334,0.45091337632661965,0.1182376515323794,0.08050398835376638,0.45,0.18181818181818177,1.0,35.53866162839854,Low Priority,2264.4130411490123,Low,Low
5519,1956,Graduation,Together,64090.0,0,1,2013-08-07,8,316,58,161,76,51,135,1,6,9,4,5,0,0,0,0,0,0,1,70,1,797,4734,19,39.85,1,Loyal Customers,16400.892133333327,0.267633780965517,0.38630339008041426,0.09378346186700674,0.3142857142857143,0.9191919191919192,0.75,37.366195060293315,Low Priority,4389.432772851603,Low,Low
5046,1958,Graduation,Divorced,78331.0,0,1,2014-01-23,97,756,138,354,160,169,61,2,10,6,7,4,0,0,0,0,0,0,0,68,1,1638,4565,23,68.25,3,Premium VIP Customers,1024.8028999999976,0.37870997231628734,0.024076270353498717,0.11520056065546158,0.648015873015873,0.02020202020202011,1.0,33.05684108289639,Low Priority,388.1030778886501,Low,Low
7037,1974,PhD,Married,37087.0,1,0,2013-08-11,50,194,55,134,15,0,3,3,4,2,8,6,0,0,0,0,0,0,0,52,1,401,4730,14,26.73333333333333,1,Loyal Customers,3328.8773666666675,0.4330111831340467,0.07835523849890323,0.05317353850596147,0.15714285714285714,0.4949494949494949,0.75,28.204618365938444,Low Priority,1441.4411270484834,Low,Low
905,1986,Graduation,Divorced,21846.0,1,0,2013-10-22,38,7,17,18,6,10,26,4,4,0,3,8,0,0,0,0,0,0,0,40,1,84,4658,7,10.5,0,Low-Value Customers,418.4496999999989,0.21116885054323234,0.009791911708060276,0.030252535582371835,0.03134920634920635,0.6161616161616161,0.25,12.982394399408673,Low Priority,88.36354215916019,Low,Low
8624,1958,Graduation,Married,81320.0,0,0,2013-02-06,61,183,33,493,59,103,57,1,4,3,10,2,0,0,0,0,0,0,0,68,0,928,4916,17,51.55555555555556,1,Loyal Customers,7993.355333333318,0.11972203204922012,0.18824016393446133,0.11969573011537953,0.3662698412698413,0.38383838383838376,0.75,25.349062718903774,Low Priority,956.9807433981362,Low,Low
8945,1970,Graduation,Divorced,54137.0,0,1,2013-08-16,46,171,0,11,0,1,20,2,4,1,4,6,0,0,0,0,0,0,0,56,1,203,4725,9,20.3,2,Dormant Customers,1102.073099999999,0.14086024620525925,0.025896587702206993,0.07881510401000999,0.07857142857142857,0.5353535353535352,0.5,14.646195162663192,Low Priority,155.23828820219313,Low,Low
6445,1967,Graduation,Together,66825.0,0,0,2013-07-14,73,243,101,405,29,40,40,1,4,5,6,2,0,0,0,0,0,0,0,59,0,858,4758,15,53.625,3,Premium VIP Customers,4276.533466666664,0.1394181531618537,0.10067994892335132,0.09789663967660045,0.3384920634920635,0.26262626262626254,1.0,24.57242172483442,Low Priority,596.2263978575261,Low,Low
2727,1973,Graduation,Together,57100.0,0,0,2013-12-04,19,181,21,69,39,3,96,1,3,3,6,3,0,0,0,0,0,0,0,53,0,409,4615,12,31.46153846153846,0,Low-Value Customers,4660.323799999995,0.1718682829185181,0.10972121194626548,0.08327117196241443,0.16031746031746033,0.8080808080808081,0.25,18.2255625107336,Low Priority,800.9618493503025,Low,Low
6404,1969,Graduation,Together,58917.0,1,2,2013-03-24,10,151,7,89,0,7,28,5,4,1,6,5,0,0,0,0,0,0,0,57,3,282,4870,11,23.5,0,Low-Value Customers,2679.5422000000053,0.25895486009869195,0.0630583184830409,0.08600376577595438,0.10992063492063492,0.898989898989899,0.25,19.164192033970547,Low Priority,693.8804755295427,Low,Low
11074,1977,Graduation,Single,85072.0,0,0,2014-04-09,94,494,92,391,194,11,241,1,3,4,10,0,0,0,0,0,0,0,0,49,0,1423,4489,17,79.05555555555556,3,Premium VIP Customers,1456.38736666667,0.2880648896535675,0.03424345889586484,0.12533837843040532,0.5626984126984127,0.050505050505050386,1.0,29.615635683788472,Low Priority,419.5340660716841,Low,Low
10150,1961,Graduation,Single,86429.0,0,0,2013-11-21,10,464,28,873,29,18,37,0,7,4,7,2,0,0,0,1,0,0,1,65,0,1449,4628,18,76.26315789473684,1,Loyal Customers,23590.294833333242,0.9383241292493698,0.5556700341638998,0.12737917634178328,0.573015873015873,0.898989898989899,0.75,66.68380425600353,Cross-Sell Campaign,22135.34285822332,High,Medium
1968,1971,Graduation,Widow,45684.0,1,0,2013-12-02,37,5,1,5,10,0,7,1,1,0,2,7,0,0,0,0,0,0,0,55,1,28,4617,3,7.0,0,Low-Value Customers,48.561200000000014,0.07758321492299311,0.0010781455519267662,0.06610260235571544,0.009126984126984128,0.6262626262626263,0.25,8.789084731022644,Low Priority,3.767534016518454,Low,Low
6534,1974,Graduation,Together,47889.0,1,0,2014-01-04,94,29,0,29,0,5,4,1,2,0,3,5,0,0,0,0,0,0,0,52,1,67,4584,5,11.166666666666666,2,Dormant Customers,20.290433333333393,0.08348845018923301,0.0004121479613340669,0.0694187109736877,0.024603174603174603,0.050505050505050386,0.5,8.83277792582676,Low Priority,1.694016832667958,Low,Low
9485,1986,PhD,Married,45921.0,0,0,2014-03-10,23,102,9,49,24,3,12,1,2,1,6,4,0,0,0,0,0,0,0,40,0,199,4519,9,19.9,0,Low-Value Customers,1464.2938333333368,0.16842231922110926,0.03442971800274326,0.0664590276357424,0.07698412698412699,0.7676767676767676,0.25,14.243297136218743,Low Priority,246.61976343116902,Low,Low
7053,1966,PhD,Single,78420.0,0,0,2013-06-29,75,604,28,674,91,28,28,1,3,10,8,1,0,0,0,0,0,0,0,60,0,1453,4773,21,66.04545454545455,3,Premium VIP Customers,7572.868800000002,0.5051340263589132,0.17833441849152443,0.11533440812348858,0.5746031746031746,0.24242424242424232,1.0,41.48856625791684,Email Nurture Campaign,3825.313708031793,Low,Low
4654,1992,Graduation,Together,75114.0,0,0,2013-11-07,40,571,12,523,63,60,24,1,3,10,5,2,0,0,0,0,0,0,0,34,0,1253,4642,18,65.94736842105263,3,Premium VIP Customers,14938.008733333309,0.4334041471153909,0.35184104842532166,0.11036250105273289,0.49523809523809526,0.5959595959595959,1.0,45.06935028511811,Email Nurture Campaign,6474.194934672583,Medium,Low
9760,1963,PhD,Widow,52278.0,0,1,2013-01-25,24,953,0,71,0,0,174,6,10,5,10,8,0,0,0,0,0,0,1,63,1,1198,4928,25,46.07692307692308,1,Loyal Customers,21117.53586666666,0.7648544958265405,0.49741722718013304,0.07601934622279437,0.4734126984126984,0.7575757575757576,0.75,57.01741441649742,Email Nurture Campaign,16151.842248398216,High,Medium
1048,1972,Master,Married,35641.0,1,0,2013-07-14,11,63,3,67,8,9,28,2,3,1,4,7,0,0,0,0,0,0,1,54,1,178,4758,8,19.77777777777778,0,Low-Value Customers,1152.7426333333278,0.5194485959501578,0.027090251373034935,0.05099889312655654,0.06865079365079366,0.8888888888888888,0.25,24.880360700167696,Low Priority,598.7905423768847,Low,Low
10619,1994,Graduation,Single,95529.0,0,0,2012-12-03,29,770,29,890,250,27,24,1,7,3,7,3,0,0,1,0,0,0,1,32,0,1990,4981,17,110.55555555555556,3,Premium VIP Customers,22476.668733333256,0.9398784001502308,0.5294354325994639,0.14106470397151002,0.7876984126984127,0.7070707070707071,1.0,70.84089174803566,Cross-Sell Campaign,21125.335449791975,High,High
9308,1954,Graduation,Married,62820.0,0,0,2013-05-11,51,398,61,265,138,61,53,1,3,4,6,1,0,0,0,0,0,0,0,72,0,976,4822,13,69.71428571428571,1,Loyal Customers,6410.836900000043,0.04853935433073853,0.15095948187530847,0.09187350361538554,0.38531746031746034,0.48484848484848475,0.75,22.607704451339593,Low Priority,311.1778838456754,Low,Low
10505,1960,Master,Together,73113.0,0,0,2013-12-26,86,741,19,154,50,9,28,1,3,4,7,2,0,0,0,0,0,0,0,66,0,1001,4593,14,66.73333333333333,3,Premium VIP Customers,2193.709099999999,0.03055212773387169,0.05161315048157696,0.10735318887832813,0.3952380952380952,0.13131313131313127,1.0,20.123627320383825,Low Priority,67.02248063415668,Low,Low
8362,1982,PhD,Married,84169.0,0,0,2013-08-07,9,1478,19,403,0,19,0,1,7,6,6,3,0,1,1,0,0,0,1,44,0,1919,4734,19,95.95,3,Premium VIP Customers,29892.34049999989,0.987304652202582,0.7041324822924786,0.1239803529963786,0.7595238095238095,0.9090909090909091,1.0,77.92122925312728,Cross-Sell Campaign,29512.846840873546,High,High
2625,1954,2n Cycle,Single,42607.0,0,1,2013-11-17,30,156,29,56,30,32,47,2,3,2,7,3,0,0,0,0,0,0,0,72,1,350,4632,12,26.923076923076923,1,Loyal Customers,3117.6578333333314,0.09405032514960937,0.07337936706447273,0.061475089331905625,0.13690476190476192,0.696969696969697,0.75,18.676061573161434,Low Priority,293.2167329302265,Low,Low
4637,1954,PhD,Single,74637.0,0,0,2013-05-18,73,960,64,464,146,0,16,1,6,9,9,3,0,0,0,1,0,0,0,72,0,1650,4815,24,66.0,3,Premium VIP Customers,9706.074333333328,0.3342890618629003,0.22858808731452576,0.10964513878027358,0.6527777777777778,0.26262626262626254,1.0,39.0875638429235,Low Priority,3244.6344832615737,Low,Low
9972,1955,PhD,Together,46015.0,1,1,2014-04-13,25,38,0,2,0,0,6,1,1,0,3,7,1,0,0,0,1,0,0,71,2,46,4485,4,9.2,0,Low-Value Customers,126.87626666666661,0.007163242530941389,0.002923077679947348,0.06660039462444506,0.01626984126984127,0.7474747474747474,0.25,7.450014908992469,Low Priority,0.9088454695537276,Low,Low
4483,1993,Graduation,Single,72354.0,0,0,2013-04-17,67,315,26,473,220,12,182,1,2,10,6,1,0,0,0,0,0,0,0,33,0,1228,4846,18,64.63157894736842,3,Premium VIP Customers,7506.952433333339,0.24432932322837758,0.17678157268800457,0.10621172563976082,0.4853174603174603,0.3232323232323232,1.0,32.59136765481259,Low Priority,1834.168607543957,Low,Low
4487,1969,Master,Single,39858.0,1,0,2013-01-24,67,15,20,25,2,7,26,1,2,0,4,6,0,0,0,0,0,0,1,57,1,95,4929,6,13.571428571428571,2,Dormant Customers,193.11636666666618,0.6397597511089582,0.004483549934583265,0.05734085686442003,0.03571428571428571,0.3232323232323232,0.5,27.052583501826348,Low Priority,123.54807867373268,Low,Low
4988,1948,PhD,Married,34469.0,1,1,2014-05-04,58,19,6,20,0,5,12,3,1,1,4,4,0,0,0,0,0,0,0,78,2,62,4464,6,8.857142857142858,2,Dormant Customers,184.67126666666653,0.07110121296141601,0.004284601801388639,0.049236317480178544,0.02261904761904762,0.41414141414141414,0.5,10.163930402678712,Low Priority,13.130351059121104,Low,Low
8931,1986,Graduation,Together,83033.0,1,0,2014-05-18,82,812,99,431,237,149,33,1,11,4,10,5,0,0,0,1,0,0,0,40,1,1761,4450,25,67.73076923076923,3,Premium VIP Customers,6987.9195,0.6316885751042715,0.16455428903793498,0.12227191789886545,0.6968253968253968,0.1717171717171716,1.0,46.42097191422167,Email Nurture Campaign,4414.188911898353,Low,Low
5871,1979,Master,Together,24401.0,0,0,2012-08-31,98,73,28,217,10,24,115,3,6,1,6,8,0,0,0,0,0,0,0,47,0,467,5075,13,33.357142857142854,2,Dormant Customers,211.38186666666678,0.1382072286784798,0.004913845268784956,0.034095010647641276,0.18333333333333335,0.010101010101010055,0.5,12.435087375399407,Low Priority,29.21450198488394,Low,Low
2008,1978,Graduation,Married,77583.0,0,0,2014-02-10,93,372,23,384,250,12,108,1,4,5,9,2,0,0,0,1,0,0,0,48,0,1149,4547,18,60.47368421052632,3,Premium VIP Customers,1509.0718666666621,0.1028948500692094,0.0354845907857526,0.11407564036238074,0.45396825396825397,0.06060606060606055,1.0,22.40469374182678,Low Priority,155.27572346432817,Low,Low
3139,1982,2n Cycle,Single,74116.0,0,0,2013-12-30,53,871,111,704,145,55,166,1,4,4,10,2,0,1,0,0,0,0,0,44,0,2052,4589,18,108.0,3,Premium VIP Customers,14242.123733333303,0.44244408337479624,0.33544751588359345,0.10886160472586835,0.8123015873015873,0.46464646464646464,1.0,48.9331201577665,Email Nurture Campaign,6301.3433805050845,Medium,Low
10037,1993,Graduation,Single,74293.0,0,0,2014-05-04,66,375,152,335,93,91,81,1,5,4,6,2,0,0,0,0,0,0,0,33,0,1127,4464,15,70.4375,3,Premium VIP Customers,5846.831833333307,0.2582793648935419,0.1376727528696529,0.10912779575778721,0.44523809523809527,0.33333333333333326,1.0,31.315079585711807,Low Priority,1510.1160125526699,Low,Low
10673,1976,PhD,Married,68397.0,0,1,2013-11-17,6,760,80,466,17,13,80,1,6,9,5,3,0,0,0,0,0,0,0,50,1,1416,4632,20,67.42857142857143,3,Premium VIP Customers,24032.37009999991,0.3946672820094172,0.5660843630688095,0.10026077697703238,0.5599206349206349,0.9393939393939394,1.0,52.920936342896354,Email Nurture Campaign,9484.79018761135,Medium,Low
5303,1974,PhD,Together,79632.0,0,0,2014-04-08,42,471,0,510,99,21,12,1,6,4,9,2,0,0,0,0,0,0,0,52,0,1113,4490,19,55.65,3,Premium VIP Customers,14559.736633333334,0.2024979172025358,0.34292978294183313,0.11715713993527196,0.4396825396825397,0.5757575757575757,1.0,37.00842837770976,Low Priority,2948.3163432674605,Low,Low
538,1989,Graduation,Single,46107.0,1,0,2014-02-10,78,31,9,27,16,9,33,1,1,1,4,3,0,0,0,0,0,0,0,37,1,125,4547,6,17.857142857142858,2,Dormant Customers,148.2089666666666,0.03399210760983179,0.003425629555117703,0.06673875380487747,0.047619047619047616,0.21212121212121204,0.5,8.564811427889033,Low Priority,5.037935143675305,Low,Low
7922,1951,PhD,Single,64950.0,0,1,2012-08-12,29,819,0,72,12,0,63,2,11,2,10,7,0,1,0,0,0,0,0,75,1,966,5094,23,40.25,1,Loyal Customers,15144.010766666634,0.16877620912380997,0.35669400694161674,0.09507681942322269,0.3813492063492064,0.7070707070707071,0.75,33.47046630678666,Low Priority,2555.9487281281577,Low,Low
5692,1989,Basic,Married,25443.0,1,0,2012-12-22,82,1,4,3,8,9,7,1,1,0,3,8,0,0,0,0,0,0,0,37,1,32,4962,4,6.4,2,Dormant Customers,25.124599999999973,0.027567281710997083,0.0005260303823693466,0.03566207875645175,0.010714285714285714,0.1717171717171716,0.5,7.218720294665655,Low Priority,0.6926169260761166,Low,Low
4843,1952,Graduation,Single,75127.0,0,0,2014-05-22,92,203,35,305,46,17,227,1,2,11,5,1,0,0,0,0,0,0,0,74,0,833,4446,18,43.8421052631579,3,Premium VIP Customers,1531.4949333333363,0.10186018637707762,0.03601282932097819,0.11038205180648965,0.32857142857142857,0.07070707070707061,1.0,20.522117771113354,Low Priority,155.9983593448837,Low,Low
6383,1971,PhD,Together,32892.0,1,0,2014-05-25,78,26,0,15,2,1,2,2,3,0,3,8,0,0,0,0,0,0,0,55,1,46,4443,6,6.571428571428571,2,Dormant Customers,66.5182666666666,0.09100623046949965,0.0015011748696358406,0.046864660659070946,0.01626984126984127,0.21212121212121204,0.5,9.548522446418454,Low Priority,6.053576706698298,Low,Low
1628,1971,Graduation,Together,71796.0,0,0,2013-10-24,54,354,21,311,167,75,32,1,9,3,4,4,0,0,0,0,0,0,0,55,0,960,4656,16,56.47058823529412,1,Loyal Customers,8115.312666666689,0.2985506203009325,0.1911132126604764,0.1053725471323556,0.37896825396825395,0.4545454545454545,0.75,31.200891542416905,Low Priority,2422.8316305693547,Low,Low
1204,1970,PhD,Married,67536.0,0,1,2013-05-22,45,1253,0,447,23,71,35,3,11,5,11,8,0,0,0,1,0,0,0,56,1,1829,4811,27,65.32142857142857,3,Premium VIP Customers,20284.332933333342,0.27522305248308904,0.4777887836852121,0.0989659155166813,0.7238095238095238,0.5454545454545454,1.0,47.16442982463143,Email Nurture Campaign,5582.716027495254,Medium,Low
3673,1971,Graduation,Single,55239.0,0,1,2013-07-14,59,371,17,238,23,24,106,3,7,5,11,5,0,0,0,0,0,0,0,55,1,779,4758,23,32.458333333333336,1,Loyal Customers,7959.181933333331,0.07109961655399046,0.1874351131790042,0.08047240636692854,0.30714285714285716,0.404040404040404,0.75,22.688110833004004,Low Priority,565.8947835434482,Low,Low
760,1975,PhD,Divorced,60554.0,1,0,2013-08-09,8,588,7,76,110,15,15,2,8,4,9,6,0,0,0,0,0,0,0,51,1,811,4732,21,36.86363636363637,1,Loyal Customers,16296.991699999959,0.5313777144236709,0.3838557225276574,0.08846565684517006,0.31984126984126987,0.9191919191919192,0.75,45.2352383205702,Email Nurture Campaign,8659.858201527513,Medium,Low
8957,1952,2n Cycle,Single,64831.0,1,1,2013-06-10,51,480,86,249,75,86,144,8,6,3,5,6,0,0,0,0,0,0,0,74,2,1120,4792,14,74.66666666666667,1,Loyal Customers,8395.005166666675,0.35575599858184487,0.1977021578172581,0.09489785483114165,0.44246031746031744,0.48484848484848475,0.75,34.11387042643169,Low Priority,2986.57344616725,Low,Low
4128,1962,PhD,Together,56067.0,0,1,2013-07-20,51,517,12,54,16,6,120,2,7,4,7,5,0,0,0,0,0,0,0,64,1,725,4752,18,38.1578947368421,1,Loyal Customers,6992.203733333327,0.10424633686103743,0.1646552162293046,0.08171763899082017,0.2857142857142857,0.48484848484848475,0.75,23.094179692575175,Low Priority,728.9116257860696,Low,Low
6810,1983,Graduation,Divorced,82025.0,0,0,2013-05-28,76,267,98,606,48,70,98,1,3,2,6,1,0,0,1,0,0,0,1,43,0,1187,4805,11,98.91666666666669,3,Premium VIP Customers,5719.575866666667,0.29250345868736044,0.13467487990116148,0.12075598253064956,0.46904761904761905,0.23232323232323226,1.0,32.2202404302926,Low Priority,1672.9957232247573,Low,Low
5386,1953,Graduation,Together,94384.0,0,0,2013-03-04,62,1111,24,790,160,45,172,0,5,8,5,2,0,1,1,1,0,0,1,73,0,2302,4890,18,121.15789473684212,3,Premium VIP Customers,15173.561433333369,0.8982522859500651,0.35739015618413655,0.1393427337367807,0.9115079365079365,0.3737373737373737,1.0,64.60400651769976,Cross-Sell Campaign,13629.686243495446,Medium,Medium
8700,1986,Basic,Single,14906.0,0,0,2012-12-22,86,7,7,14,7,16,15,3,2,1,3,7,0,0,0,0,0,0,0,40,0,66,4962,6,9.428571428571429,2,Dormant Customers,65.34006666666667,0.13156699878932124,0.0014734190478539902,0.019815440884536257,0.024206349206349207,0.13131313131313127,0.5,10.209027838621514,Low Priority,8.596596472027503,Low,Low
3202,1987,PhD,Married,51563.0,0,0,2012-10-01,60,1166,0,48,0,0,36,1,4,4,10,8,0,1,1,0,0,0,0,39,0,1250,5044,18,65.78947368421052,3,Premium VIP Customers,8164.567299999995,0.2551985958883794,0.19227354437387795,0.07494405476617298,0.49404761904761907,0.3939393939393939,1.0,33.55401601094071,Low Priority,2083.5861109961756,Low,Low
1328,1982,2n Cycle,Married,57937.0,0,1,2014-02-16,56,261,42,144,55,48,133,3,4,4,9,3,0,0,0,0,0,0,0,44,1,683,4541,17,37.94444444444444,1,Loyal Customers,5600.376366666679,0.05235924790410355,0.13186679971232637,0.08452993972352227,0.26904761904761904,0.43434343434343425,0.75,20.079512283159577,Low Priority,293.2314945385834,Low,Low
8405,1979,Graduation,Divorced,68274.0,1,1,2013-09-30,83,135,25,51,23,25,46,2,4,2,5,3,0,0,0,0,0,0,0,47,2,305,4680,11,25.416666666666668,2,Dormant Customers,749.7606666666692,0.05828780907752676,0.017596875334925984,0.10007579676841079,0.11904761904761904,0.16161616161616155,0.5,10.871093593852784,Low Priority,43.70190659250599,Low,Low
6515,1977,Graduation,Together,39771.0,1,0,2013-12-06,92,6,2,18,2,8,14,1,2,0,3,4,0,0,0,0,0,0,0,49,1,50,4613,5,8.333333333333334,2,Dormant Customers,21.965433333333383,0.015101976486322046,0.0004516073073573241,0.05721001720466331,0.017857142857142856,0.07070707070707061,0.5,6.6601001822495105,Low Priority,0.3317214577118752,Low,Low
2882,1975,2n Cycle,Divorced,67893.0,0,1,2012-10-01,31,711,28,142,49,18,47,2,3,2,9,8,0,0,0,0,0,0,0,51,1,995,5044,14,66.33333333333333,1,Loyal Customers,9058.181766666668,0.1966362534137324,0.21332515180766237,0.09950280929292443,0.39285714285714285,0.6868686868686869,0.75,30.121070826771668,Low Priority,1781.1669253379173,Low,Low
7574,1979,PhD,Together,27922.0,1,0,2014-05-10,80,11,0,13,2,4,11,1,2,0,3,4,0,0,0,0,0,0,0,47,1,41,4458,5,6.833333333333333,2,Dormant Customers,44.604699999999994,0.00884787229554697,0.0009849390429470535,0.03939025710745094,0.014285714285714287,0.19191919191919182,0.5,6.862768585111004,Low Priority,0.39465668938118387,Low,Low
6387,1976,PhD,Together,52190.0,1,1,2014-05-08,39,42,0,17,0,0,18,3,2,1,3,5,1,0,0,0,0,0,0,50,2,77,4460,6,11.0,0,Low-Value Customers,312.8175000000011,0.10947926164844908,0.007303447510449618,0.07588700265890251,0.02857142857142857,0.606060606060606,0.25,10.221225760230444,Low Priority,34.24702893071384,Low,Low
5320,1973,Master,Divorced,44051.0,1,1,2013-01-29,20,79,7,58,6,3,18,4,3,1,4,6,0,0,0,0,0,0,1,53,2,171,4924,8,19.0,0,Low-Value Customers,1074.3999000000006,0.7180157761431228,0.02524466747870207,0.0636467269030403,0.06587301587301586,0.797979797979798,0.25,30.412274805679374,Low Priority,771.436078086594,Low,Low
5048,1971,PhD,Single,42767.0,2,0,2013-05-11,53,20,6,43,19,5,38,1,3,1,2,8,0,0,0,0,0,0,0,55,2,131,4822,6,18.714285714285715,2,Dormant Customers,348.51463333333226,0.3188395688024096,0.008144394099248586,0.061715713993527196,0.05,0.46464646464646464,0.5,18.499908350217343,Low Priority,111.12025541332955,Low,Low
8146,1976,Master,Together,46106.0,1,1,2014-05-11,84,30,0,8,2,0,14,1,1,1,2,6,0,0,0,0,0,0,0,50,2,54,4457,4,10.8,2,Dormant Customers,35.81380000000001,0.10363263614865098,0.0007778446161077378,0.06673724990074233,0.019444444444444445,0.1515151515151515,0.5,9.848929346192609,Low Priority,3.7114785045005574,Low,Low
10031,1976,PhD,Married,16927.0,1,1,2013-02-10,50,20,2,23,3,1,4,5,3,0,4,8,0,0,0,0,0,0,0,50,2,53,4912,7,6.625,0,Low-Value Customers,273.9070666666667,0.10834438828828445,0.006386802583395927,0.022854831141643706,0.01904761904761905,0.4949494949494949,0.25,8.930945798028608,Low Priority,29.67629358583835,Low,Low
5748,1965,Graduation,Married,59754.0,0,1,2012-12-01,96,115,27,44,4,146,139,3,5,2,6,5,0,0,0,0,0,0,1,61,1,475,4983,13,33.92857142857143,2,Dormant Customers,240.1858333333334,0.46832044925862554,0.005592403888213238,0.08726253353706222,0.1865079365079365,0.030303030303030276,0.5,23.039145128909986,Low Priority,112.48393737222405,Low,Low
2134,1952,Graduation,Single,53700.0,0,1,2012-08-17,94,263,5,233,69,41,83,4,5,5,8,5,0,0,0,0,0,0,0,74,1,694,5089,18,36.526315789473685,1,Loyal Customers,810.3162999999969,0.07198295835309633,0.019023433955437794,0.07815789790295607,0.27341269841269844,0.050505050505050386,0.75,15.365486477001314,Low Priority,58.328964475734885,Low,Low
1523,1973,Graduation,Married,59041.0,1,1,2014-05-07,25,69,2,15,2,2,6,2,2,0,4,5,0,0,0,0,0,0,0,53,2,96,4461,6,13.714285714285714,0,Low-Value Customers,398.2069333333334,0.041658620326177724,0.009315036284556983,0.08619024988871109,0.036111111111111115,0.7474747474747474,0.25,9.170152601249557,Low Priority,16.5887514469849,Low,Low
9665,1957,PhD,Divorced,54237.0,0,1,2013-04-27,48,267,3,30,4,0,57,4,5,2,5,6,0,0,0,0,0,0,0,69,1,361,4836,12,27.76923076923077,1,Loyal Customers,2149.4411333333396,0.24987917541663596,0.050570293756534726,0.07896549442352346,0.14126984126984127,0.5151515151515151,0.75,21.997944214235552,Low Priority,537.1005780039344,Low,Low
4640,1967,Graduation,Divorced,70647.0,0,1,2012-09-21,65,561,85,171,25,123,114,2,4,7,13,2,0,0,0,0,0,0,0,59,1,1079,5054,24,43.16,3,Premium VIP Customers,9280.68390000002,0.038543140730393013,0.2185668166853422,0.10364456128108569,0.4261904761904762,0.3434343434343434,1.0,26.859773195311774,Low Priority,357.70670563199343,Low,Low
3635,1962,PhD,Single,52597.0,0,1,2014-05-07,69,492,0,37,7,0,42,3,6,3,8,5,0,0,0,0,0,0,0,64,1,578,4461,17,32.111111111111114,1,Loyal Customers,3351.970866666682,0.08706041240361818,0.07889927098092632,0.07649909164190238,0.22738095238095238,0.303030303030303,0.75,18.16964721882116,Low Priority,291.8239660169148,Low,Low
3547,1969,Master,Together,41021.0,1,0,2012-12-30,12,14,7,9,6,16,12,2,2,0,3,6,0,0,0,0,0,0,1,57,1,64,4954,5,10.666666666666666,0,Low-Value Customers,266.34926666666695,0.7504579241679403,0.00620875730257529,0.05908989737358182,0.023412698412698413,0.8787878787878788,0.25,30.536029287981158,Low Priority,199.88391776632005,Low,Low
2456,1975,PhD,Married,40233.0,0,1,2013-10-14,84,80,4,46,0,17,2,5,2,1,5,6,0,0,0,0,0,0,0,51,1,149,4666,8,16.555555555555557,2,Dormant Customers,264.4128333333337,0.1492704751439956,0.006163139157529937,0.057904820915095585,0.05714285714285714,0.1515151515151515,0.5,11.856775252915336,Low Priority,39.469029265836845,Low,Low
5633,1980,Graduation,Married,50183.0,1,1,2014-06-25,47,97,12,84,13,10,15,7,3,1,6,5,0,0,0,0,0,0,0,46,2,231,4412,10,21.0,0,Low-Value Customers,1269.520699999996,0.1483991609165545,0.02984128787484215,0.07286866705968695,0.08968253968253967,0.5252525252525252,0.25,12.547400855839488,Low Priority,188.39580664619632,Low,Low
7801,1959,Graduation,Together,54753.0,0,1,2013-09-12,87,197,107,227,7,59,131,3,5,2,11,4,0,0,0,0,0,0,0,67,1,728,4698,18,38.31578947368421,1,Loyal Customers,1315.525566666667,0.04032168876052959,0.030925062174874385,0.07974150895725303,0.2869047619047619,0.1212121212121211,0.75,15.344449652266684,Low Priority,53.04421245565267,Low,Low
10489,1973,Graduation,Married,92955.0,0,0,2013-08-19,35,693,21,925,31,24,84,1,6,7,9,2,0,0,1,1,0,0,1,53,0,1778,4722,22,77.30434782608695,3,Premium VIP Customers,26784.99390000008,0.7701646829515704,0.6309301750067562,0.13719365472767303,0.7035714285714286,0.6464646464646464,1.0,67.19067694692117,Cross-Sell Campaign,20628.85633485331,High,Medium
7011,1973,Graduation,Married,33471.0,1,0,2012-10-12,47,43,2,27,0,9,12,3,3,0,4,7,0,0,0,0,0,0,0,53,1,93,5033,7,11.625,0,Low-Value Customers,364.9789999999993,0.130525533219733,0.008532258661250855,0.047735421153314,0.03492063492063492,0.5252525252525252,0.25,10.299160118034806,Low Priority,47.639078589004846,Low,Low
2620,1974,PhD,Married,34596.0,1,0,2013-04-13,48,14,0,2,0,0,7,1,1,0,2,8,0,0,0,0,0,0,1,52,1,23,4850,3,5.75,0,Low-Value Customers,35.99759999999992,0.21316942368434952,0.0007821745431519595,0.04942731330534066,0.0071428571428571435,0.5151515151515151,0.25,12.095721512778884,Low Priority,7.673587646019723,Low,Low
3933,1980,Graduation,Together,44010.0,1,0,2012-10-13,46,186,36,234,86,72,48,6,10,2,6,9,0,0,0,0,0,0,0,46,1,662,5032,18,34.8421052631579,1,Loyal Customers,6058.269233333314,0.33315348366402087,0.14265375676747866,0.06358506683349976,0.26071428571428573,0.5353535353535352,0.75,28.99754984376195,Low Priority,2018.3335000595505,Low,Low
10981,1988,Graduation,Married,84219.0,0,0,2014-02-02,27,434,137,400,45,137,45,1,3,4,10,1,0,0,0,0,0,0,0,38,0,1198,4555,17,66.55555555555556,3,Premium VIP Customers,18347.444366666663,0.3180208547720776,0.43215991433560513,0.12405554820313533,0.4734126984126984,0.7272727272727273,1.0,44.48353266781595,Email Nurture Campaign,5834.869940370472,Medium,Low
1734,1968,PhD,Together,40706.0,2,1,2013-01-17,37,59,0,11,4,2,5,4,3,0,4,7,0,0,0,0,0,0,0,58,3,81,4936,7,10.125,0,Low-Value Customers,450.7529000000013,0.161081940417906,0.010552904631319132,0.05861616757101435,0.030158730158730156,0.6262626262626263,0.25,11.818901110880981,Low Priority,72.60815178099855,Low,Low
10995,1988,2n Cycle,Married,15716.0,1,0,2012-11-12,8,16,5,30,8,7,26,3,3,0,4,8,0,0,0,0,0,1,0,38,1,92,5002,7,11.5,0,Low-Value Customers,548.5654333333339,0.2818422346170579,0.01285715454069906,0.021033603233995453,0.034523809523809526,0.9191919191919192,0.25,16.6651344458894,Low Priority,154.6089075643415,Low,Low
6357,1959,2n Cycle,Divorced,59052.0,0,1,2013-11-17,29,230,35,75,63,57,31,3,7,1,7,5,0,0,0,0,0,0,0,67,1,491,4632,15,30.6875,1,Loyal Customers,5696.340033333317,0.11278810187508898,0.13412749435630214,0.08620679283419758,0.19285714285714287,0.7070707070707071,0.75,22.19774649349439,Low Priority,642.4793799947458,Low,Low
9209,1971,Master,Together,80573.0,0,0,2012-10-14,85,829,138,430,60,92,15,1,4,6,13,2,0,0,0,0,0,0,0,55,0,1564,5031,23,65.16666666666667,3,Premium VIP Customers,5124.157433333355,0.1100277574496156,0.12064812050443012,0.11857231372643381,0.6186507936507937,0.14141414141414133,1.0,28.092832087718318,Low Priority,563.7995512084472,Low,Low
10286,1962,Graduation,Married,83715.0,0,0,2014-02-03,2,318,8,407,150,35,8,1,2,8,13,0,0,0,0,0,0,0,0,64,0,926,4554,23,38.583333333333336,3,Premium VIP Customers,22366.762800000022,0.37412262415141817,0.5268462885675802,0.1232975805190274,0.3654761904761905,0.9797979797979798,1.0,48.643175942892974,Email Nurture Campaign,8367.91199250833,Medium,Low
2611,1959,Master,Together,82576.0,0,0,2012-08-01,66,1206,55,445,168,18,18,1,2,4,12,1,0,0,1,0,0,0,0,67,0,1910,5105,18,100.52631578947368,3,Premium VIP Customers,8063.752666666677,0.3758480541461632,0.1898985715375154,0.12158463370910884,0.7559523809523809,0.33333333333333326,1.0,41.194197488553826,Email Nurture Campaign,3030.745748882605,Low,Low
1600,1965,Master,Married,56962.0,2,1,2013-10-11,60,292,3,77,10,3,26,7,6,3,5,7,0,0,0,0,0,0,0,61,3,411,4669,14,27.4,1,Loyal Customers,2770.40633333332,0.2904566580189792,0.06519887924620668,0.08306363319176582,0.16111111111111112,0.3939393939393939,0.75,23.386666086236872,Low Priority,804.6829649346103,Low,Low
3308,1952,Graduation,Married,35704.0,1,1,2014-01-03,54,30,9,12,2,11,30,3,2,0,4,4,0,0,0,0,0,0,0,74,2,94,4585,6,13.428571428571429,2,Dormant Customers,256.42470000000077,0.05298188323758902,0.005974956162138952,0.051093639087070035,0.03531746031746032,0.4545454545454545,0.5,10.082130750351716,Low Priority,13.585863514633834,Low,Low
5407,1954,Graduation,Together,53103.0,0,1,2013-09-12,70,729,17,133,11,0,195,5,10,6,7,7,1,0,0,0,0,0,0,72,1,1085,4698,23,45.208333333333336,1,Loyal Customers,6633.461533333333,0.22510517953561293,0.15620403258575571,0.07726006713428059,0.4285714285714286,0.2929292929292928,0.75,27.60509492820176,Low Priority,1493.226549403582,Low,Low
2166,1960,2n Cycle,Widow,46779.0,1,1,2013-07-12,55,12,1,3,0,0,7,1,0,1,2,4,0,0,0,0,0,0,0,66,2,23,4760,3,5.75,2,Dormant Customers,53.198066666666506,0.031029496351508146,0.0011873800153677822,0.06774937738368805,0.0071428571428571435,0.4444444444444444,0.5,8.973365144208238,Low Priority,1.6507092155406153,Low,Low
3955,1965,Graduation,Divorced,4861.0,0,0,2014-06-22,20,2,1,1,1,0,1,0,0,0,0,14,0,0,0,0,0,0,0,61,0,6,4415,0,6.0,0,Low-Value Customers,177.13853333333356,0.1207399641747713,0.0041071470365522745,0.004708723847107089,0.00039682539682539715,0.797979797979798,0.25,10.28835194566215,Low Priority,21.387700168638226,Low,Low
6634,1979,Master,Divorced,33462.0,1,0,2013-08-07,78,22,3,18,0,0,11,1,2,0,3,7,0,0,0,0,0,0,0,47,1,54,4734,5,9.0,2,Dormant Customers,62.348999999999904,0.01189571186831008,0.001402956042135402,0.04772188601609779,0.019444444444444445,0.21212121212121204,0.5,7.228451624747069,Low Priority,0.741685739277264,Low,Low
3056,1978,Graduation,Divorced,63693.0,0,1,2013-10-14,63,587,43,337,42,87,54,3,11,6,9,6,0,0,0,0,0,0,0,48,1,1150,4666,26,42.5925925925926,3,Premium VIP Customers,11178.394799999998,0.14790703066543176,0.26327274567352515,0.09318641192535823,0.45436507936507936,0.36363636363636354,1.0,31.9009154180803,Low Priority,1653.3631824739027,Low,Low
5718,1950,Graduation,Married,80763.0,0,0,2013-08-15,17,674,168,108,192,42,231,1,5,11,6,3,0,0,1,1,0,0,1,76,0,1415,4726,22,61.52173913043478,3,Premium VIP Customers,25613.216566666768,0.9263749479215025,0.6033256572406612,0.11885805551210943,0.5595238095238095,0.8282828282828283,1.0,69.6138699942573,Cross-Sell Campaign,23727.442163048094,High,Medium
6872,1974,PhD,Married,65352.0,0,1,2013-08-21,43,284,3,84,4,7,23,2,4,2,8,4,0,0,0,0,0,0,0,52,1,405,4720,14,27.0,1,Loyal Customers,3938.8638333333306,0.049346718327419756,0.0927251889811146,0.09568138888554688,0.15873015873015875,0.5656565656565656,0.75,17.928206317346714,Low Priority,194.3700041135607,Low,Low
8164,1978,PhD,Married,82170.0,0,0,2013-11-25,13,1023,93,651,49,55,37,1,5,6,7,2,0,0,0,0,0,0,0,48,0,1908,4624,18,100.42105263157896,3,Premium VIP Customers,29377.615300000038,0.9112236260112074,0.6920066794425177,0.12097404863024411,0.7551587301587301,0.8686868686868687,1.0,74.9774649457295,Cross-Sell Campaign,26769.57713722836,High,High
4580,1969,Graduation,Married,75759.0,0,0,2013-10-25,46,1394,22,708,89,91,182,1,9,7,9,5,1,0,1,1,0,0,1,57,0,2486,4655,25,95.6153846153846,3,Premium VIP Customers,27611.88983333333,0.5273193730949225,0.6504100393402613,0.11133251921989484,0.9845238095238096,0.5353535353535352,1.0,63.88983238487928,Cross-Sell Campaign,14560.284436879396,Medium,Medium
9305,1976,2n Cycle,Single,79689.0,0,0,2013-05-12,65,311,26,640,180,37,121,1,4,9,13,2,0,0,0,0,0,0,0,50,0,1315,4821,26,48.7037037037037,3,Premium VIP Customers,11841.403699999999,0.2233572518445064,0.27889178901776357,0.11724286247097465,0.5198412698412699,0.3434343434343434,1.0,35.75469061536861,Low Priority,2644.8633884133696,Low,Low
453,1956,PhD,Widow,35340.0,1,1,2014-06-29,1,27,0,12,0,1,5,2,2,0,3,5,0,0,0,0,0,0,0,70,2,45,4408,5,7.5,0,Low-Value Customers,277.89423333333355,0.16555114408855306,0.006480731532143631,0.05054621798188096,0.015873015873015872,0.98989898989899,0.25,13.3540086360299,Low Priority,46.00570826394469,Low,Low
8545,1954,Graduation,Divorced,85683.0,0,0,2014-03-21,6,1296,17,311,45,69,51,1,2,4,10,1,0,1,1,1,1,0,1,72,0,1789,4508,16,105.23529411764706,3,Premium VIP Customers,24706.13856666659,0.9079762072106551,0.5819568783319499,0.1262572638569727,0.707936507936508,0.9393939393939394,1.0,71.27658252086519,Cross-Sell Campaign,22432.58599058282,High,High
9850,1972,2n Cycle,Married,24884.0,1,0,2012-11-29,32,3,6,7,0,0,3,1,0,0,3,7,0,0,0,0,0,0,0,54,1,19,4985,3,4.75,0,Low-Value Customers,38.908000000000136,0.022124242495127792,0.0008507372181764951,0.03482139634491139,0.005555555555555556,0.6767676767676767,0.25,7.00463507201996,Low Priority,0.8608100270004352,Low,Low
7378,1981,Master,Together,42021.0,1,0,2012-08-31,34,393,5,136,7,5,27,5,10,1,6,9,1,0,0,0,0,0,0,45,1,573,5075,17,31.83333333333333,1,Loyal Customers,6300.61450000002,0.4818201969213992,0.14836288257912053,0.06059380150871663,0.2253968253968254,0.6565656565656566,0.75,33.67521106388342,Low Priority,3035.763319115833,Low,Low
7646,1989,Graduation,Single,64449.0,1,0,2014-02-18,70,218,63,282,137,35,70,4,5,3,12,4,0,0,0,0,0,0,0,37,1,805,4539,20,38.333333333333336,3,Premium VIP Customers,5141.072799999999,0.13754826162220915,0.12104660964258498,0.09432336345152015,0.31746031746031744,0.2929292929292928,1.0,24.92763099901025,Low Priority,707.1456265132232,Low,Low
1640,1954,Graduation,Divorced,64587.0,1,1,2014-06-22,49,66,0,16,0,6,20,2,1,1,4,3,0,0,0,0,0,0,0,72,2,108,4415,6,15.428571428571429,2,Dormant Customers,675.324400000002,0.04775328397537903,0.015843319273385992,0.09453090222216876,0.040873015873015874,0.505050505050505,0.5,10.9915548830324,Low Priority,32.24895784870255,Low,Low
5184,1995,Graduation,Single,34824.0,0,0,2014-03-26,65,4,2,11,2,0,4,1,1,0,2,6,0,0,0,0,0,0,0,31,0,23,4503,3,5.75,0,Low-Value Customers,23.69496666666656,0.0573616272224142,0.0004923513397506086,0.049770203448151404,0.0071428571428571435,0.3434343434343434,0.25,6.557635965661032,Low Priority,1.3591818449808575,Low,Low
8492,1978,Graduation,Together,75437.0,0,0,2013-11-09,25,795,0,545,95,58,0,1,8,4,10,6,0,0,0,1,0,0,0,48,0,1493,4640,22,64.91304347826087,3,Premium VIP Customers,22625.97566666667,0.5499844003511181,0.5329527782389114,0.11084826208838143,0.5904761904761905,0.7474747474747474,1.0,56.191114573101295,Email Nurture Campaign,12443.933659390657,Medium,Medium
11188,1957,Graduation,Together,26091.0,1,1,2014-02-25,84,15,10,19,8,17,20,3,2,1,3,5,0,0,0,0,0,0,0,69,2,89,4532,6,12.714285714285714,2,Dormant Customers,83.57153333333302,0.034690994508511624,0.0019029126309653168,0.036636608636019106,0.03333333333333333,0.1515151515151515,0.5,7.721759058120256,Low Priority,2.899179603934552,Low,Low
1212,1973,Graduation,Married,52845.0,1,0,2013-08-13,7,384,25,292,130,41,64,3,8,8,6,6,1,0,0,0,0,0,0,53,1,936,4728,22,40.69565217391305,1,Loyal Customers,17102.26793333331,0.5032769039851098,0.402826273892079,0.07687205986741581,0.36944444444444446,0.9292929292929293,0.75,45.639947248121146,Email Nurture Campaign,8607.17645661181,Medium,Low
9097,1956,Graduation,Divorced,46086.0,0,1,2013-11-03,34,244,8,32,7,2,50,4,3,1,8,4,0,0,0,0,0,0,0,70,1,343,4646,12,26.384615384615383,1,Loyal Customers,3668.3297333333244,0.08126005467701289,0.08635199574947833,0.06670717181803963,0.13412698412698412,0.6565656565656566,0.75,18.49016627570818,Low Priority,298.08867470397803,Low,Low
10473,1956,PhD,Widow,78028.0,0,1,2012-09-10,38,158,19,288,25,0,38,1,6,4,9,7,0,1,1,0,0,0,1,70,1,528,5065,19,26.4,1,Loyal Customers,9614.404566666657,0.729741602436565,0.226428547587498,0.11474487770251574,0.20753968253968255,0.6161616161616161,0.75,43.52645659665036,Email Nurture Campaign,7016.0309949527555,Medium,Low
7962,1987,PhD,Single,95169.0,0,0,2013-10-09,1,1285,21,449,106,20,20,1,4,3,4,1,0,0,1,1,0,0,1,39,0,1901,4671,11,158.41666666666666,3,Premium VIP Customers,20575.080799999974,0.9070531957622429,0.48463816916361363,0.14052329848286152,0.7523809523809524,0.98989898989899,1.0,69.39118316781354,Cross-Sell Campaign,18662.69279270634,High,Medium
9984,1981,2n Cycle,Married,56337.0,1,1,2013-03-27,25,349,16,144,28,5,182,5,8,5,4,8,1,0,0,1,0,0,1,45,2,724,4867,17,40.22222222222222,1,Loyal Customers,10854.588033333332,0.7930036616910426,0.2556445646284074,0.08212369310730656,0.2853174603174603,0.7474747474747474,0.75,47.79781936279221,Email Nurture Campaign,8607.728056581105,Medium,Low
5527,1987,Graduation,Together,22434.0,1,0,2013-02-13,25,4,12,11,3,13,15,2,2,0,3,8,0,0,0,0,0,0,0,39,1,58,4909,5,9.666666666666666,0,Low-Value Customers,209.5221333333331,0.14000050928291446,0.00487003400842018,0.03113683121383111,0.021031746031746033,0.7474747474747474,0.25,11.210334538728278,Low Priority,29.333205372709344,Low,Low
6374,1954,PhD,Married,36930.0,0,1,2013-05-17,50,223,2,31,0,2,39,5,5,2,4,8,0,0,0,0,0,0,0,72,1,297,4816,11,24.75,2,Dormant Customers,1626.9810999999993,0.5799214411736366,0.0382622751066106,0.05293742555674531,0.11587301587301588,0.4949494949494949,0.5,28.28772845681758,Low Priority,943.5212242742682,Low,Low
7453,1954,Graduation,Single,36130.0,0,1,2013-02-02,46,157,43,127,68,56,37,6,3,8,4,4,1,0,0,0,0,0,1,72,1,488,4920,15,30.5,1,Loyal Customers,6132.23586666669,0.7810191665826579,0.14439624929218137,0.05173430224863746,0.19166666666666668,0.5353535353535352,0.75,41.33157317549923,Email Nurture Campaign,4789.393745872301,Low,Low
8952,1953,Master,Married,65569.0,0,1,2012-11-05,96,397,46,288,20,38,70,2,6,5,10,3,0,0,0,0,0,0,0,73,1,859,5009,21,39.04545454545455,3,Premium VIP Customers,813.137766666665,0.051797524363838374,0.019089901555135194,0.09600773608287114,0.3388888888888889,0.030303030303030276,1.0,18.321548623246407,Low Priority,42.1185232800737,Low,Low
241,1952,Graduation,Together,83844.0,0,0,2013-05-12,57,901,31,345,75,31,191,1,4,4,11,1,0,0,1,0,0,0,0,74,0,1574,4821,19,78.7,3,Premium VIP Customers,12716.524700000049,0.26331458903541366,0.2995077307199851,0.12349158415245978,0.6226190476190476,0.4242424242424242,1.0,39.580083269684394,Low Priority,3348.4464753392,Low,Low
8975,1968,Graduation,Married,19514.0,1,1,2014-01-26,47,14,3,21,2,1,28,4,3,1,2,8,1,0,0,0,0,0,0,58,2,69,4562,6,9.857142857142858,0,Low-Value Customers,232.35653333333244,0.7843072501988946,0.005407962659664028,0.026745431139237462,0.025396825396825397,0.5252525252525252,0.25,29.466125704364142,Low Priority,182.23891372441375,Low,Low
6119,1963,PhD,Single,36736.0,1,1,2013-05-10,52,10,0,3,0,0,4,1,1,0,2,6,0,0,0,0,0,0,0,63,2,17,4823,3,4.25,2,Dormant Customers,28.78116666666653,0.015581585380557705,0.0006121711163138868,0.05264566815452916,0.004761904761904762,0.4747474747474747,0.5,8.457435321617385,Low Priority,0.4484562057687259,Low,Low
5236,1979,Graduation,Together,77568.0,0,1,2012-08-25,30,1230,0,396,232,178,158,1,10,2,8,5,0,1,1,1,0,0,0,47,1,2194,5081,20,104.47619047619048,3,Premium VIP Customers,12366.771433333342,0.40743720214640755,0.2912683067366023,0.11405308180035371,0.8686507936507937,0.696969696969697,1.0,48.61630647410423,Email Nurture Campaign,5038.682752381455,Medium,Low
5723,1976,PhD,Together,49187.0,0,1,2014-01-11,63,81,1,31,2,1,0,1,1,1,5,2,0,0,0,0,0,0,0,50,1,116,4577,7,14.5,2,Dormant Customers,510.22993333333466,0.02057569530400143,0.01195405378877395,0.07137077854109268,0.04404761904761905,0.36363636363636354,0.5,9.168496362090291,Low Priority,10.498335643247657,Low,Low
1710,1978,Graduation,Single,30168.0,1,0,2013-03-07,51,154,20,66,0,12,27,7,6,1,4,9,0,0,0,0,0,0,0,48,1,279,4887,11,23.25,0,Low-Value Customers,1648.1179333333328,0.32443198905333237,0.038760212790393246,0.04276802579496373,0.10873015873015873,0.48484848484848475,0.25,17.87864111845621,Low Priority,534.7021793058005,Low,Low
1970,1968,Master,Together,34053.0,0,1,2012-09-10,14,63,0,21,7,0,12,1,3,0,3,8,0,0,0,0,0,0,0,58,1,103,5065,6,14.714285714285714,0,Low-Value Customers,491.6006666666667,0.22505930609226,0.011515188905454794,0.04861069335996246,0.03888888888888889,0.8585858585858586,0.25,14.959604409793691,Low Priority,110.63930491449241,Low,Low
5313,1971,Master,Married,38196.0,1,1,2014-04-18,20,30,0,11,0,0,3,3,2,0,4,5,0,0,0,0,0,0,0,55,2,44,4480,6,6.285714285714286,0,Low-Value Customers,243.05186666666577,0.02225344949303714,0.005659921381356015,0.05484136819182598,0.015476190476190477,0.797979797979798,0.25,8.107856655191902,Low Priority,5.408742439055044,Low,Low
10634,1951,Master,Married,59412.0,0,0,2014-04-19,56,90,67,165,30,43,11,1,4,2,8,3,0,0,0,0,0,0,0,75,0,406,4479,14,27.066666666666663,1,Loyal Customers,2726.4817333333262,0.07077084011856569,0.06416411149078403,0.08674819832284611,0.15912698412698414,0.43434343434343425,0.75,16.97415246513089,Low Priority,192.95540283592268,Low,Low
7010,1965,2n Cycle,Married,70924.0,0,0,2014-04-07,41,635,114,254,132,152,76,1,6,6,7,3,0,0,1,0,0,0,0,61,0,1363,4491,19,68.15,3,Premium VIP Customers,15684.568733333352,0.45882363536635995,0.36942837342062,0.10406114272651804,0.5388888888888889,0.5858585858585859,1.0,46.90079795350084,Email Nurture Campaign,7196.4508453815515,Medium,Low
8562,1969,Graduation,Together,54165.0,0,0,2013-05-28,72,127,4,73,15,6,11,1,2,1,7,2,0,0,0,0,0,0,0,57,0,236,4805,10,21.454545454545453,2,Dormant Customers,1696.2210666666674,0.03842377888532812,0.039893417675768136,0.07885721332579376,0.09166666666666667,0.2727272727272727,0.5,10.87672439372719,Low Priority,65.17522320623544,Low,Low
3158,1973,Graduation,Married,32300.0,1,0,2013-01-03,1,13,3,6,6,5,6,1,1,0,3,8,0,0,0,0,0,0,0,53,1,39,4950,4,7.8,0,Low-Value Customers,156.99306666666686,0.4031365037026886,0.00363256378879108,0.04597434941107114,0.013492063492063493,0.98989898989899,0.25,20.314691420731005,Low Priority,63.28963600156319,Low,Low
4436,1976,Graduation,Single,20180.0,0,0,2013-02-20,27,18,42,24,15,20,18,1,2,1,4,7,0,0,0,0,0,0,0,50,0,137,4902,7,17.125,0,Low-Value Customers,676.6710333333375,0.37262444070988043,0.01587504301706751,0.027747031293237245,0.05238095238095238,0.7272727272727273,0.25,18.854532746818734,Low Priority,252.14416534041175,Low,Low
5287,1973,Graduation,Married,34961.0,1,0,2014-06-19,77,45,2,26,4,1,1,3,3,1,3,7,0,0,0,0,0,0,0,53,1,79,4418,7,9.875,2,Dormant Customers,118.54156666666648,0.1604318465719313,0.002726730329917468,0.04997623831466487,0.029365079365079365,0.2222222222222222,0.5,11.946106991789414,Low Priority,19.017842435863002,Low,Low
2445,1974,PhD,Together,28440.0,1,0,2013-07-07,87,38,1,24,0,0,0,1,2,0,3,8,0,0,0,0,0,0,0,52,1,63,4765,5,10.5,2,Dormant Customers,41.316800000000114,0.08626469981121754,0.000907483291430717,0.04016927944945078,0.023015873015873017,0.1212121212121211,0.5,8.968156988872657,Low Priority,3.5641813491601226,Low,Low
6059,1953,PhD,Together,64504.0,1,2,2013-03-04,81,986,36,168,16,0,108,7,11,3,4,7,0,0,0,0,0,0,1,73,3,1314,4890,18,69.15789473684211,1,Loyal Customers,4202.55403333333,0.8475929867680111,0.09893715485857249,0.09440607817895257,0.5194444444444445,0.18181818181818177,0.75,45.54072260634461,Email Nurture Campaign,3562.055325166949,Low,Low
4550,1966,Master,Together,33564.0,0,1,2014-06-24,51,61,0,3,0,0,7,1,1,1,3,5,0,0,0,0,0,0,0,60,1,71,4413,5,11.833333333333334,2,Dormant Customers,146.79763333333312,0.045300296142681586,0.003392381620577904,0.04787528423788154,0.02619047619047619,0.48484848484848475,0.5,9.756632742376167,Low Priority,6.649976263044776,Low,Low
4240,1978,Graduation,Married,17345.0,1,0,2012-11-03,79,4,9,16,17,0,12,2,2,1,2,8,0,0,0,0,0,0,0,48,1,58,5011,5,9.666666666666666,2,Dormant Customers,64.78216666666671,0.1688149968452346,0.0014602761409009313,0.023483463070130058,0.021031746031746033,0.202020202020202,0.5,11.668670020862566,Low Priority,10.936201261460804,Low,Low
8911,1967,PhD,Married,56320.0,0,1,2013-04-08,11,201,53,172,116,77,83,3,5,4,9,4,0,0,0,0,0,0,0,59,1,702,4855,18,36.94736842105263,1,Loyal Customers,11702.80380000002,0.25568422800023594,0.2756266777264871,0.08209812673700928,0.2765873015873016,0.8888888888888888,0.75,32.853562407425756,Low Priority,2992.2223550412327,Low,Low
3706,1978,Graduation,Single,28647.0,1,0,2013-08-21,54,19,8,29,0,12,26,1,2,2,2,7,1,0,0,0,0,0,1,48,1,94,4720,6,13.428571428571429,0,Low-Value Customers,269.4222000000007,0.7598997797401329,0.0062811489083701676,0.04048058760542368,0.03531746031746032,0.4545454545454545,0.25,28.6927229129985,Low Priority,204.73387043710258,Low,Low
3628,1987,Basic,Single,15038.0,1,0,2013-01-29,93,4,8,11,19,12,26,2,2,1,2,9,0,0,0,0,0,0,0,39,1,80,4924,5,13.333333333333334,2,Dormant Customers,28.005933333333328,0.1517277826401592,0.0005939083101355238,0.020013956230374053,0.02976190476190476,0.06060606060606055,0.5,10.519249165271455,Low Priority,4.249278165434789,Low,Low
10175,1958,PhD,Divorced,32173.0,0,1,2013-08-01,0,18,0,2,0,0,2,1,1,0,3,4,0,0,0,0,0,0,0,68,1,22,4740,4,4.4,0,Low-Value Customers,105.12706666666654,0.07888189199861025,0.00241071397336285,0.04578335358590902,0.006746031746031746,1.0,0.25,10.497802191208761,Low Priority,8.292621918930688,Low,Low
8985,1964,2n Cycle,Together,68316.0,0,1,2012-11-04,54,806,80,161,120,11,33,5,10,7,10,6,0,0,0,0,0,0,0,62,1,1211,5010,27,43.25,3,Premium VIP Customers,14897.297133333383,0.24995448619398422,0.3508819719408097,0.10013896074208646,0.4785714285714286,0.4545454545454545,1.0,38.47778205276339,Low Priority,3723.6462506414596,Low,Low
5204,1971,Graduation,Together,74538.0,0,0,2013-06-29,21,380,98,733,110,112,28,1,8,8,5,3,0,0,1,0,0,0,1,55,0,1461,4773,21,66.4090909090909,3,Premium VIP Customers,23443.820166666777,0.9123081329257021,0.5522194105485964,0.10949625227089524,0.5777777777777778,0.7878787878787878,1.0,67.63684943299852,Cross-Sell Campaign,21387.98780489769,High,Medium
9220,1971,Graduation,Single,91700.0,0,0,2013-01-17,58,576,172,961,125,115,19,1,8,6,5,3,0,0,0,0,0,0,1,55,0,1968,4936,19,98.4,3,Premium VIP Customers,14709.906966666682,0.9719979626442853,0.34646746840179043,0.13530625503807886,0.778968253968254,0.41414141414141414,1.0,64.66225636199393,Cross-Sell Campaign,14297.999602286993,Medium,Medium
9888,1969,Graduation,Together,68695.0,0,0,2014-06-25,3,458,81,356,106,50,40,1,4,4,7,2,0,0,0,0,0,0,0,57,0,1091,4412,15,68.1875,1,Loyal Customers,17334.723399999937,0.3684966329358914,0.40830241759010655,0.10070894040930255,0.430952380952381,0.9696969696969697,0.75,43.123831482643524,Email Nurture Campaign,6387.787205774985,Medium,Low
5263,1977,2n Cycle,Married,31056.0,1,0,2013-01-22,99,5,10,13,3,8,16,1,1,0,3,8,0,0,0,0,0,0,0,49,1,55,4931,4,11.0,2,Dormant Customers,4.605733333333333,0.03409548469521759,4.265064517228247e-05,0.04410349266696344,0.01984126984126984,0.0,0.5,6.762798034500378,Low Priority,0.15703471037692016,Low,Low
1020,1973,Graduation,Married,79593.0,0,0,2014-05-12,70,350,60,568,110,133,145,1,5,6,7,2,0,0,1,0,0,0,0,53,0,1366,4456,18,71.89473684210526,3,Premium VIP Customers,7430.000033333298,0.29039852266558114,0.17496874201402143,0.1170984876740017,0.540079365079365,0.2929292929292928,1.0,34.697839757965035,Low Priority,2157.6610330852086,Low,Low
9503,1980,Graduation,Single,28071.0,0,0,2012-08-29,65,39,33,130,41,26,44,2,5,1,5,8,0,0,0,0,0,0,0,46,0,313,5077,11,26.08333333333333,2,Dormant Customers,1232.868466666662,0.2553346592117234,0.02897784121357338,0.03961433882358603,0.12222222222222223,0.3434343434343434,0.5,17.476023451499813,Low Priority,314.79404978921207,Low,Low
10613,1958,PhD,Together,37334.0,1,1,2014-02-26,44,26,1,16,2,2,15,4,3,0,4,4,0,0,0,0,0,0,0,68,2,62,4531,7,7.75,2,Dormant Customers,332.6584333333325,0.04639125890227955,0.007770856617210399,0.053545002827339774,0.02261904761904762,0.5555555555555556,0.5,10.277376985921588,Low Priority,15.432443506793328,Low,Low
67,1972,Master,Single,46423.0,1,1,2013-09-18,6,68,0,16,0,0,8,3,2,0,4,7,0,0,0,0,0,0,0,54,2,92,4692,6,13.142857142857142,0,Low-Value Customers,497.17510000000175,0.10978748652490317,0.011646510394280852,0.06721398751158006,0.034523809523809526,0.9393939393939394,0.25,12.02998662251816,Low Priority,54.583604591767575,Low,Low
6019,1971,PhD,Married,37126.0,1,0,2014-03-30,9,45,3,9,4,4,7,1,1,2,2,6,1,0,0,0,0,0,1,55,1,72,4499,5,12.0,0,Low-Value Customers,294.15520000000004,0.9448579555386253,0.006863804433858645,0.053232190767231735,0.026587301587301587,0.9090909090909091,0.25,36.52823877611091,Low Priority,277.9348808830555,Low,Low
5863,1953,Graduation,Married,47703.0,0,1,2013-05-29,95,359,0,134,13,26,123,4,6,3,8,5,0,0,0,0,0,0,0,73,1,655,4804,17,36.388888888888886,1,Loyal Customers,649.9081333333331,0.10428853603735734,0.015244567475762428,0.06913898480455262,0.25793650793650796,0.04040404040404033,0.75,15.84845077450694,Low Priority,67.77796778410494,Low,Low
3717,1959,Graduation,Married,61180.0,0,1,2014-04-23,70,403,24,29,6,24,218,2,5,5,6,3,1,0,0,0,0,0,0,67,1,704,4475,16,41.41176470588236,1,Loyal Customers,3717.8699666666544,0.15179692133417066,0.08751905557585013,0.08940710083376445,0.2773809523809524,0.2929292929292928,0.75,21.198911065999017,Low Priority,564.3612148607739,Low,Low
6730,1954,Graduation,Married,38998.0,1,1,2012-11-03,92,34,1,14,0,0,5,3,2,0,3,8,0,0,0,0,0,1,0,72,2,54,5011,5,9.0,2,Dormant Customers,21.83303333333342,0.0444448894996557,0.0004484882521850986,0.056047499308204095,0.019444444444444445,0.07070707070707061,0.5,7.552478345839285,Low Priority,0.9703667539423034,Low,Low
10749,1991,Graduation,Single,8028.0,0,0,2012-09-18,62,73,18,66,7,12,2,15,0,1,0,19,0,0,0,0,0,0,0,35,0,178,5057,1,89.0,0,Low-Value Customers,71.85969999999982,0.23301028793402512,0.001627007386746382,0.009471588243079032,0.06865079365079366,0.3737373737373737,0.25,12.53228351550271,Low Priority,16.744049387852623,Low,Low
4998,1962,Graduation,Together,76081.0,0,0,2014-05-23,85,292,30,415,63,33,200,1,4,5,4,2,0,0,0,1,0,0,0,64,0,1033,4445,13,73.78571428571429,3,Premium VIP Customers,2658.719499999991,0.1267280147804088,0.0625677810953161,0.11181677635140826,0.40793650793650793,0.14141414141414133,1.0,23.623159965904154,Low Priority,336.93424409295994,Low,Low
6287,1986,Graduation,Together,34728.0,1,0,2013-07-30,2,14,0,16,0,0,6,1,1,1,2,6,0,0,0,0,0,0,1,40,1,36,4742,4,7.2,0,Low-Value Customers,243.84393333333327,0.9577534389973894,0.005678580744146177,0.04962582865117846,0.012301587301587301,0.9797979797979798,0.25,36.98273258727156,Low Priority,233.54236572865008,Low,Low
5985,1965,Master,Single,33168.0,0,1,2012-10-13,0,80,1,37,0,1,3,3,2,1,4,7,0,0,0,0,0,0,0,61,1,122,5032,7,15.25,0,Low-Value Customers,839.0419000000003,0.3416929766197375,0.019700146427154702,0.047279738200368154,0.04642857142857143,1.0,0.25,19.511019644839017,Low Priority,286.69472431968023,Low,Low
4754,1966,Master,Married,33585.0,0,1,2013-09-25,91,30,11,33,13,6,29,1,2,0,4,4,0,0,0,0,0,0,0,60,1,122,4685,6,17.428571428571427,2,Dormant Customers,67.74526666666658,0.05603266087466739,0.0015300803129615337,0.047906866224719374,0.04642857142857143,0.08080808080808077,0.5,8.306419873345035,Low Priority,3.7959475529972377,Low,Low
4002,1960,PhD,Married,77037.0,0,1,2013-10-13,3,463,96,333,168,53,10,1,7,7,12,3,0,0,0,0,0,0,0,66,1,1123,4667,26,41.5925925925926,3,Premium VIP Customers,26698.21893333323,0.1877604254186672,0.6288859460898225,0.11325450870459713,0.4436507936507937,0.9696969696969697,1.0,47.13518298554742,Email Nurture Campaign,5012.868944843362,Medium,Low
8870,1984,Graduation,Together,35196.0,1,0,2012-11-13,68,75,12,141,43,39,187,6,6,1,5,8,0,0,0,0,0,0,1,42,1,497,5001,12,38.23076923076923,2,Dormant Customers,1836.6794666666597,0.28964037801065373,0.04320231117276682,0.05032965578642155,0.19523809523809524,0.31313131313131304,0.5,19.982805227594824,Low Priority,531.9765350097372,Low,Low
966,1966,Graduation,Married,44529.0,0,1,2013-07-05,98,538,13,91,17,6,26,6,6,2,11,5,0,1,0,0,0,0,0,60,1,691,4767,19,34.55,1,Loyal Customers,654.3549666666656,0.17631398102618506,0.015349325168423756,0.06436559307963473,0.27222222222222225,0.010101010101010055,0.75,18.027393500472996,Low Priority,115.37192917725645,Low,Low
4767,1965,2n Cycle,Married,70924.0,0,0,2014-04-07,41,635,114,254,132,152,76,1,6,6,7,3,0,0,1,0,0,0,0,61,0,1363,4491,19,68.15,3,Premium VIP Customers,15684.568733333352,0.45882363536635995,0.36942837342062,0.10406114272651804,0.5388888888888889,0.5858585858585859,1.0,46.90079795350084,Email Nurture Campaign,7196.4508453815515,Medium,Low
9725,1966,PhD,Together,28764.0,1,1,2014-06-05,16,8,0,3,0,0,1,1,1,0,2,8,1,0,0,0,0,0,0,60,2,12,4432,3,3.0,0,Low-Value Customers,32.83013333333321,0.15556163651163646,0.0007075559382462068,0.04065654438923445,0.0027777777777777783,0.8383838383838383,0.25,11.828227075974684,Low Priority,5.10710926822854,Low,Low
4475,1949,PhD,Married,69098.0,0,0,2013-02-16,82,1315,22,780,145,0,178,1,7,8,9,5,0,0,0,0,0,0,0,77,0,2440,4906,24,97.6,3,Premium VIP Customers,9020.42786666666,0.29398717082065273,0.21243575228298905,0.10131501377576188,0.9662698412698413,0.1717171717171716,1.0,41.558471308500344,Email Nurture Campaign,2651.890068113107,Low,Low
5740,1970,2n Cycle,Divorced,25959.0,1,1,2013-02-14,1,4,2,12,7,5,26,2,1,2,2,6,0,0,0,0,0,0,1,56,2,56,4908,5,9.333333333333334,0,Low-Value Customers,258.41806666666577,0.9101067186223575,0.006021915532318749,0.036438093290181314,0.02023809523809524,0.98989898989899,0.25,35.601306335608484,Low Priority,235.1880186867328,Low,Low
5731,1983,Master,Married,27100.0,1,0,2013-04-05,64,12,0,13,2,0,10,1,1,0,3,7,0,0,0,0,0,0,0,43,1,37,4858,4,7.4,2,Dormant Customers,52.306133333333555,0.026125203160899453,0.0011663680117679836,0.038154047908370126,0.012698412698412698,0.3535353535353535,0.5,8.158440572416684,Low Priority,1.366508359894434,Low,Low
7290,1985,Graduation,Single,70596.0,0,0,2012-10-05,68,347,44,534,17,0,26,1,3,5,12,2,0,0,0,0,0,0,0,41,0,968,5040,20,46.095238095238095,3,Premium VIP Customers,7083.112366666646,0.058628421507687704,0.16679682531539466,0.10356786217019383,0.3821428571428572,0.31313131313131304,1.0,25.09623544919383,Low Priority,415.2716974192476,Low,Low
3846,1974,Graduation,Married,42557.0,0,1,2012-08-29,98,192,5,53,0,5,15,4,6,1,4,8,0,0,0,0,0,0,0,52,1,270,5077,11,22.5,2,Dormant Customers,160.4531333333338,0.19379424984210403,0.003714075411396184,0.06139989412514889,0.10515873015873015,0.010101010101010055,0.5,13.1671347017425,Low Priority,31.09489460914852,Low,Low
8104,1951,PhD,Married,53312.0,0,0,2013-08-09,32,241,0,12,0,0,25,1,5,1,5,7,0,0,0,0,0,0,0,75,0,278,4732,11,23.166666666666668,1,Loyal Customers,2240.4329666666586,0.23246017735364963,0.05271386285312578,0.07757438309852377,0.10833333333333334,0.6767676767676767,0.75,21.839803421026883,Low Priority,520.8114447802948,Low,Low
4507,1952,Graduation,Single,72228.0,0,0,2012-11-27,87,631,28,491,30,14,56,1,6,7,8,3,0,0,0,0,0,0,0,74,0,1250,4987,21,56.81818181818182,3,Premium VIP Customers,3570.9419666666677,0.18412641186521078,0.08405775241614587,0.10602223371873383,0.49404761904761907,0.1212121212121211,1.0,27.12252215740293,Low Priority,657.5047313012326,Low,Low
11013,1987,Graduation,Together,67605.0,0,0,2013-03-31,84,336,28,282,184,54,54,1,2,8,6,1,0,0,0,0,0,0,0,39,0,938,4863,16,55.1764705882353,3,Premium VIP Customers,3167.719800000011,0.08627592520205675,0.07455871779002814,0.0990696849020056,0.37023809523809526,0.1515151515151515,1.0,22.12688332492979,Low Priority,273.2979565258751,Low,Low
4491,1949,Master,Married,62845.0,1,1,2012-10-01,3,1099,0,45,0,0,34,11,3,4,10,8,0,1,0,0,0,0,0,77,2,1178,5044,17,65.44444444444444,1,Loyal Customers,18683.08376666667,0.7812108235598079,0.44006684640941934,0.0919111012187639,0.4654761904761905,0.9696969696969697,0.75,56.88806881689216,Email Nurture Campaign,14595.427255994548,Medium,Medium
3759,1958,Graduation,Together,65196.0,0,2,2013-07-25,34,743,19,181,12,0,200,2,7,6,11,5,1,0,0,0,0,0,0,68,2,1155,4747,24,46.2,3,Premium VIP Customers,17387.302533333328,0.14323716799924713,0.40954106727118433,0.09544677984046585,0.45634920634920634,0.6565656565656566,1.0,37.66588123458398,Low Priority,2490.507974020801,Low,Low
1162,1987,PhD,Single,42000.0,0,0,2013-01-10,23,124,83,267,85,59,35,2,5,2,11,5,0,0,0,0,0,0,1,39,0,653,4943,18,34.36842105263158,1,Loyal Customers,9264.045666666701,0.8552270382263085,0.21817485620396004,0.06056221952187879,0.2571428571428572,0.7676767676767676,0.75,48.003205723653544,Email Nurture Campaign,7922.862337496631,Medium,Low
2055,1973,PhD,Divorced,35860.0,1,1,2014-05-19,37,15,0,8,4,2,20,2,1,1,2,5,1,0,0,0,0,0,0,53,2,49,4449,4,9.8,0,Low-Value Customers,122.71173333333334,0.6024349471129378,0.00282497035945458,0.05132824813215106,0.01746031746031746,0.6262626262626263,0.25,24.564297898711178,Low Priority,73.92583658080359,Low,Low
10766,1964,PhD,Married,65526.0,0,1,2014-04-11,22,397,19,69,12,0,9,1,4,4,8,2,0,0,0,0,0,0,0,62,1,506,4487,16,29.764705882352946,1,Loyal Customers,6904.396933333286,0.059706574494110154,0.16258667956996337,0.09594306820506034,0.19880952380952382,0.7777777777777778,0.75,21.99926005000456,Low Priority,412.23788983696954,Low,Low
4415,1961,Graduation,Married,16860.0,1,1,2012-09-12,19,10,4,4,3,3,14,3,1,1,3,7,0,0,0,0,0,0,0,65,2,38,5063,5,6.333333333333333,0,Low-Value Customers,152.89066666666736,0.26110538817053364,0.0035359201940891147,0.022754069564589675,0.013095238095238096,0.8080808080808081,0.25,14.90361255841719,Low Priority,39.920576867651846,Low,Low
3005,1992,Graduation,Single,83528.0,0,0,2014-05-01,7,530,117,678,134,44,147,1,4,10,8,1,1,0,0,1,0,0,1,34,0,1650,4467,22,71.73913043478261,3,Premium VIP Customers,30519.358399999997,0.9136511767795321,0.7189036561903177,0.12301635044575718,0.6527777777777778,0.9292929292929293,1.0,74.64493980668438,Cross-Sell Campaign,27884.047716716297,High,High
2223,1965,2n Cycle,Divorced,64176.0,0,1,2012-08-03,52,1215,33,249,64,116,149,8,8,9,8,6,0,0,0,0,0,0,0,61,1,1826,5103,25,70.23076923076923,3,Premium VIP Customers,18456.406533333346,0.3744764371343547,0.43472682528363166,0.09391279762262834,0.7226190476190476,0.4747474747474747,1.0,48.428248936788954,Email Nurture Campaign,6911.489360905898,Medium,Low
4817,1956,Graduation,Divorced,22304.0,0,0,2012-08-04,91,3,2,7,0,4,2,1,1,0,2,8,0,0,0,0,0,0,0,70,0,18,5102,3,4.5,2,Dormant Customers,6.841333333333302,0.04724040715943216,9.531650425860676e-05,0.03094132367626358,0.005158730158730159,0.08080808080808077,0.5,7.210906303094715,Low Priority,0.3231873721800604,Low,Low
2875,1978,Graduation,Married,67023.0,0,0,2014-03-04,93,444,44,382,11,8,17,1,3,7,13,2,0,0,0,0,0,1,0,48,0,906,4525,23,37.75,3,Premium VIP Customers,1510.4490999999937,0.057938065797596625,0.03551703539868078,0.09819441269535714,0.35753968253968255,0.06060606060606055,1.0,19.451722703967434,Low Priority,87.51249933972024,Low,Low
10536,1971,PhD,Together,32892.0,1,0,2014-05-25,78,26,0,15,2,1,2,2,3,0,3,8,0,0,0,0,0,0,0,55,1,46,4443,6,6.571428571428571,2,Dormant Customers,66.5182666666666,0.09100623046949965,0.0015011748696358406,0.046864660659070946,0.01626984126984127,0.21212121212121204,0.5,9.548522446418454,Low Priority,6.053576706698298,Low,Low
11112,1966,Graduation,Together,70713.0,0,1,2012-12-03,23,736,114,279,82,76,190,6,5,6,8,3,0,0,0,0,0,0,0,60,1,1477,4981,19,73.85,3,Premium VIP Customers,20499.597566666587,0.27403238838981275,0.48285994885134115,0.1037438189540046,0.5841269841269842,0.7676767676767676,1.0,46.344496907063274,Email Nurture Campaign,5617.553682223639,Medium,Low
3807,1955,Graduation,Together,59925.0,0,1,2012-11-30,83,473,21,176,19,21,56,3,9,2,9,6,0,0,0,0,0,0,0,71,1,766,4984,20,36.47619047619048,1,Loyal Customers,2442.6643666666737,0.11209161968454529,0.05747799347364422,0.08751970114417026,0.30198412698412697,0.16161616161616155,0.75,18.800128119030102,Low Priority,273.8022052053915,Low,Low
9197,1953,Graduation,Married,39722.0,0,1,2014-02-24,92,32,0,5,2,0,8,2,2,0,3,5,0,0,0,0,0,0,0,73,1,47,4533,5,7.833333333333333,2,Dormant Customers,20.21260000000005,0.006503163292061803,0.00041031437779248843,0.0571363259020417,0.016666666666666666,0.07070707070707061,0.5,6.3823029426514,Low Priority,0.13144583835712872,Low,Low
10832,1958,Graduation,Together,46610.0,0,0,2013-07-18,4,288,10,30,4,10,125,1,6,1,6,6,0,0,0,0,0,0,0,68,0,467,4754,13,33.357142857142854,1,Loyal Customers,5069.651933333319,0.37296441542540143,0.11936408982701396,0.06749521758485028,0.18333333333333335,0.9595959595959596,0.75,30.492787131400767,Low Priority,1890.7997697259175,Low,Low
6421,1961,Graduation,Together,88347.0,0,0,2013-07-03,32,1050,178,555,77,138,118,1,4,7,9,1,0,0,0,1,0,0,0,65,0,2116,4769,20,100.76190476190476,3,Premium VIP Customers,26769.178933333238,0.4806522138979638,0.6305576088920976,0.13026366447297183,0.8376984126984127,0.6767676767676767,1.0,60.58824590274612,Email Nurture Campaign,12866.665118537354,Medium,Medium
4207,1981,PhD,Married,87171.0,0,0,2013-05-01,27,1001,44,107,58,44,44,1,6,7,11,2,1,0,1,0,0,0,0,45,0,1298,4832,24,51.92,3,Premium VIP Customers,24946.469399999973,0.6978551651584759,0.5876185484887021,0.1284950732100533,0.513095238095238,0.7272727272727273,1.0,61.18195434930808,Cross-Sell Campaign,17409.022523257845,High,Medium
577,1976,2n Cycle,Together,26907.0,1,1,2013-08-20,10,9,1,7,0,3,2,2,1,0,3,7,0,0,0,0,0,0,0,50,2,22,4721,4,4.4,0,Low-Value Customers,93.31960000000029,0.02499560690687943,0.002132555816432664,0.03786379441028911,0.006746031746031746,0.898989898989899,0.25,8.288622796942226,Low Priority,2.332580038307233,Low,Low
10855,1968,Master,Single,50014.0,1,0,2014-01-22,9,234,14,77,19,10,42,2,4,1,8,5,0,0,0,0,0,0,0,58,1,396,4566,13,28.285714285714285,1,Loyal Customers,4788.5059,0.26796114813913324,0.11274090259575086,0.07261450726084917,0.15515873015873016,0.9090909090909091,0.75,26.520042092490513,Low Priority,1283.1335388350135,Low,Low
3081,1978,PhD,Married,41014.0,1,0,2013-04-22,65,7,2,6,2,0,3,1,1,0,2,7,0,0,0,0,0,0,0,48,1,20,4841,3,5.0,2,Dormant Customers,20.554366666666656,0.05120095982085406,0.0004183656549024662,0.05907937004463588,0.005952380952380952,0.3434343434343434,0.5,8.945830896176487,Low Priority,1.0524033018431016,Low,Low
3535,1965,Graduation,Single,66294.0,0,0,2014-03-17,68,251,108,334,65,92,117,1,4,3,5,2,0,0,0,0,0,0,0,61,0,967,4512,12,74.38461538461539,1,Loyal Customers,3883.490966666681,0.08776158372212771,0.0914207250371749,0.09709806658084387,0.3817460317460318,0.31313131313131304,0.75,21.13829697043456,Low Priority,340.8213176052446,Low,Low
247,1971,Graduation,Married,36715.0,1,0,2012-11-17,16,172,10,125,21,13,16,6,7,2,4,9,0,0,0,0,0,0,1,55,1,357,4997,13,25.5,1,Loyal Customers,3964.2788333333087,0.9073221949304231,0.09332391093883415,0.052614086167691324,0.13968253968253969,0.8383838383838383,0.75,44.332681324911924,Email Nurture Campaign,3596.8781723761945,Low,Low
8707,1956,Graduation,Married,79456.0,0,0,2012-08-22,12,565,42,548,64,83,99,1,5,6,4,3,0,0,0,0,0,0,1,70,0,1401,5084,15,87.5625,3,Premium VIP Customers,20385.099000000067,0.9633688715644448,0.48016261239685687,0.11689245280748824,0.553968253968254,0.8787878787878788,1.0,67.17833225037712,Cross-Sell Campaign,19638.36982035956,High,Medium
9523,1982,Graduation,Together,40479.0,1,0,2013-08-17,95,5,0,8,2,0,0,1,0,0,3,4,0,0,0,0,0,0,0,44,1,15,4724,3,3.75,2,Dormant Customers,4.73786666666667,0.014896597558148612,4.5763418259569966e-05,0.05827478133233875,0.003968253968253968,0.04040404040404033,0.5,6.292562654159645,Low Priority,0.07057809301750041,Low,Low
6072,1970,Master,Single,75345.0,0,0,2013-02-02,16,918,57,842,99,38,133,1,5,8,6,3,0,0,0,1,0,0,1,56,0,2087,4920,19,104.35,3,Premium VIP Customers,23169.74316666669,0.9552204846017245,0.5457627543217188,0.11070990290794903,0.8261904761904761,0.8383838383838383,1.0,72.72137253155913,Cross-Sell Campaign,22132.21329576085,High,High
6295,1977,Graduation,Married,54233.0,0,1,2013-02-04,46,652,8,158,21,0,142,4,11,6,5,8,0,0,0,0,0,0,0,49,1,981,4918,22,42.65217391304348,1,Loyal Customers,13764.175099999999,0.37671406460151274,0.3241880887170013,0.07895947880698292,0.3873015873015873,0.5353535353535352,0.75,37.80295087391674,Low Priority,5185.158347807933,Medium,Low
10914,1970,Graduation,Single,24163.0,1,1,2013-10-12,3,4,1,7,2,1,2,2,1,0,3,4,0,0,0,0,0,0,0,56,2,17,4668,4,3.4,0,Low-Value Customers,102.17366666666685,0.05971612802402276,0.002341138312141909,0.033737081463479195,0.004761904761904762,0.9696969696969697,0.25,9.619002224633153,Low Priority,6.1014157593505045,Low,Low
1509,1958,PhD,Together,84460.0,0,0,2013-01-04,80,152,27,103,106,54,81,0,9,9,4,5,0,1,1,1,1,0,1,68,0,523,4949,22,22.73913043478261,3,Premium VIP Customers,7014.483599999985,0.5934860903715482,0.16518008128491754,0.12441798909970284,0.20555555555555557,0.19191919191919182,1.0,38.047094333620294,Low Priority,4162.998447739334,Low,Low
5577,1983,Graduation,Together,43776.0,1,0,2014-05-03,77,8,0,9,2,1,3,1,1,0,2,6,0,0,0,0,0,0,0,43,1,23,4465,3,5.75,2,Dormant Customers,16.91963333333327,0.055737312901769726,0.00033273926666230495,0.06323315326587822,0.0071428571428571435,0.2222222222222222,0.5,8.532687065965712,Low Priority,0.9430548972832096,Low,Low
7348,1958,PhD,Single,71691.0,0,0,2014-03-17,0,336,130,411,240,32,43,1,4,7,5,2,0,0,0,0,0,0,1,68,0,1192,4512,16,70.11764705882354,3,Premium VIP Customers,19485.886833333334,0.8875043689594231,0.45897913536233403,0.10521463719816644,0.471031746031746,1.0,1.0,63.512127692110575,Cross-Sell Campaign,17293.80969763223,High,Medium
1127,1973,PhD,Married,85844.0,0,0,2014-05-29,62,938,19,843,25,95,38,1,6,6,7,2,0,0,1,0,0,0,0,53,0,1958,4439,19,97.9,3,Premium VIP Customers,12896.47693333328,0.7902645815605144,0.3037470127753606,0.1264993924227294,0.775,0.3737373737373737,1.0,57.5790286229904,Email Nurture Campaign,10191.628947325451,Medium,Medium
1833,1974,PhD,Single,39190.0,1,0,2014-04-26,91,68,8,18,19,8,12,2,2,1,4,5,0,0,0,0,0,0,0,52,1,133,4472,7,16.625,2,Dormant Customers,89.52310000000045,0.04325505053222275,0.002043118558416371,0.05633624890214998,0.050793650793650794,0.08080808080808077,0.5,8.08825272768584,Low Priority,3.87232621430125,Low,Low
4944,1959,Graduation,Together,71367.0,0,0,2013-08-23,24,227,23,389,42,21,75,1,4,5,7,2,0,0,0,0,0,0,0,67,0,777,4718,16,45.70588235294117,1,Loyal Customers,10361.524099999962,0.1775901054743976,0.24402905396751803,0.10472737225838276,0.30634920634920637,0.7575757575757576,0.75,29.578965388958185,Low Priority,1840.104157794506,Low,Low
9080,1972,PhD,Single,38578.0,1,1,2013-06-22,2,38,4,22,3,3,3,3,3,0,3,8,0,0,0,0,0,0,0,54,2,73,4780,6,10.428571428571429,0,Low-Value Customers,479.249700000001,0.2826872104965951,0.011224227074158268,0.05541585957144748,0.026984126984126985,0.9797979797979798,0.25,17.175253526588882,Low Priority,135.47776082433035,Low,Low
6466,1965,PhD,Married,57236.0,1,1,2014-03-12,22,105,0,9,2,1,4,3,2,1,4,3,0,0,0,0,0,0,0,61,2,121,4517,7,15.125,0,Low-Value Customers,683.9108333333355,0.09888914263961078,0.016045596911598313,0.08347570292479276,0.046031746031746035,0.7777777777777778,0.25,11.36216429514928,Low Priority,67.63135595027529,Low,Low
9964,1979,Graduation,Single,61825.0,0,1,2013-08-07,56,162,50,100,55,30,27,1,4,2,8,4,0,0,0,0,0,0,0,47,1,424,4734,14,28.266666666666666,1,Loyal Customers,2716.476499999997,0.040046075009975396,0.06392841001965373,0.0903771190009264,0.1662698412698413,0.43434343434343425,0.75,16.18877053166293,Low Priority,108.7842216818353,Low,Low
4790,1958,Graduation,Divorced,79803.0,0,1,2014-06-02,54,574,8,216,21,16,33,1,4,3,5,1,0,0,0,0,0,0,0,68,1,868,4435,12,66.76923076923077,1,Loyal Customers,6329.563066666689,0.11363844107497202,0.14904484765910705,0.11741430754238001,0.34246031746031746,0.4545454545454545,0.75,23.964273772078208,Low Priority,719.2816795817217,Low,Low
10245,1986,2n Cycle,Single,80910.0,0,0,2012-10-31,71,160,80,369,67,39,41,1,3,3,8,1,0,0,0,0,0,0,0,40,0,756,5014,14,50.4,3,Premium VIP Customers,3760.7166666666644,0.10802644999307608,0.088528430358689,0.11907912941997426,0.298015873015873,0.28282828282828276,1.0,22.971817214132205,Low Priority,406.25687092979416,Low,Low
1109,1982,Master,Together,27590.0,1,0,2013-04-23,38,6,0,5,0,0,1,1,1,0,2,7,0,0,0,0,0,0,0,44,1,12,4840,3,3.0,0,Low-Value Customers,28.357466666666607,0.0810810959227841,0.0006021896686063936,0.03889096093458619,0.0027777777777777783,0.6161616161616161,0.25,8.461882924562325,Low Priority,2.299254474927148,Low,Low
6001,1979,Graduation,Married,56775.0,0,1,2013-01-02,62,614,35,160,58,35,35,2,5,8,10,5,0,0,0,0,0,0,0,47,1,937,4951,23,39.04166666666666,3,Premium VIP Customers,8687.555599999954,0.09613173316101488,0.20459400783406514,0.08278240311849562,0.36984126984126986,0.3737373737373737,1.0,27.265902177343275,Low Priority,835.1497767606761,Low,Low
5538,1975,Graduation,Divorced,83829.0,0,0,2013-10-08,78,897,161,430,186,161,27,0,4,7,6,1,1,0,1,1,0,0,1,51,0,1862,4672,17,103.44444444444444,3,Premium VIP Customers,6971.466033333287,0.9534786544484111,0.1641666812561535,0.12346902559043277,0.736904761904762,0.21212121212121204,1.0,56.878227816218754,Email Nurture Campaign,6647.144052995424,Medium,Medium
10552,1979,2n Cycle,Married,54210.0,0,1,2013-05-20,18,70,54,109,80,9,45,2,4,1,7,5,0,0,0,0,0,0,0,47,1,367,4813,12,28.23076923076923,0,Low-Value Customers,3834.6125000000134,0.11152250458934564,0.09026925498983979,0.07892488901187483,0.14365079365079367,0.8181818181818181,0.25,15.588672673165311,Low Priority,427.64559012961365,Low,Low
1545,1986,Graduation,Married,38508.0,1,0,2013-08-02,95,120,19,206,25,19,54,6,7,2,5,8,0,0,0,0,0,0,0,40,1,443,4739,14,29.53333333333333,2,Dormant Customers,4824.064466666663,0.2163575609481888,0.11357858485616334,0.05531058628198804,0.1738095238095238,0.04040404040404033,0.5,18.260353296113504,Low Priority,1043.7228218648245,Low,Low
7409,1970,Graduation,Together,53187.0,1,0,2013-10-26,66,211,2,30,7,7,10,2,4,1,6,5,0,0,0,0,0,0,0,56,1,267,4654,11,22.25,2,Dormant Customers,1032.198733333332,0.10445611386162007,0.024250500052979542,0.07738639508163192,0.10396825396825396,0.33333333333333326,0.5,12.861252844444781,Low Priority,107.81946841688654,Low,Low
4444,1972,Graduation,Married,30023.0,1,0,2014-03-24,28,11,0,16,7,6,21,1,2,0,3,8,0,0,0,0,0,0,0,54,1,61,4505,5,10.166666666666666,0,Low-Value Customers,189.10566666666648,0.13361748182464267,0.004389066591839703,0.04254995969536918,0.022222222222222223,0.7171717171717171,0.25,10.984887968640084,Low Priority,25.267822978770244,Low,Low
146,1960,PhD,Single,76045.0,0,0,2013-11-15,78,760,53,400,17,93,0,1,4,5,11,2,0,0,0,1,0,0,0,66,0,1323,4634,20,63.0,3,Premium VIP Customers,7395.482600000001,0.2046437490286252,0.1741555865837329,0.1117626358025434,0.523015873015873,0.21212121212121204,1.0,31.387450582240334,Low Priority,1513.4392851399648,Low,Low
6271,1952,PhD,Married,50870.0,0,1,2014-06-19,13,53,0,8,0,0,2,1,2,0,3,5,0,0,0,0,0,0,0,74,1,63,4418,5,10.5,0,Low-Value Customers,289.68123333333455,0.03850778924125422,0.00675840753905478,0.07390184920052456,0.023015873015873017,0.8686868686868687,0.25,9.285676834086955,Low Priority,11.154983880346633,Low,Low
10065,1970,2n Cycle,Married,15315.0,0,0,2013-08-03,27,7,4,13,15,8,17,2,2,0,4,5,0,0,0,0,0,0,0,56,0,64,4738,6,9.142857142857142,0,Low-Value Customers,274.32456666666775,0.08670673054203239,0.006396637972628614,0.020430537675806396,0.023412698412698413,0.7272727272727273,0.25,9.484960544752008,Low Priority,23.78578628302656,Low,Low
4741,1974,2n Cycle,Married,65463.0,1,0,2014-01-30,17,391,32,70,21,32,16,2,6,2,9,5,0,1,0,0,0,0,0,52,1,562,4558,17,31.22222222222222,1,Loyal Customers,8554.514766666656,0.45657766791118193,0.20145985602647043,0.09584832224454684,0.22103174603174605,0.8282828282828283,0.75,35.65649927246537,Low Priority,3905.8004022764303,Low,Low
246,1965,Graduation,Married,66480.0,1,1,2014-05-31,71,199,9,57,20,21,6,7,4,1,7,4,0,0,0,0,0,0,0,61,2,312,4437,12,24.0,2,Dormant Customers,1635.9501000000043,0.10443188092338251,0.03847356518092869,0.09737779274997894,0.12182539682539684,0.28282828282828276,0.5,13.502463677151491,Low Priority,170.84534603979617,Low,Low
375,1954,Graduation,Divorced,76773.0,0,0,2013-02-25,79,516,56,449,86,33,16,1,2,2,11,1,0,0,0,0,0,0,0,72,0,1156,4897,15,72.25,3,Premium VIP Customers,3096.7826000000027,0.15071524585108081,0.07288759210601539,0.11285747801292154,0.45674603174603173,0.202020202020202,1.0,25.697951405133583,Low Priority,466.73235090634967,Low,Low
1524,1983,2n Cycle,Single,81698.0,0,0,2013-03-01,1,709,45,115,30,160,45,1,8,2,5,5,0,0,0,1,0,0,1,43,0,1104,4893,15,69.0,1,Loyal Customers,10237.70813333332,0.8870531392053105,0.24111221989474005,0.12026420587846048,0.4361111111111111,0.98989898989899,0.75,54.03876444794774,Email Nurture Campaign,9081.391137941062,Medium,Low
10022,1973,PhD,Single,54466.0,1,1,2014-02-09,78,12,0,4,0,0,0,1,1,0,2,5,0,0,0,0,0,0,0,53,2,16,4548,3,4.0,2,Dormant Customers,20.911166666666645,0.02517125158115792,0.00042677108455088284,0.07930988847046934,0.004365079365079365,0.21212121212121204,0.5,7.687121815758209,Low Priority,0.5263602370221896,Low,Low
7451,1960,Master,Single,98777.0,0,0,2014-02-17,23,1000,19,711,125,115,38,0,4,6,9,1,0,1,0,0,0,0,0,66,0,2008,4540,19,100.4,3,Premium VIP Customers,28988.353233333328,0.33638598670819136,0.6828365143187386,0.1459493846024279,0.7948412698412698,0.7676767676767676,1.0,57.79717176283506,Email Nurture Campaign,9751.27580544042,Medium,Medium
11010,1984,PhD,Single,16269.0,1,0,2013-08-30,75,19,3,18,3,1,0,3,3,0,3,8,0,0,0,0,0,0,0,42,1,44,4711,6,6.285714285714286,2,Dormant Customers,96.35159999999983,0.25340076323933863,0.0022039831221893793,0.021865262220725004,0.015476190476190477,0.24242424242424232,0.5,14.331059082317157,Low Priority,24.415568979331418,Low,Low
4356,1971,Graduation,Together,71819.0,0,1,2013-08-28,70,1224,28,140,0,14,168,3,3,3,5,6,0,1,1,0,0,0,0,55,1,1574,4713,11,131.16666666666666,3,Premium VIP Customers,4733.609299999985,0.49486811218418714,0.11144765845551147,0.10540713692746369,0.6226190476190476,0.2929292929292928,1.0,40.04747666739778,Email Nurture Campaign,2342.5122981085037,Low,Low
3885,1983,PhD,Married,33569.0,1,0,2013-10-16,10,16,2,18,3,0,24,1,1,1,2,8,1,0,0,0,0,0,1,43,1,63,4664,4,12.6,0,Low-Value Customers,217.3370000000011,0.9633298454654542,0.005054135219122075,0.04788280375855721,0.023015873015873017,0.898989898989899,0.25,36.87053504831045,Low Priority,209.36721862392648,Low,Low
1175,1983,Master,Married,36262.0,0,0,2013-09-20,24,88,39,54,64,28,153,1,3,5,3,6,1,0,0,0,0,0,1,43,0,426,4690,11,35.5,0,Low-Value Customers,5313.380466666662,0.8270120641473292,0.1251058023837551,0.05193281759447526,0.16706349206349208,0.7575757575757576,0.25,37.87669534070845,Low Priority,4394.229747338095,Low,Low
880,1966,Basic,Together,22634.0,0,0,2013-01-16,47,2,23,11,8,6,46,1,2,1,2,8,0,0,0,0,0,0,0,60,0,96,4937,5,16.0,0,Low-Value Customers,262.9071333333332,0.31223603539034966,0.006127668150182332,0.03143761204085807,0.036111111111111115,0.5252525252525252,0.25,15.533216519553836,Low Priority,82.08908098784201,Low,Low
2320,1978,2n Cycle,Married,47025.0,0,1,2013-09-12,98,508,11,59,23,5,29,5,11,1,6,9,0,0,0,0,0,0,0,48,1,635,4698,18,33.421052631578945,1,Loyal Customers,552.034733333335,0.21150619647390775,0.012938883680495197,0.06811933780093121,0.25,0.010101010101010055,0.75,18.715050833146453,Low Priority,116.75876676882163,Low,Low
850,1968,Graduation,Single,70566.0,0,1,2013-10-06,4,381,28,215,84,28,21,2,6,5,9,3,0,0,0,0,0,0,0,58,1,757,4674,20,36.04761904761905,1,Loyal Customers,17471.867933333364,0.16083566052527384,0.4115332436175703,0.10352274504613977,0.2984126984126984,0.9595959595959596,0.75,34.980464848917,Low Priority,2810.0994196680226,Low,Low
4713,1979,PhD,Married,31605.0,1,0,2012-11-22,15,74,0,42,2,1,6,2,2,1,4,7,0,0,0,0,0,0,0,47,1,125,4992,7,15.625,0,Low-Value Customers,739.4280333333343,0.44073531757476064,0.01735346103401165,0.04492913603715245,0.047619047619047616,0.8484848484848485,0.25,21.648664675344648,Low Priority,325.8920490948478,Low,Low
675,1973,Master,Divorced,52034.0,1,1,2013-05-17,67,146,0,93,7,13,73,5,4,2,5,7,0,0,0,0,0,0,0,53,2,332,4816,11,27.666666666666668,2,Dormant Customers,1152.5598333333305,0.2686795207668761,0.027085945003809297,0.07565239361382148,0.12976190476190477,0.3232323232323232,0.5,18.192078096848963,Low Priority,309.66922367514985,Low,Low
5025,1979,Graduation,Single,48526.0,1,0,2013-12-24,32,23,17,23,43,20,9,1,2,1,4,3,0,0,0,0,0,0,0,47,1,135,4595,7,16.875,0,Low-Value Customers,621.8836000000027,0.0834048517664805,0.014584370605350372,0.07037669790776857,0.051587301587301584,0.6767676767676767,0.25,10.30109155788052,Low Priority,51.868109474005486,Low,Low
2308,1954,Graduation,Married,46734.0,0,1,2012-11-18,40,110,5,137,26,23,29,2,6,1,5,7,0,0,0,0,0,0,0,72,1,330,4996,12,25.384615384615383,1,Loyal Customers,2535.344366666665,0.23422179603676277,0.05966133209420252,0.06768170169760698,0.12896825396825398,0.5959595959595959,0.75,21.90763265022682,Low Priority,593.8329111323551,Low,Low
5995,1962,Graduation,Divorced,39552.0,1,1,2012-12-18,54,165,3,147,4,24,41,7,6,2,5,8,0,0,0,0,0,0,1,64,2,384,4966,13,27.428571428571427,1,Loyal Customers,2231.855099999997,0.690916930879177,0.05251178702689224,0.05688066219906878,0.15039682539682542,0.4545454545454545,0.75,34.90034781285242,Low Priority,1542.0264758590367,Low,Low
6749,1966,Graduation,Single,86358.0,1,1,2012-08-08,78,957,47,494,82,47,95,4,5,3,6,8,0,0,0,0,0,0,0,60,2,1722,5098,14,114.8,3,Premium VIP Customers,4885.36726666667,0.4458739664386058,0.11502274509341398,0.1272723991481887,0.6813492063492064,0.21212121212121204,1.0,39.38046949328664,Low Priority,2178.258080697998,Low,Low
1010,1977,Graduation,Together,46931.0,2,1,2014-04-24,94,41,0,17,3,1,16,2,1,1,3,3,0,0,0,0,0,0,0,49,3,78,4474,5,13.0,2,Dormant Customers,23.57469999999993,0.019002013640430176,0.0004895181194431088,0.06797797081222855,0.02896825396825397,0.050505050505050386,0.5,6.951574722967544,Low Priority,0.4479667709690479,Low,Low
8977,1985,Basic,Single,16581.0,0,0,2013-01-12,51,1,3,4,2,3,11,1,0,0,3,4,0,0,0,0,0,0,0,41,0,24,4941,3,6.0,0,Low-Value Customers,29.713433333333402,0.008047873014921436,0.0006341332852607269,0.022334480310887063,0.007539682539682541,0.48484848484848475,0.25,5.521142654451998,Low Priority,0.23912993830400098,Low,Low
4756,1952,2n Cycle,Divorced,63998.0,0,0,2013-12-20,42,176,29,818,0,33,112,1,7,6,11,4,0,0,0,0,0,0,1,74,0,1168,4599,24,46.72,3,Premium VIP Customers,16286.32033333333,0.27258032747704847,0.3836043284083502,0.09364510268657435,0.46150793650793653,0.5757575757575757,1.0,40.42339762983463,Email Nurture Campaign,4439.330529856112,Low,Low
3412,1951,Master,Married,67381.0,0,1,2013-01-15,67,815,8,53,11,0,70,4,2,2,9,7,0,1,0,0,0,0,0,75,1,957,4938,13,68.35714285714286,1,Loyal Customers,4450.309600000013,0.14648022180365428,0.10477373553575989,0.0987328103757354,0.37777777777777777,0.3232323232323232,0.75,23.307775106768062,Low Priority,651.8823373029339,Low,Low
606,1967,Graduation,Single,25930.0,1,1,2013-10-10,87,6,1,2,2,0,4,1,1,0,2,7,0,0,0,0,0,0,0,59,2,15,4670,3,3.75,2,Dormant Customers,10.274533333333313,0.014080296091902764,0.0001761952068060981,0.0363944800702624,0.003968253968253968,0.1212121212121211,0.5,6.457223955248305,Low Priority,0.14466847153945772,Low,Low
5961,1978,Graduation,Married,42693.0,1,0,2014-06-07,29,8,4,20,6,3,16,1,1,0,3,5,0,0,0,0,0,0,0,48,1,57,4430,4,11.4,0,Low-Value Customers,119.16869999999986,0.017444714302840125,0.0027415042231728236,0.061604425087527226,0.020634920634920634,0.7070707070707071,0.25,7.5665081515330055,Low Priority,2.0788639253408614,Low,Low
2975,1976,Graduation,Together,85606.0,0,1,2012-11-12,89,717,42,864,219,30,84,2,6,7,9,3,0,0,0,1,0,0,0,50,1,1956,5002,22,85.04347826086956,3,Premium VIP Customers,4228.616266666673,0.42261387271216927,0.09955112422170041,0.12614146323856731,0.7742063492063492,0.10101010101010088,1.0,39.0445102835475,Low Priority,1787.071896669678,Low,Low
2894,1985,Graduation,Single,72903.0,0,0,2013-10-29,74,1067,138,750,0,19,39,1,7,5,8,4,0,1,1,1,0,0,1,41,0,2013,4651,20,95.85714285714286,3,Premium VIP Customers,9712.903766666703,0.8598446031066499,0.22874897386559703,0.10703736900994983,0.7968253968253969,0.2525252525252525,1.0,56.94318821427412,Email Nurture Campaign,8351.587884262615,Medium,Medium
7613,1974,2n Cycle,Together,49669.0,1,0,2014-05-24,97,166,5,107,11,8,29,2,5,1,6,6,0,0,0,0,0,0,0,52,1,326,4444,12,25.07692307692308,2,Dormant Customers,158.21910000000025,0.11369499286352373,0.003661446459558871,0.07209566033422765,0.1273809523809524,0.02020202020202011,0.5,11.253374169759141,Low Priority,17.988719445373178,Low,Low
10542,1968,PhD,Married,36778.0,1,1,2012-08-05,63,29,4,34,2,4,4,3,3,0,3,9,0,0,0,0,0,0,0,58,2,77,5101,6,11.0,2,Dormant Customers,184.7811333333339,0.19110180109235883,0.004287190020383535,0.05270883212820482,0.02857142857142857,0.36363636363636354,0.5,13.635511301417566,Low Priority,35.31200738788741,Low,Low
8015,1962,PhD,Divorced,85696.0,0,0,2013-05-03,88,714,76,395,116,0,12,1,4,6,9,1,0,0,0,0,0,0,1,64,0,1313,4830,19,65.65,3,Premium VIP Customers,3330.9337000000087,0.8797512720576792,0.07840368122638948,0.12627681461072945,0.5190476190476191,0.11111111111111105,1.0,48.348686585899195,Email Nurture Campaign,2930.3931597148,Low,Low
10617,1989,Master,Divorced,10979.0,0,0,2014-05-22,34,8,4,10,2,2,4,2,3,0,3,5,0,0,0,0,0,0,0,37,0,30,4446,6,4.285714285714286,0,Low-Value Customers,149.38843333333372,0.059022540883833845,0.003453415216803026,0.013909609345861858,0.00992063492063492,0.6565656565656566,0.25,7.945012583115532,Low Priority,8.817284913988576,Low,Low
11166,1961,Graduation,Married,49678.0,0,1,2013-02-02,81,229,5,56,3,2,20,2,6,2,4,7,0,0,0,0,0,0,0,65,1,315,4920,12,24.23076923076923,2,Dormant Customers,750.7470333333356,0.2586647114094408,0.017620111981854817,0.07210919547144387,0.12301587301587302,0.18181818181818177,0.5,16.76396566078231,Low Priority,194.1917647186611,Low,Low
849,1953,Master,Together,56129.0,0,1,2013-06-20,65,320,48,133,39,72,48,4,6,2,10,4,0,0,0,0,0,0,0,73,1,660,4782,18,34.73684210526316,1,Loyal Customers,4439.34956666667,0.051053889051402304,0.10451554105950507,0.08181088104719852,0.25992063492063494,0.3434343434343434,0.75,18.60117295478045,Low Priority,226.64606023699108,Low,Low
523,1989,Graduation,Married,37155.0,1,0,2013-01-31,51,23,0,26,7,15,3,1,2,0,4,5,0,0,0,0,0,0,0,37,1,74,4922,6,10.571428571428571,0,Low-Value Customers,235.18049999999948,0.06908292084820178,0.005474489153907705,0.05327580398715064,0.02738095238095238,0.48484848484848475,0.25,8.1044370498915,Low Priority,16.246955866540482,Low,Low
4066,1978,2n Cycle,Divorced,21282.0,1,0,2014-05-11,76,1,5,8,4,8,20,2,2,1,2,6,0,0,0,0,0,0,0,48,1,46,4457,5,7.666666666666667,2,Dormant Customers,64.76226666666693,0.2885455482224848,0.0014598073403123617,0.029404333650155802,0.01626984126984127,0.23232323232323226,0.5,15.39986778404925,Low Priority,18.68686373946416,Low,Low
8414,1962,PhD,Single,33419.0,0,1,2013-08-17,76,56,0,12,0,0,18,2,2,0,4,7,0,0,0,0,0,0,0,64,1,86,4724,6,12.285714285714286,2,Dormant Customers,133.62266666666636,0.06203851503418547,0.0030820081468197627,0.047657218138286994,0.03214285714285714,0.23232323232323226,0.5,9.073946895572046,Low Priority,8.289751814907934,Low,Low
819,1945,Graduation,Widow,63285.0,0,0,2013-11-05,84,508,124,249,50,38,134,1,6,5,13,3,0,0,0,0,0,0,0,81,0,1103,4644,24,44.12,3,Premium VIP Customers,4106.775900000011,0.1410439654525785,0.0966808309751927,0.09257281903822323,0.4357142857142857,0.1515151515151515,1.0,25.350762126505412,Low Priority,579.2359581610834,Low,Low
4961,1974,Master,Together,21255.0,1,0,2014-01-21,56,29,0,25,2,2,3,4,2,1,4,4,0,0,0,0,0,0,0,52,1,61,4567,7,7.625,2,Dormant Customers,225.58706666666578,0.0845952770531275,0.005248488792444382,0.029363728238507164,0.022222222222222223,0.43434343434343425,0.5,10.494000762802733,Low Priority,19.083600404268935,Low,Low
749,1981,Graduation,Together,42162.0,1,0,2013-11-19,31,46,7,59,2,4,27,2,3,1,3,6,1,0,0,0,0,0,1,45,1,145,4630,7,18.125,0,Low-Value Customers,697.6982666666684,0.7376924997667176,0.01637039876394015,0.06080585199177063,0.05555555555555555,0.6868686868686869,0.25,29.997622243514204,Low Priority,514.6867784202406,Low,Low
5430,1956,Graduation,Together,54450.0,1,1,2012-09-14,0,454,0,171,8,19,32,12,9,2,8,8,0,0,0,0,0,0,0,70,2,684,5061,19,34.2,1,Loyal Customers,12648.817066666672,0.3266982276261675,0.29791268658140746,0.07928582600430718,0.26944444444444443,1.0,0.75,36.072852352936984,Low Priority,4132.346117247621,Low,Low
7755,1954,PhD,Married,57744.0,0,1,2013-11-12,91,350,3,39,0,0,19,2,9,1,4,8,0,0,0,0,0,0,0,72,1,411,4637,14,27.4,1,Loyal Customers,660.330366666664,0.2070090034635919,0.015490092557216178,0.08423968622544124,0.16111111111111112,0.08080808080808077,0.75,17.838076813585726,Low Priority,136.69433116041435,Low,Low
10525,1986,Graduation,Single,26576.0,1,0,2012-10-13,40,10,0,8,0,0,9,1,1,0,2,9,1,0,0,0,0,0,1,40,1,27,5032,3,6.75,0,Low-Value Customers,45.286533333333445,0.2695521949875816,0.0010010015488755284,0.03736600214155949,0.00873015873015873,0.5959595959595959,0.25,14.10100627825967,Low Priority,12.20708446337831,Low,Low
1453,1943,PhD,Widow,57513.0,0,0,2013-07-06,59,735,40,183,52,20,30,2,9,3,13,6,0,0,0,0,0,0,0,83,0,1060,4766,25,40.76923076923077,1,Loyal Customers,10156.917933333338,0.24499096519236194,0.23920897902483707,0.0838922843702251,0.41865079365079366,0.404040404040404,0.75,31.16488509518215,Low Priority,2488.3531278669443,Low,Low
8310,1964,Graduation,Together,68142.0,0,1,2012-08-29,96,897,126,196,91,112,37,3,10,4,7,6,0,0,0,0,0,0,0,62,1,1459,5077,21,66.31818181818181,3,Premium VIP Customers,811.3460999999998,0.30591961120426864,0.019047693796951145,0.099877281422573,0.576984126984127,0.030303030303030276,1.0,29.55406902053938,Low Priority,248.2066834640996,Low,Low
10710,1979,Graduation,Married,7500.0,0,1,2012-08-29,61,5,2,3,3,0,5,1,1,0,2,8,0,0,0,0,0,0,0,47,1,18,5077,3,4.5,0,Low-Value Customers,21.126033333333403,0.06431090464646963,0.00043183287449050523,0.008677526859727853,0.005158730158730159,0.38383838383838376,0.25,6.525630265798954,Low Priority,1.3586343152581435,Low,Low
5031,1974,Graduation,Together,83145.0,0,0,2012-09-22,14,777,35,731,39,137,114,1,5,9,11,2,0,0,1,0,0,0,1,52,0,1833,5053,25,70.5,3,Premium VIP Customers,36061.69803333334,0.8186329003953656,0.8494690874560576,0.12244035516200055,0.7253968253968254,0.8585858585858586,1.0,76.44134486104437,Cross-Sell Campaign,29521.292454209524,High,High
2613,1960,Master,Married,54197.0,0,1,2014-04-03,16,162,6,37,6,13,13,2,1,3,6,1,0,0,0,0,0,0,0,66,1,237,4495,10,21.545454545454547,0,Low-Value Customers,3253.183000000008,0.032400711159968044,0.07657204434588172,0.07890533825811807,0.09206349206349207,0.8383838383838383,0.25,12.131107620628246,Low Priority,105.40544273351858,Low,Low
213,1963,PhD,Single,23091.0,1,1,2014-05-28,98,35,0,11,0,0,2,4,2,1,3,7,0,0,0,0,0,0,0,63,2,48,4440,6,6.857142857142857,2,Dormant Customers,11.493500000000035,0.0544126547802968,0.0002049114023230049,0.03212489623061467,0.017063492063492065,0.010101010101010055,0.5,7.266233379242173,Low Priority,0.6253918477173431,Low,Low
967,1976,Graduation,Married,46049.0,1,1,2013-07-21,11,342,9,112,19,14,19,10,5,2,9,7,0,0,0,0,0,0,1,50,2,515,4751,16,30.294117647058822,1,Loyal Customers,7437.0099000000255,0.8494250457426313,0.17513387918081505,0.06665152736503964,0.20238095238095238,0.8888888888888888,0.75,46.38344175151252,Email Nurture Campaign,6317.182474495924,Medium,Low
1077,1974,Graduation,Together,56715.0,0,0,2012-12-05,52,258,105,239,237,172,9,1,7,3,4,4,0,0,0,0,0,0,0,52,0,1020,4979,14,68.0,1,Loyal Customers,6801.630166666641,0.22264762186368373,0.16016571873080485,0.08269216887038752,0.4027777777777778,0.4747474747474747,0.75,28.226725946942572,Low Priority,1514.3667814046185,Low,Low
7959,1961,Graduation,Married,79410.0,0,0,2014-05-29,19,658,80,483,123,13,13,1,3,2,5,1,0,0,0,0,0,0,0,65,0,1370,4439,10,124.54545454545456,1,Loyal Customers,8056.034166666666,0.3809923085957662,0.18971674051525814,0.11682327321727204,0.5416666666666666,0.8080808080808081,0.75,37.95490824590749,Low Priority,3069.287055284703,Low,Low
640,1951,Graduation,Married,57304.0,0,1,2013-03-11,61,356,80,329,138,17,106,2,7,6,10,5,0,0,0,0,0,0,0,75,1,1026,4883,23,42.75,1,Loyal Customers,9128.404033333327,0.05712901422900361,0.2149794352219532,0.08357796840598193,0.40515873015873016,0.38383838383838376,0.75,24.495606039161395,Low Priority,521.4967239083935,Low,Low
4252,1965,Graduation,Married,44375.0,0,1,2014-03-23,73,213,5,28,7,7,41,1,4,1,6,5,0,0,0,0,0,0,0,61,1,301,4506,11,25.08333333333333,2,Dormant Customers,874.6092333333341,0.08186317783796093,0.020538035211109664,0.06413399184282396,0.11746031746031746,0.26262626262626254,0.5,11.788412384936432,Low Priority,71.5982912070894,Low,Low
8432,1956,Graduation,Together,54450.0,1,1,2012-09-14,0,454,0,171,8,19,32,12,9,2,8,8,0,0,0,0,0,0,0,70,2,684,5061,19,34.2,1,Loyal Customers,12648.817066666672,0.3266982276261675,0.29791268658140746,0.07928582600430718,0.26944444444444443,1.0,0.75,36.072852352936984,Low Priority,4132.346117247621,Low,Low
6218,1965,Graduation,Married,59594.0,0,1,2012-10-20,74,457,4,29,0,0,9,1,8,1,7,7,0,1,0,0,0,0,0,61,1,499,5025,16,29.352941176470587,1,Loyal Customers,2161.8842666666706,0.15821435408573603,0.05086342683343827,0.08702190887544065,0.19603174603174603,0.2525252525252525,0.75,18.845654969432086,Low Priority,342.0411228587824,Low,Low
6905,1994,Graduation,Together,80685.0,0,0,2012-08-22,55,241,45,604,34,26,54,1,6,4,10,2,0,0,0,0,0,0,0,32,0,1004,5084,20,47.80952380952381,3,Premium VIP Customers,10439.771699999998,0.2139236103957243,0.24587239672804986,0.11874075098956892,0.3964285714285714,0.4444444444444444,1.0,33.1499385172597,Low Priority,2233.313653771108,Low,Low
5922,1974,PhD,Married,40344.0,0,1,2013-10-13,48,210,0,6,0,0,2,2,4,1,5,7,0,0,0,0,0,0,0,52,1,218,4667,10,19.818181818181817,0,Low-Value Customers,1243.8537666666643,0.2961864168955833,0.029236630917375994,0.058071754274095555,0.08452380952380953,0.5151515151515151,0.25,16.68702369574445,Low Priority,368.4125902910742,Low,Low
3598,1972,Graduation,Married,62710.0,0,1,2013-05-23,53,441,35,83,7,29,11,4,4,2,12,4,0,0,0,0,0,0,0,54,1,606,4810,18,31.894736842105264,1,Loyal Customers,5615.314133333336,0.03228415937802821,0.1322187009085737,0.09170807416052071,0.2384920634920635,0.46464646464646464,0.75,19.252779825816543,Low Priority,181.28569643822777,Low,Low
6116,1968,2n Cycle,Married,48985.0,0,1,2013-07-05,13,19,13,18,10,7,8,1,1,1,3,3,0,0,0,0,0,0,0,58,1,75,4767,5,12.5,0,Low-Value Customers,293.57973333333325,0.05672543255819727,0.006850247694560224,0.07106698990579545,0.027777777777777776,0.8686868686868687,0.25,9.87804131674169,Low Priority,16.653437363653534,Low,Low
6263,1968,Graduation,Together,35322.0,1,2,2012-08-22,34,28,9,37,12,7,13,3,2,0,4,8,0,0,0,0,0,0,0,58,3,106,5084,6,15.142857142857142,0,Low-Value Customers,387.13399999999893,0.16651316782127037,0.009054182130591306,0.05051914770744854,0.04007936507936508,0.6565656565656566,0.25,12.156230734649094,Low Priority,64.46290871131951,Low,Low
10486,1948,Graduation,Married,77142.0,0,0,2013-05-29,54,476,75,162,29,151,97,1,4,4,8,2,0,0,0,0,0,0,0,78,0,990,4804,16,58.23529411764706,1,Loyal Customers,8476.034766666638,0.06283208606381697,0.19961103842891464,0.11341241863878629,0.39087301587301587,0.4545454545454545,0.75,24.643240431992325,Low Priority,532.5669459391031,Low,Low
2410,1969,Graduation,Single,81657.0,0,0,2014-01-22,69,364,40,425,158,60,50,1,3,4,8,1,0,0,0,0,0,0,0,57,0,1097,4566,15,68.5625,3,Premium VIP Customers,4880.569700000019,0.20673424297704657,0.11490972488853696,0.12020254580891995,0.43333333333333335,0.303030303030303,1.0,28.86649600920822,Low Priority,1008.9808822262153,Low,Low
193,1996,Basic,Married,14421.0,0,0,2014-02-17,81,0,0,2,3,3,8,1,1,0,2,5,1,0,0,0,0,0,0,30,0,16,4540,3,4.0,2,Dormant Customers,15.659633333333312,0.03224268251620856,0.00030305641532540786,0.019086047378995875,0.004365079365079365,0.18181818181818177,0.5,7.141799741303077,Low Priority,0.5049085858869027,Low,Low
3363,1974,2n Cycle,Married,20130.0,0,0,2014-03-17,99,0,6,3,7,6,12,1,1,0,3,8,0,0,0,0,0,0,0,52,0,34,4512,4,6.8,2,Dormant Customers,2.795266666666677,0.016711114479341066,0.0,0.027671836086480505,0.011507936507936509,0.0,0.5,5.950670842864085,Low Priority,0.04671202126695294,Low,Low
8278,1990,PhD,Married,74214.0,0,0,2012-08-26,3,863,83,547,86,99,33,1,8,2,5,5,0,0,0,0,0,0,0,36,0,1711,5080,15,106.9375,1,Loyal Customers,18634.007733333267,0.5856039769465896,0.4389107221224034,0.10900898733111157,0.676984126984127,0.9696969696969697,0.75,54.32877759862767,Email Nurture Campaign,10912.149035093467,Medium,Low
10660,1957,Master,Married,66726.0,1,1,2014-01-12,61,349,7,35,0,0,47,3,8,2,4,7,0,1,0,0,0,0,0,69,2,438,4576,14,29.2,1,Loyal Customers,3113.285966666676,0.33518630789040627,0.07327637542294013,0.0977477531672221,0.17182539682539683,0.38383838383838376,0.75,25.227930902645486,Low Priority,1043.5308285740175,Low,Low
8686,1979,Basic,Together,23724.0,1,0,2013-01-08,65,5,23,15,0,18,14,2,2,0,3,8,0,0,0,0,0,0,0,47,1,75,4945,5,12.5,2,Dormant Customers,118.23453333333319,0.2945585699515282,0.002719497294370798,0.03307686754815501,0.027777777777777776,0.3434343434343434,0.5,16.382949076696903,Low Priority,34.826995057552914,Low,Low
1604,1960,Master,Married,47353.0,0,1,2013-11-13,93,184,2,19,8,8,4,3,2,2,6,5,0,0,0,0,0,0,0,66,1,225,4636,10,20.454545454545453,2,Dormant Customers,245.76959999999983,0.07216399839029722,0.005723945250012116,0.06861261835725543,0.0873015873015873,0.06060606060606055,0.5,9.635318605335947,Low Priority,17.73571701878398,Low,Low
5907,1952,Master,Married,33444.0,1,1,2012-11-03,24,8,0,8,0,0,2,1,1,0,2,8,0,0,0,0,0,0,0,74,2,18,5011,3,4.5,0,Low-Value Customers,39.216033333333456,0.10635573483583857,0.0008579938115416872,0.04769481574166536,0.005158730158730159,0.7575757575757576,0.25,10.0586197570978,Low Priority,4.17085004251342,Low,Low
10669,1981,Graduation,Married,54386.0,0,1,2013-05-17,8,277,21,64,62,21,25,2,3,2,10,3,0,0,0,0,0,0,0,45,1,470,4816,15,29.375,1,Loyal Customers,7281.535100000007,0.2316553274365935,0.1714712320577718,0.07918957613965855,0.18452380952380953,0.9191919191919192,0.75,27.749509285044283,Low Priority,1686.8063978315504,Low,Low
2918,1981,Graduation,Divorced,28510.0,1,1,2013-04-13,72,44,5,19,0,4,19,3,2,0,4,5,0,0,0,0,0,0,0,45,2,91,4850,6,13.0,2,Dormant Customers,174.85009999999974,0.05253891615671038,0.004053236539387393,0.04027455273891021,0.034126984126984124,0.2727272727272727,0.5,8.976051233813163,Low Priority,9.186434743892411,Low,Low
5735,1991,Master,Single,90638.0,0,0,2014-02-13,29,1156,120,915,94,144,96,1,3,4,10,1,0,0,1,0,0,0,0,35,0,2525,4544,17,140.27777777777777,3,Premium VIP Customers,26109.870966666644,0.4835665505564178,0.6150257514636871,0.13370910884656567,1.0,0.7070707070707071,1.0,62.83021368442234,Email Nurture Campaign,12625.86023882415,Medium,Medium
359,1950,Graduation,Together,48070.0,0,1,2013-01-13,33,373,14,83,6,9,19,3,8,2,6,7,0,0,0,0,0,1,0,76,1,504,4940,16,29.647058823529413,1,Loyal Customers,5313.217466666641,0.33456622628811317,0.12510196245933564,0.06969091762214709,0.19801587301587303,0.6666666666666666,0.75,28.290526267216364,Low Priority,1777.6231172707467,Low,Low
8387,1957,Graduation,Married,43140.0,0,1,2013-01-05,68,134,8,76,6,0,11,1,4,1,5,6,0,0,0,0,0,0,0,69,1,235,4948,10,21.363636363636363,2,Dormant Customers,840.8664333333332,0.14648854245325113,0.01974312845230751,0.062276670235932474,0.09126984126984128,0.31313131313131304,0.5,13.544421014230268,Low Priority,123.17729821686385,Low,Low
1829,1961,PhD,Divorced,54959.0,0,1,2013-01-19,55,1148,0,60,0,0,24,3,9,5,4,7,0,1,0,0,0,0,1,65,1,1232,4934,18,64.84210526315789,1,Loyal Customers,8797.934433333348,0.8851244920026291,0.20719429235833134,0.0800513132090908,0.4869047619047619,0.4444444444444444,0.75,50.59587031371338,Email Nurture Campaign,7787.267245976618,Medium,Low
3839,1958,Basic,Single,15056.0,1,1,2013-05-03,76,6,12,3,21,6,40,5,2,2,3,5,0,0,0,0,0,0,0,68,2,88,4830,7,11.0,2,Dormant Customers,144.00596666666613,0.1858013001971959,0.0033266160438724674,0.020041026504806478,0.03293650793650794,0.23232323232323226,0.5,12.529911532943897,Low Priority,26.75649584282062,Low,Low
9392,1971,Graduation,Single,26954.0,1,0,2014-05-08,17,4,1,11,0,0,1,1,1,0,2,7,0,0,0,0,0,0,0,55,1,17,4460,3,4.25,0,Low-Value Customers,41.322699999999934,0.1463789943757536,0.0009076222825599886,0.03793447790464045,0.004761904761904762,0.8282828282828283,0.25,11.510785991638526,Low Priority,6.0487752708909435,Low,Low
2292,1985,Graduation,Single,22327.0,1,0,2013-08-02,94,5,4,8,2,0,5,1,1,0,3,5,0,0,0,0,0,0,0,41,1,24,4739,4,4.8,2,Dormant Customers,7.121966666666672,0.006255996584415349,0.00010192761339631516,0.03097591347137168,0.007539682539682541,0.050505050505050386,0.5,5.866117351268557,Low Priority,0.044554999140986665,Low,Low
10466,1965,Graduation,Married,44393.0,1,1,2013-08-22,86,24,2,20,2,2,10,2,1,0,4,4,0,0,0,0,0,0,0,61,2,60,4719,5,10.0,2,Dormant Customers,51.477166666666676,0.0044261463361512906,0.0011468393654743988,0.0641610621172564,0.021825396825396824,0.13131313131313127,0.5,6.792746801167944,Low Priority,0.22784547263711605,Low,Low
9855,1952,PhD,Single,62000.0,0,1,2013-08-25,25,899,0,101,0,0,20,1,6,6,13,4,0,0,0,1,0,0,0,74,1,1020,4716,25,39.23076923076923,1,Loyal Customers,18935.009033333332,0.06809969983911225,0.4460016561224947,0.09064030222457499,0.4027777777777778,0.7474747474747474,0.75,33.608484105134366,Low Priority,1289.4684316208788,Low,Low
4088,1962,PhD,Together,31497.0,0,1,2012-12-06,22,108,1,28,13,1,4,2,3,1,4,8,0,0,0,0,0,0,0,64,1,155,4978,8,17.22222222222222,0,Low-Value Customers,950.176100000002,0.3008183575027256,0.022318225742269906,0.04476671439055789,0.05952380952380952,0.7777777777777778,0.25,17.423510673001477,Low Priority,285.83041374034616,Low,Low
5231,1974,2n Cycle,Married,45894.0,0,2,2014-02-27,15,27,2,7,0,2,13,1,1,0,3,5,0,0,0,0,0,0,0,52,2,51,4530,4,10.2,0,Low-Value Customers,133.49543333333304,0.016954030714000475,0.00307901080704323,0.06641842222409375,0.018253968253968255,0.8484848484848485,0.25,8.281409234106016,Low Priority,2.263285676912131,Low,Low
590,1970,Master,Divorced,78579.0,0,0,2012-12-22,35,816,66,549,216,66,99,1,5,6,4,3,0,0,0,0,0,0,1,56,0,1812,4962,15,113.25,3,Premium VIP Customers,17599.00396666668,0.9544604852279918,0.41452829121836066,0.11557352888097501,0.7170634920634921,0.6464646464646464,1.0,66.21367419547593,Cross-Sell Campaign,16797.553865554033,High,Medium
8732,1969,Master,Widow,67369.0,0,1,2012-11-17,81,1298,0,70,37,14,42,4,7,4,10,4,0,1,1,0,0,0,1,57,1,1461,4997,21,66.4090909090909,3,Premium VIP Customers,5179.159699999979,0.6933698243559888,0.12194385392082524,0.09871476352611379,0.5777777777777778,0.18181818181818177,1.0,45.02231555932314,Email Nurture Campaign,3591.073051500601,Low,Low
2315,1960,Graduation,Divorced,58401.0,0,1,2014-04-20,55,10,0,11,17,29,29,1,1,2,2,4,0,0,0,0,0,0,0,66,1,96,4478,5,16.0,2,Dormant Customers,234.92086666666694,0.06411709956235932,0.005468372758958964,0.08522775124222481,0.036111111111111115,0.4444444444444444,0.5,10.703730570950686,Low Priority,15.062444597342424,Low,Low
3515,1952,Graduation,Single,62307.0,0,1,2014-02-17,94,87,13,34,10,6,10,1,4,0,4,5,0,0,0,0,0,0,0,74,1,160,4540,8,17.77777777777778,2,Dormant Customers,277.3762666666668,0.1540481570345459,0.006468529367410189,0.09110200079406139,0.061507936507936505,0.050505050505050386,0.5,11.901664900143595,Low Priority,42.729302685122775,Low,Low
2245,1969,Master,Married,43641.0,1,1,2013-04-22,50,57,2,51,4,2,23,3,2,1,4,6,0,0,0,0,0,0,0,57,2,139,4841,7,17.375,2,Dormant Customers,396.79153333333386,0.20300039412224738,0.009281692548221877,0.06303012620763503,0.05317460317460317,0.4949494949494949,0.5,15.27113038455695,Low Priority,80.54883765103763,Low,Low
6283,1968,Master,Divorced,63841.0,0,1,2013-04-21,64,635,15,100,20,7,131,1,9,3,9,6,0,0,0,0,0,0,0,58,1,908,4842,21,41.27272727272727,1,Loyal Customers,6975.824199999985,0.10446599961924963,0.16426935015557334,0.09340898973735819,0.35833333333333334,0.3535353535353535,0.75,23.63882715829504,Low Priority,728.7364482211507,Low,Low
2246,1965,2n Cycle,Married,46891.0,0,1,2013-09-01,91,43,12,23,29,15,61,1,2,1,4,4,0,0,0,0,0,0,0,61,1,183,4709,7,22.875,2,Dormant Customers,107.54796666666721,0.02549727548738578,0.0024677450962211967,0.06791781464682316,0.07063492063492063,0.08080808080808077,0.5,7.981692977540655,Low Priority,2.742180134208197,Low,Low
6606,1969,Master,Married,70091.0,1,0,2013-03-31,11,964,34,137,15,0,11,2,5,2,10,8,0,1,0,0,0,0,0,57,1,1161,4863,17,64.5,1,Loyal Customers,15875.409333333346,0.4070625775664745,0.37392416164192505,0.10280839058195074,0.4587301587301587,0.8888888888888888,0.75,43.28308290746832,Email Nurture Campaign,6462.285043149539,Medium,Low
5545,1972,PhD,Married,78075.0,0,0,2014-04-05,72,572,8,259,34,35,80,1,3,5,5,1,0,0,0,0,0,0,0,54,0,988,4493,13,70.57142857142857,3,Premium VIP Customers,5636.088199999996,0.15351098470883948,0.13270809260105726,0.11481556119686706,0.3900793650793651,0.2727272727272727,1.0,26.94955477109241,Low Priority,865.2014494878699,Low,Low
7342,1961,2n Cycle,Widow,59184.0,0,1,2012-09-09,6,341,142,113,259,151,66,3,6,6,12,5,0,0,0,0,0,0,0,65,1,1072,5066,24,42.88,1,Loyal Customers,21831.205933333393,0.11760205892969665,0.5142297370947861,0.08640530818003538,0.4234126984126984,0.9393939393939394,0.75,38.36716713569501,Low Priority,2567.394766678217,Low,Low
837,1977,Graduation,Married,54809.0,1,1,2013-09-11,0,63,6,57,13,13,22,4,2,1,5,4,0,0,0,0,0,0,0,49,2,174,4699,8,19.33333333333333,0,Low-Value Customers,1436.2805666666663,0.6937193097075449,0.03376978655041972,0.07982572758882057,0.06706349206349208,1.0,0.25,31.12888254457953,Low Priority,996.3755632543613,Low,Low
9500,1959,Graduation,Married,58113.0,0,1,2013-01-25,66,221,104,169,102,78,84,3,9,2,8,7,0,0,0,0,0,1,0,67,1,758,4928,19,37.9,1,Loyal Customers,4805.098233333333,0.18214767012321603,0.11313178177326322,0.084794626851306,0.2988095238095238,0.33333333333333326,0.75,23.355139349216962,Low Priority,875.2374479148481,Low,Low
3602,1958,Master,Married,51412.0,0,1,2013-12-31,42,140,3,29,4,5,14,2,3,2,4,4,0,0,0,0,0,0,0,68,1,195,4588,9,19.5,2,Dormant Customers,981.7464999999994,0.07281328490414338,0.023061955496116202,0.07471696524176763,0.0753968253968254,0.5757575757575757,0.5,12.633167124165723,Low Priority,71.48418760814555,Low,Low
234,1979,Graduation,Divorced,15287.0,1,0,2012-10-10,60,1,2,8,4,3,13,2,1,1,2,7,1,0,0,0,0,0,1,47,1,31,5035,4,6.2,0,Low-Value Customers,52.97456666666687,0.9114492656081057,0.0011821148429282692,0.02038842836002262,0.010317460317460317,0.3939393939393939,0.25,32.207284571590115,Low Priority,48.28362988424115,Low,Low
2995,1957,Master,Together,66636.0,0,0,2013-08-17,64,291,10,689,84,10,0,1,3,4,9,1,0,0,0,0,0,0,0,69,0,1084,4724,16,63.76470588235294,3,Premium VIP Customers,6638.229266666663,0.06437375617469739,0.15631634998238048,0.09761240179505998,0.4281746031746032,0.3535353535353535,1.0,25.787123017958752,Low Priority,427.32775224413996,Low,Low
1118,1956,Master,Married,50965.0,0,1,2013-02-20,87,544,13,85,8,6,29,3,10,4,5,8,1,0,0,0,0,0,0,70,1,685,4902,19,34.25,1,Loyal Customers,2076.225199999998,0.3142224079165299,0.04884548608619677,0.07404472009336237,0.2698412698412698,0.1212121212121211,0.75,23.786163674695075,Low Priority,652.3964817209783,Low,Low
7789,1965,PhD,Married,84618.0,0,0,2013-11-22,96,684,100,801,21,66,0,1,6,9,10,2,0,0,1,0,0,0,0,61,0,1672,4627,25,64.3076923076923,3,Premium VIP Customers,1602.3429666666668,0.44926707193080223,0.03768185443283919,0.12465560595305414,0.6615079365079365,0.030303030303030276,1.0,35.92915804957398,Low Priority,719.8799328632484,Low,Low
3068,1990,Graduation,Married,18351.0,0,0,2013-10-29,1,1,12,9,0,14,7,1,2,0,3,7,0,0,0,0,0,0,0,36,0,43,4651,5,7.166666666666667,0,Low-Value Customers,328.7566999999999,0.2453532041538659,0.007678940291425056,0.024996390630075676,0.015079365079365078,0.98989898989899,0.25,15.516613665344911,Low Priority,80.66150973205123,Low,Low
8955,1957,PhD,Together,40451.0,0,2,2014-02-16,54,35,0,4,0,0,10,1,1,1,2,5,1,0,0,0,0,0,0,69,2,49,4541,4,9.8,2,Dormant Customers,90.00046666666657,0.0880704271957211,0.002054364275717832,0.05823267201655498,0.01746031746031746,0.4545454545454545,0.5,10.820702498940753,Low Priority,7.926379547147581,Low,Low
945,1965,Graduation,Together,36317.0,0,1,2013-05-22,53,87,3,25,3,2,13,2,3,0,4,7,0,0,0,0,0,0,0,61,1,133,4811,7,16.625,2,Dormant Customers,411.0155000000022,0.13071961163191148,0.00961677817360895,0.05201553232190767,0.050793650793650794,0.46464646464646464,0.5,12.815384102521776,Low Priority,53.7277865346962,Low,Low
5644,1957,Graduation,Together,42213.0,0,1,2013-10-12,96,309,3,24,4,3,20,2,5,1,7,7,0,1,0,0,0,0,0,69,1,363,4668,13,25.928571428571427,2,Dormant Customers,522.4509000000004,0.14522258448634967,0.012241953103662702,0.06088255110266251,0.14206349206349206,0.030303030303030276,0.5,12.615229171194528,Low Priority,75.87166996521948,Low,Low
7192,1955,Graduation,Together,65748.0,0,1,2013-04-15,58,172,73,93,95,78,34,2,2,4,10,1,0,0,0,0,0,1,0,71,1,545,4848,16,32.05882352941177,1,Loyal Customers,5319.464699999981,0.04036435679154045,0.125249133648463,0.09627693492306026,0.2142857142857143,0.41414141414141414,0.75,18.71616684742349,Low Priority,214.71677109080392,Low,Low
2324,1972,Graduation,Together,77044.0,0,1,2013-10-27,12,625,38,242,50,34,76,2,7,11,11,4,1,0,0,0,0,0,0,54,1,1065,4653,29,35.5,3,Premium VIP Customers,25819.493766666594,0.2269892806494835,0.6081850980833489,0.11326503603354307,0.42063492063492064,0.8787878787878788,1.0,46.891344925783606,Email Nurture Campaign,5860.748316829474,Medium,Low
697,1969,Graduation,Together,74918.0,0,0,2013-03-12,78,972,59,913,25,19,59,1,5,9,6,3,0,0,1,0,0,0,0,57,0,2047,4882,20,97.47619047619048,3,Premium VIP Customers,8098.118799999996,0.6511750114509609,0.19070816266986218,0.11006773584224647,0.8103174603174603,0.21212121212121204,1.0,49.57254054741512,Email Nurture Campaign,5273.2926023212385,Medium,Low
3439,1972,Graduation,Married,56721.0,1,1,2012-10-31,64,157,6,39,6,13,75,5,4,1,5,6,0,0,0,0,0,0,0,54,2,296,5014,10,26.90909090909091,2,Dormant Customers,1118.3429666666655,0.15012656122970253,0.02627987026850685,0.08270119229519833,0.11547619047619048,0.3535353535353535,0.5,14.619024492717891,Low Priority,167.89298386109033,Low,Low
1506,1975,Graduation,Single,42160.0,1,1,2013-06-28,26,48,9,45,3,15,20,4,2,1,4,6,0,0,0,0,0,0,1,51,2,140,4774,7,17.5,0,Low-Value Customers,695.5361666666691,0.720046765371277,0.016319464404515163,0.06080284418350036,0.05357142857142857,0.7373737373737373,0.25,29.689455450548884,Low Priority,500.81856700707255,Low,Low
232,1965,Graduation,Single,61559.0,0,1,2013-07-17,8,279,83,88,32,14,34,1,4,2,10,3,0,0,0,0,0,0,0,61,1,530,4755,16,31.176470588235293,1,Loyal Customers,8061.723300000029,0.08590782430189853,0.18985076408586923,0.08997708050098055,0.20833333333333334,0.9191919191919192,0.75,24.393488052602436,Low Priority,692.5651088269241,Low,Low
8876,1963,PhD,Together,33629.0,1,1,2012-08-08,49,132,0,16,0,0,4,5,3,1,4,9,0,0,0,0,0,0,0,63,2,152,5098,8,16.88888888888889,2,Dormant Customers,607.4303666666686,0.37690050062007097,0.014243883957436993,0.0479730380066653,0.058333333333333334,0.505050505050505,0.5,20.614314442644417,Low Priority,228.94080928850067,Low,Low
4500,1991,PhD,Together,68682.0,0,0,2013-10-06,56,919,0,505,99,30,45,1,4,9,10,2,0,0,0,0,0,0,0,35,0,1598,4674,23,66.58333333333333,3,Premium VIP Customers,15802.182999999892,0.3123470841790839,0.3721991089702718,0.1006893896555458,0.6321428571428571,0.43434343434343425,1.0,43.19713971989615,Email Nurture Campaign,4935.765783714255,Low,Low
9739,1963,Graduation,Single,34377.0,0,1,2013-01-19,55,62,0,22,3,1,26,2,2,2,2,7,0,0,0,0,0,0,0,63,1,114,4934,6,16.285714285714285,2,Dormant Customers,299.6655333333342,0.3148038419100238,0.006993615866517465,0.04909795829974614,0.04325396825396825,0.4444444444444444,0.5,18.015935062325447,Low Priority,94.33586118134991,Low,Low
10395,1986,Basic,Single,8940.0,1,0,2012-08-22,25,1,45,3,4,6,42,3,3,1,3,8,0,0,0,0,0,0,0,40,1,101,5084,7,12.625,0,Low-Value Customers,563.5728333333332,0.6102952066167697,0.013210696146376317,0.010843148814321978,0.0380952380952381,0.7474747474747474,0.25,25.62241087983991,Low Priority,343.94579876276487,Low,Low
1176,1973,Graduation,Married,26228.0,1,0,2013-09-22,50,2,6,4,3,1,9,1,1,0,2,8,0,0,0,0,0,0,0,53,1,25,4688,3,6.25,0,Low-Value Customers,36.70296666666666,0.21389244634133645,0.0007987914430763025,0.03684264350253257,0.007936507936507936,0.4949494949494949,0.25,11.902958662352802,Low Priority,7.850487328317859,Low,Low
1627,1957,2n Cycle,Divorced,77297.0,0,0,2013-01-26,84,408,61,109,48,122,41,1,5,7,9,4,0,0,0,1,0,0,0,69,0,789,4927,21,35.86363636363637,3,Premium VIP Customers,3439.099966666674,0.12185309590871442,0.08095184250665448,0.11364552377973218,0.3111111111111111,0.1515151515151515,1.0,22.644845814500812,Low Priority,419.06497807789077,Low,Low
938,1981,Graduation,Married,40211.0,1,1,2013-07-30,30,51,1,7,2,1,25,2,2,1,2,8,1,0,0,0,0,0,0,45,2,87,4742,5,14.5,0,Low-Value Customers,353.3876000000001,0.5152408043853354,0.008259190563642525,0.05787173502412262,0.03253968253968254,0.696969696969697,0.25,22.756660921654284,Low Priority,182.0797112838032,Low,Low
2740,1958,PhD,Widow,33438.0,1,1,2013-09-22,81,62,1,16,3,2,6,4,2,1,4,5,0,0,0,0,0,0,0,68,2,90,4688,7,11.25,2,Dormant Customers,124.03000000000004,0.043583185207334806,0.0028560258463506557,0.047685792316854554,0.03373015873015873,0.18181818181818177,0.5,8.2850775448224,Low Priority,5.405622461265738,Low,Low
257,1959,PhD,Married,75032.0,0,1,2013-04-28,74,952,12,180,47,12,12,2,5,4,9,3,0,0,0,0,0,0,0,67,1,1215,4835,18,63.94736842105263,3,Premium VIP Customers,5174.292633333314,0.18214724656917874,0.12182919644756064,0.11023918091365184,0.4801587301587302,0.2525252525252525,1.0,28.68669231464591,Low Priority,942.4831561048484,Low,Low
4058,1955,PhD,Single,61284.0,0,0,2013-10-12,76,618,15,106,20,7,45,1,11,2,8,6,0,1,0,0,0,0,0,71,0,811,4668,21,36.86363636363637,1,Loyal Customers,3568.0328000000027,0.26839286147123137,0.08398921879576422,0.08956350686381848,0.31984126984126987,0.23232323232323226,0.75,24.926332685883263,Low Priority,957.6345330152105,Low,Low
7736,1986,Graduation,Married,22518.0,1,0,2012-10-22,36,11,7,12,2,2,27,2,2,1,2,5,1,0,0,0,0,0,1,40,1,61,5023,5,10.166666666666666,0,Low-Value Customers,277.6340333333326,0.3896627803254313,0.006474601787764354,0.03126315916118243,0.022222222222222223,0.6363636363636364,0.25,18.21190457015921,Low Priority,108.18364934162985,Low,Low
8210,1975,Master,Married,54730.0,0,1,2013-08-15,64,318,3,17,4,7,56,5,4,1,8,4,0,0,0,0,0,0,0,51,1,405,4726,13,28.928571428571427,1,Loyal Customers,2834.5279666666647,0.0700262095202358,0.06670944504756601,0.07970691916214492,0.15873015873015875,0.3535353535353535,0.75,16.547767977284657,Low Priority,198.49124928476783,Low,Low
833,1955,Master,Married,38452.0,1,1,2014-03-30,62,56,0,14,0,0,2,3,3,0,3,7,0,0,0,0,0,0,0,71,2,72,4499,6,10.285714285714286,2,Dormant Customers,170.62510000000103,0.09492623661329988,0.003953704756134729,0.055226367650420494,0.026587301587301587,0.3737373737373737,0.5,10.786158310083636,Low Priority,16.19679861476805,Low,Low
6230,1971,Graduation,Divorced,44421.0,1,1,2013-02-15,53,110,5,59,7,1,7,5,5,0,4,8,0,0,0,0,0,0,0,55,2,189,4907,9,18.9,2,Dormant Customers,968.166433333332,0.3719129065159183,0.022742038750075046,0.06420317143304018,0.073015873015873,0.46464646464646464,0.5,20.900150490780618,Low Priority,360.07359221214955,Low,Low
7325,1986,PhD,Together,38197.0,1,0,2013-06-29,86,23,0,11,2,1,3,1,1,0,3,5,0,0,0,0,0,0,0,40,1,40,4773,4,8.0,2,Dormant Customers,22.362199999999905,0.012104712946128937,0.0004609542644859741,0.054842872095961115,0.013888888888888888,0.13131313131313127,0.5,6.790297727177048,Low Priority,0.2706880118439234,Low,Low
1307,1978,Graduation,Divorced,41986.0,0,1,2014-02-09,15,27,5,8,8,3,12,3,3,0,4,4,0,0,0,0,0,0,0,48,1,63,4548,7,7.875,0,Low-Value Customers,584.7733999999995,0.08423661829269234,0.013710135248459375,0.060541164863986904,0.023015873015873017,0.8484848484848485,0.25,10.63147659253676,Low Priority,49.25933368351985,Low,Low
1502,1983,Graduation,Together,28427.0,1,0,2013-03-21,67,18,3,19,3,3,6,2,2,0,3,8,0,0,0,0,0,0,0,43,1,52,4873,5,8.666666666666666,2,Dormant Customers,89.61403333333291,0.05453116926210223,0.002045260749380558,0.04014972869569402,0.01865079365079365,0.3232323232323232,0.5,8.994713708224944,Low Priority,4.8867580199596485,Low,Low
6211,1976,PhD,Together,37395.0,1,0,2014-05-02,47,18,0,9,0,1,11,1,1,0,3,6,0,0,0,0,0,0,0,50,1,39,4466,4,7.8,0,Low-Value Customers,79.05006666666677,0.04363717947958701,0.0017963967397816702,0.053636740979583,0.013492063492063493,0.5252525252525252,0.25,7.228018275020469,Low Priority,3.449521947006656,Low,Low
843,1971,Graduation,Married,64722.0,1,0,2014-05-26,47,303,0,280,60,147,15,4,8,2,11,6,0,0,0,0,0,0,0,55,1,805,4442,21,36.59090909090909,1,Loyal Customers,9634.214599999956,0.17009372397696085,0.2268952287576657,0.09473392928041195,0.31746031746031744,0.5252525252525252,0.75,27.745175263010307,Low Priority,1638.7194389071988,Low,Low
4174,1956,Master,Together,55249.0,0,1,2014-04-17,81,97,1,19,2,0,11,1,2,1,4,3,0,0,0,0,0,0,0,70,1,130,4481,7,16.25,2,Dormant Customers,168.11340000000055,0.018212654537380503,0.003894534583354649,0.0804874454082799,0.0496031746031746,0.18181818181818177,0.5,8.121228655843382,Low Priority,3.0617912773044735,Low,Low
9757,1972,Graduation,Together,84906.0,0,0,2013-10-04,98,997,15,414,99,30,76,1,5,6,12,2,0,1,1,0,1,0,0,54,0,1631,4676,23,67.95833333333333,3,Premium VIP Customers,827.5769666666691,0.3255878322293203,0.019430057608328735,0.12508873034397294,0.6452380952380953,0.010101010101010055,1.0,31.33050047764568,Low Priority,269.4489905799173,Low,Low
6918,1989,Graduation,Married,28691.0,1,0,2013-07-04,56,5,4,13,8,0,4,1,1,0,3,8,0,0,0,0,0,0,0,37,1,34,4768,4,6.8,0,Low-Value Customers,56.92886666666674,0.06079344056611224,0.0012752695247072318,0.04054675938736961,0.011507936507936509,0.43434343434343425,0.25,7.111865115934498,Low Priority,3.4609016721961328,Low,Low
286,1952,Graduation,Single,44213.0,1,1,2013-11-29,48,95,11,35,0,4,7,4,2,1,5,6,0,0,0,0,0,0,0,74,2,152,4620,8,16.88888888888889,2,Dormant Customers,834.6701000000031,0.22358966450809925,0.01959715635614314,0.06389035937293214,0.058333333333333334,0.5151515151515151,0.5,16.385265795414167,Low Priority,186.62360763394236,Low,Low
11086,1984,Basic,Single,25707.0,1,0,2014-01-18,18,1,6,2,3,6,3,1,1,0,3,7,0,0,0,0,0,0,0,42,1,21,4570,4,4.2,0,Low-Value Customers,92.44280000000016,0.043968695606314875,0.002111900321153143,0.03605910944812734,0.006349206349206349,0.8181818181818181,0.25,8.4291561584525,Low Priority,4.0645893341954515,Low,Low
1921,1967,PhD,Married,59062.0,2,1,2013-10-03,74,46,1,12,3,0,9,2,2,0,3,4,0,0,0,0,0,0,0,59,3,71,4677,5,11.833333333333334,2,Dormant Customers,110.38023333333311,0.01968034639122899,0.0025344671203585746,0.08622183187554892,0.02619047619047619,0.2525252525252525,0.5,8.184146129586523,Low Priority,2.172321226744676,Low,Low
4138,1962,Graduation,Single,76624.0,0,1,2014-05-24,68,411,106,147,54,115,66,1,5,10,7,1,1,0,0,0,0,0,0,64,1,899,4444,22,39.08695652173913,3,Premium VIP Customers,6765.979366666652,0.2320120209525555,0.15932586365426424,0.11263339629678645,0.3547619047619048,0.31313131313131304,1.0,29.753555638257595,Low Priority,1569.7885465836214,Low,Low
7718,1947,Master,Together,66000.0,0,0,2014-04-20,36,244,51,270,101,0,45,1,1,3,5,1,0,0,0,0,0,0,0,79,0,711,4478,9,71.1,1,Loyal Customers,5093.00530000002,0.0729194292670864,0.1199142442008106,0.09665591876511423,0.28015873015873016,0.6363636363636364,0.75,21.63576852588719,Low Priority,371.3790397302476,Low,Low
1291,1978,PhD,Together,27683.0,1,0,2012-08-04,90,152,9,121,12,12,45,4,6,2,4,8,0,0,0,0,0,0,0,48,1,351,5102,12,27.0,2,Dormant Customers,492.208400000001,0.17003412352872724,0.011529505777030857,0.039030824019153726,0.1373015873015873,0.09090909090909083,0.5,13.351286383433544,Low Priority,83.69222388747735,Low,Low
6862,1971,Graduation,Divorced,1730.0,0,0,2014-05-18,65,1,1,3,1,1,1,15,0,0,0,20,0,0,0,0,0,0,0,55,0,8,4450,0,8.0,2,Dormant Customers,105.00420000000001,0.07192379523649338,0.002407819502727197,0.0,0.0011904761904761906,0.3434343434343434,0.5,8.964977302205478,Low Priority,7.552300579771799,Low,Low
4136,1992,Basic,Single,7500.0,1,0,2012-12-03,63,10,17,18,8,26,40,4,3,2,2,9,0,0,0,0,0,0,0,34,1,119,4981,7,14.875,0,Low-Value Customers,297.76663333333386,0.37432110851173295,0.006948881924927269,0.008677526859727853,0.04523809523809524,0.36363636363636354,0.25,16.521628228450332,Low Priority,111.46033626714026,Low,Low
803,1968,Graduation,Together,40521.0,1,1,2013-04-05,82,12,0,5,0,0,4,1,0,1,2,5,0,0,0,0,0,0,0,58,2,21,4858,3,5.25,2,Dormant Customers,24.820566666666725,0.06512611531895605,0.0005188680202782416,0.05833794530601441,0.006349206349206349,0.1717171717171716,0.5,8.506552907061128,Low Priority,1.6164670870151738,Low,Low
4298,1973,PhD,Together,20427.0,1,0,2014-03-24,63,5,0,4,0,0,1,1,1,0,2,8,0,0,0,0,0,0,0,53,1,10,4505,3,2.5,2,Dormant Customers,15.263933333333313,0.06810273816768647,0.00029373458653651047,0.028118495614615543,0.001984126984126984,0.36363636363636354,0.5,9.181022861716567,Low Priority,1.0395156552090203,Low,Low
10833,1975,Graduation,Married,65106.0,0,1,2014-05-24,55,790,19,133,12,0,19,3,8,3,13,6,0,1,0,0,0,0,0,51,1,973,4444,24,38.92,1,Loyal Customers,10229.178099999972,0.07318846822005803,0.24091127091749198,0.09531142846830372,0.38412698412698415,0.4444444444444444,0.75,25.86023344293652,Low Priority,748.6578762891615,Low,Low
9606,1965,PhD,Married,69969.0,0,0,2013-08-27,64,882,29,514,38,29,44,1,4,2,6,3,0,0,1,1,0,0,1,61,0,1536,4714,12,118.15384615384616,3,Premium VIP Customers,4837.683533333338,0.8246054382848803,0.11389942035712702,0.1026249142774643,0.6075396825396826,0.3535353535353535,1.0,50.06216690780686,Email Nurture Campaign,3989.1801502878857,Low,Low
8534,1952,Graduation,Married,67433.0,0,2,2013-07-16,51,615,28,259,12,48,30,4,6,5,13,4,0,1,0,0,0,0,0,74,2,992,4756,24,39.68,1,Loyal Customers,12646.466199999986,0.04125514857989269,0.29785730529110577,0.09881101339076241,0.39166666666666666,0.48484848484848475,0.75,26.960726174280005,Low Priority,521.7318420915904,Low,Low
5153,1967,PhD,Married,77766.0,0,1,2013-02-22,97,1004,59,265,115,59,27,2,11,10,11,6,1,0,0,0,0,0,1,59,1,1529,4900,32,46.333333333333336,3,Premium VIP Customers,1444.7563666666738,0.8480533326894084,0.033969457908643134,0.1143508548191104,0.6047619047619047,0.02020202020202011,1.0,46.776630938571316,Email Nurture Campaign,1225.2304516759136,Low,Low
961,1972,Graduation,Married,74716.0,0,1,2013-09-12,92,133,27,421,13,195,71,2,7,3,5,4,0,0,0,0,0,0,0,54,1,860,4698,15,53.75,1,Loyal Customers,1326.2121333333323,0.20339160452953903,0.031176814373023973,0.10976394720694924,0.3392857142857143,0.07070707070707061,0.75,21.07751310696745,Low Priority,269.7404137452094,Low,Low
5011,1963,Graduation,Divorced,68118.0,0,1,2013-10-18,51,595,23,123,10,23,154,2,8,9,4,6,0,0,0,0,0,0,0,63,1,928,4662,21,42.18181818181818,3,Premium VIP Customers,11460.873933333378,0.40093407411542503,0.2699273378326605,0.09984118772332977,0.3662698412698413,0.48484848484848475,1.0,39.0425442789659,Low Priority,4595.054879014628,Low,Low
6653,1970,PhD,Married,55158.0,1,1,2012-07-30,72,293,0,87,4,11,23,4,7,2,5,7,0,0,0,0,0,0,1,56,2,418,5107,14,27.866666666666667,1,Loyal Customers,1771.3236000000006,0.5655517095994949,0.04166266952652827,0.08035059013198263,0.1638888888888889,0.2727272727272727,0.75,30.341906972070216,Low Priority,1001.7750902339321,Low,Low
9094,1955,2n Cycle,Married,62972.0,0,1,2012-08-03,39,313,15,47,20,0,192,2,7,4,3,6,0,0,0,0,0,0,1,71,1,587,5103,14,39.13333333333333,1,Loyal Customers,5759.007866666654,0.5746662877558507,0.13560381180109496,0.09210209704392604,0.23095238095238096,0.606060606060606,0.75,36.223712701736375,Low Priority,3309.5076718940672,Low,Low
810,1975,Graduation,Married,74190.0,0,1,2014-05-12,49,151,81,86,168,91,64,2,4,2,11,2,0,0,0,0,0,0,0,51,1,641,4456,17,35.611111111111114,1,Loyal Customers,7522.1748333333235,0.03173206943624756,0.17714017922466355,0.10897289363186832,0.2523809523809524,0.505050505050505,0.75,21.16686320711283,Low Priority,238.69417412292694,Low,Low
5493,1976,Graduation,Married,39356.0,1,1,2014-03-19,21,15,0,2,0,0,6,1,1,0,2,6,1,0,0,0,0,0,0,50,2,23,4510,3,5.75,0,Low-Value Customers,53.90196666666674,0.04916454619793293,0.0012039623638249641,0.05658589698858236,0.0071428571428571435,0.7878787878787878,0.25,8.623451023275358,Low Priority,2.650065730342778,Low,Low
2147,1969,Graduation,Together,76653.0,0,0,2013-08-16,91,736,63,946,219,189,126,1,4,7,11,2,0,0,1,1,0,0,0,57,0,2279,4725,22,99.08695652173913,3,Premium VIP Customers,3026.821099999998,0.2155558153368283,0.07123945178553401,0.11267700951670537,0.9023809523809524,0.08080808080808077,1.0,33.67038279859261,Low Priority,652.4488900892151,Low,Low
5107,1973,PhD,Divorced,35860.0,1,1,2014-05-19,37,15,0,8,4,2,20,2,1,1,2,5,1,0,0,0,0,0,0,53,2,49,4449,4,9.8,0,Low-Value Customers,122.71173333333334,0.6024349471129378,0.00282497035945458,0.05132824813215106,0.01746031746031746,0.6262626262626263,0.25,24.564297898711178,Low Priority,73.92583658080359,Low,Low
3979,1983,PhD,Divorced,90687.0,0,0,2013-05-22,98,982,17,672,23,34,51,1,6,2,8,2,0,0,1,0,0,0,1,43,0,1779,4811,16,104.6470588235294,3,Premium VIP Customers,1011.7207000000022,0.8924350777739704,0.02376808226003885,0.13378280014918728,0.703968253968254,0.010101010101010055,1.0,49.43395166254101,Email Nurture Campaign,902.8950415900377,Low,Low
6049,1982,Master,Together,73450.0,0,0,2013-12-05,85,1142,51,415,90,69,37,1,7,8,11,3,1,0,0,1,0,0,0,44,0,1804,4614,26,66.81481481481481,3,Premium VIP Customers,6239.456466666692,0.37547274509532086,0.14692213272873145,0.10786000457186858,0.7138888888888889,0.14141414141414133,1.0,38.1658504208443,Low Priority,2342.745847442094,Low,Low
8147,1960,Graduation,Married,31454.0,1,1,2013-07-06,40,28,0,11,0,0,9,3,2,0,3,8,0,0,0,0,0,0,0,66,2,48,4766,5,8.0,0,Low-Value Customers,167.4512999999999,0.07677303525700771,0.003878936951711649,0.04470204651274709,0.017063492063492065,0.5959595959595959,0.25,8.602329992139413,Low Priority,12.855744558731766,Low,Low
1857,1952,Graduation,Single,47139.0,1,1,2014-03-06,2,46,0,12,0,2,23,2,2,1,2,7,0,0,0,0,0,0,1,74,2,83,4523,5,13.833333333333334,0,Low-Value Customers,564.169,0.6314672324247205,0.013224740532518129,0.06829078287233659,0.030952380952380953,0.9797979797979798,0.25,27.88694263071614,Low Priority,356.2542370498221,Low,Low
3910,1975,Graduation,Divorced,83829.0,0,0,2013-10-08,78,897,161,430,186,161,27,0,4,7,6,1,1,0,1,1,0,0,1,51,0,1862,4672,17,103.44444444444444,3,Premium VIP Customers,6971.466033333287,0.9534786544484111,0.1641666812561535,0.12346902559043277,0.736904761904762,0.21212121212121204,1.0,56.878227816218754,Email Nurture Campaign,6647.144052995424,Medium,Medium
5207,1963,PhD,Married,53378.0,1,1,2012-09-24,41,489,6,152,8,6,132,10,9,4,6,8,0,0,0,0,0,0,1,63,2,793,5051,19,39.65,1,Loyal Customers,9420.735599999976,0.7486881179049565,0.2218661292175474,0.07767364077144266,0.3126984126984127,0.5858585858585859,0.75,45.013132941158666,Email Nurture Campaign,7053.192805644203,Medium,Low
11114,1970,Graduation,Together,19656.0,1,0,2013-02-08,94,25,4,9,6,8,32,3,2,1,3,7,0,0,0,0,0,0,0,56,1,84,4914,6,12.0,2,Dormant Customers,28.07493333333326,0.09200814308996799,0.0005955337996134952,0.026958985526426605,0.03134920634920635,0.050505050505050386,0.5,8.770463509715057,Low Priority,2.5831224833746385,Low,Low
5429,1948,PhD,Married,45579.0,0,1,2013-08-20,10,145,1,33,2,1,1,1,4,1,4,6,0,0,0,0,0,0,0,78,1,183,4721,9,18.3,0,Low-Value Customers,1617.974366666664,0.19874238285590493,0.03805009611727372,0.06594469242152629,0.07063492063492063,0.898989898989899,0.25,15.817694597883927,Low Priority,321.56008103110645,Low,Low
9400,1958,2n Cycle,Single,85485.0,0,0,2014-06-21,73,630,26,611,44,18,54,1,6,6,6,2,0,0,0,0,0,0,0,68,0,1383,4416,18,72.78947368421052,3,Premium VIP Customers,6963.307466666629,0.4930229449754182,0.16397448322322605,0.125959490838216,0.5468253968253969,0.26262626262626254,1.0,40.48503001985375,Email Nurture Campaign,3433.0703539853002,Low,Low
1740,1944,Graduation,Married,55956.0,0,0,2014-04-07,22,760,38,104,50,9,38,2,7,3,4,4,0,1,0,0,0,0,0,82,0,999,4491,14,66.6,1,Loyal Customers,7891.722366666667,0.2568000725296024,0.18584591294994215,0.08155070563182021,0.39444444444444443,0.7777777777777778,0.75,31.40044217626009,Low Priority,2026.5948761434856,Low,Low
7488,1963,Master,Single,64191.0,0,1,2013-01-22,30,420,15,186,151,38,15,3,5,3,13,3,0,0,0,0,0,0,0,63,1,825,4931,21,37.5,1,Loyal Customers,12986.0992,0.050143192216476395,0.305858317868967,0.09393535618465536,0.3253968253968254,0.696969696969697,0.75,27.48519973021072,Low Priority,651.1644683278304,Low,Low
195,1972,Graduation,Single,38808.0,1,0,2012-08-26,21,125,17,52,3,19,30,4,5,1,4,8,1,0,0,0,0,0,1,54,1,246,5080,10,22.363636363636363,0,Low-Value Customers,1980.6572333333402,0.8393410301834215,0.04659411327100944,0.05576175752252848,0.09563492063492063,0.7878787878787878,0.25,35.00958962777596,Low Priority,1662.4468826662512,Low,Low
635,1966,Master,Married,57183.0,1,1,2013-03-19,51,464,5,64,7,0,70,8,9,1,7,8,0,0,0,0,0,0,0,60,2,610,4875,17,33.888888888888886,1,Loyal Customers,5489.489266666683,0.25460780407542133,0.12925454153416793,0.08339599600563062,0.2400793650793651,0.48484848484848475,0.75,25.875263228776884,Low Priority,1397.666807681599,Low,Low
7527,1968,Master,Divorced,23748.0,1,0,2012-11-21,97,6,6,29,12,15,8,3,2,1,3,8,0,0,0,0,0,0,0,58,1,76,4993,6,10.857142857142858,2,Dormant Customers,15.661666666666658,0.09392736363897786,0.00030310431622306813,0.033112961247398244,0.028174603174603175,0.02020202020202011,0.5,8.68167279975916,Low Priority,1.4710590601924574,Low,Low
10319,1971,Graduation,Married,66303.0,0,1,2013-02-26,56,1090,12,96,16,12,60,4,3,4,11,8,0,1,0,0,0,0,0,55,1,1286,4896,18,67.6842105263158,3,Premium VIP Customers,9789.223733333381,0.25486577163809243,0.23054690578988596,0.09711160171806009,0.5083333333333333,0.43434343434343425,1.0,35.33021351173712,Low Priority,2494.93806053394,Low,Low
2296,1975,Master,Married,37368.0,1,0,2013-12-16,4,3,2,11,2,2,10,1,1,0,2,6,1,0,0,0,0,0,0,51,1,30,4603,3,7.5,0,Low-Value Customers,74.21200000000013,0.18864279864016908,0.0016824224432541556,0.053596135567934355,0.00992063492063492,0.9595959595959596,0.25,13.692507309971363,Low Priority,13.999559372684253,Low,Low
10637,1964,Graduation,Married,40800.0,1,2,2013-01-01,77,24,0,27,8,30,10,2,3,0,3,7,0,0,0,0,0,1,0,62,3,99,4952,6,14.142857142857142,2,Dormant Customers,135.44176666666687,0.11460960872455081,0.003124862174491958,0.05875753455971702,0.0373015873015873,0.2222222222222222,0.5,10.790244393203373,Low Priority,15.522927882628597,Low,Low
2931,1978,Graduation,Divorced,71847.0,0,0,2012-09-21,95,737,21,106,55,63,210,0,6,7,9,3,0,0,0,1,0,0,0,48,0,1192,5054,22,51.82608695652174,3,Premium VIP Customers,1241.9772666666668,0.13068948909147537,0.02919242467092074,0.10544924624324747,0.471031746031746,0.04040404040404033,1.0,23.11844626780075,Low Priority,162.31337444389374,Low,Low
907,1975,Graduation,Married,46149.0,0,1,2013-11-29,36,254,6,71,4,0,27,5,5,1,7,5,0,0,0,0,0,0,0,51,1,362,4620,13,25.857142857142858,1,Loyal Customers,3390.8973333333297,0.13228078996836146,0.07981629361833649,0.06680191777855313,0.14166666666666666,0.6363636363636364,0.75,19.837749867204653,Low Priority,448.55057795494315,Low,Low
3698,1983,Graduation,Together,78687.0,0,0,2012-08-09,13,817,185,687,145,55,241,1,4,6,8,2,0,0,1,0,0,0,1,43,0,2130,5097,18,112.10526315789474,3,Premium VIP Customers,29763.880633333283,0.9446495849249174,0.7011062480662702,0.11573595052756958,0.8432539682539683,0.8686868686868687,1.0,77.52227836225518,Cross-Sell Campaign,28116.43748603307,High,High
9516,1971,2n Cycle,Divorced,49118.0,0,0,2012-08-18,90,620,54,239,99,98,119,2,9,7,10,7,0,1,0,0,1,0,1,55,0,1229,5088,26,45.51851851851852,3,Premium VIP Customers,3296.900499999997,0.844173882851529,0.07760193327708848,0.07126700915576838,0.4857142857142857,0.09090909090909083,1.0,46.10620431567594,Email Nurture Campaign,2783.1572964601446,Low,Low
679,1957,PhD,Married,37633.0,1,1,2012-09-20,49,13,4,20,0,0,1,2,1,0,3,9,0,0,0,0,0,0,0,69,2,38,5055,4,7.6,2,Dormant Customers,78.30456666666684,0.033500390981006954,0.0017788343860740072,0.05399467016374508,0.013095238095238096,0.505050505050505,0.5,9.320004559330975,Low Priority,2.6232335989316637,Low,Low
7384,1951,Master,Together,39767.0,0,0,2013-07-21,18,113,61,204,34,26,47,2,7,1,7,8,0,0,0,0,0,0,0,75,0,485,4751,15,30.3125,1,Loyal Customers,6232.429666666666,0.49249905736985455,0.14675659664954505,0.05720400158812276,0.1904761904761905,0.8181818181818181,0.75,34.19776158451516,Low Priority,3069.4657359572498,Low,Low
5043,1951,Basic,Married,26997.0,0,0,2012-11-05,89,7,23,78,133,49,144,2,4,2,5,7,0,0,0,0,0,0,0,75,0,434,5009,11,36.16666666666666,2,Dormant Customers,358.8076999999997,0.16150440586910947,0.008386876295810072,0.03799914578245124,0.17023809523809524,0.10101010101010088,0.5,13.535351856394032,Low Priority,57.94902440976163,Low,Low
5267,1970,Graduation,Divorced,33986.0,1,0,2013-03-14,43,16,2,18,2,1,5,1,1,0,3,7,0,0,0,0,0,0,0,56,1,44,4880,4,8.8,0,Low-Value Customers,91.45519999999988,0.018430880075553078,0.0020886346195814532,0.04850993178290843,0.015476190476190477,0.5656565656565656,0.25,6.661110444108806,Low Priority,1.6855998234857197,Low,Low
339,1972,PhD,Married,57091.0,0,1,2012-11-23,82,462,0,24,6,0,4,2,9,2,5,7,0,1,0,0,0,0,1,54,1,496,4991,16,29.176470588235293,1,Loyal Customers,1447.4613333333289,0.5932300448860403,0.03403318102248249,0.08325763682519821,0.19484126984126984,0.1717171717171716,0.75,30.931678051712574,Low Priority,858.6775517441383,Low,Low
2516,1969,2n Cycle,Married,46831.0,1,1,2013-06-08,84,22,2,10,6,4,34,2,1,2,2,4,0,0,0,0,0,0,0,57,2,78,4794,5,13.0,2,Dormant Customers,58.725799999999886,0.11120039714588395,0.0013176013540688544,0.06782758039871506,0.02896825396825397,0.1515151515151515,0.5,10.245915326085301,Low Priority,6.530332282709739,Low,Low
9010,1972,Master,Married,83151.0,0,0,2013-02-10,80,968,147,842,137,42,210,1,5,7,10,2,1,0,1,1,0,0,1,54,0,2346,4912,22,102.0,3,Premium VIP Customers,9154.483433333293,0.9001430915519316,0.21559380899429803,0.12244937858681135,0.928968253968254,0.19191919191919182,1.0,59.590720571374774,Email Nurture Campaign,8240.345019241571,Medium,Medium
378,1971,Graduation,Married,52531.0,0,0,2012-12-30,68,283,112,151,51,72,125,2,7,2,10,6,0,0,0,0,0,0,0,55,0,794,4954,19,39.7,1,Loyal Customers,4626.229133333342,0.23476200428344324,0.10891801597638663,0.07639983396898348,0.3130952380952381,0.31313131313131304,0.75,24.836484084569864,Low Priority,1086.062823615792,Low,Low
4808,1956,Graduation,Married,15759.0,0,0,2013-09-05,12,1,2,5,6,0,3,1,1,0,2,7,0,0,0,0,0,0,0,70,0,17,4705,3,4.25,0,Low-Value Customers,39.055933333333336,0.10339705366217967,0.0008542222047964166,0.02109827111180625,0.004761904761904762,0.8787878787878788,0.25,10.30388895249531,Low Priority,4.038268434693179,Low,Low
5068,1971,Graduation,Single,22804.0,1,0,2013-07-31,75,14,1,7,2,1,1,1,2,0,2,9,0,0,0,0,0,0,0,55,1,26,4741,4,5.2,2,Dormant Customers,34.04493333333335,0.08301246600091593,0.0007361739761859433,0.03169327574383098,0.008333333333333333,0.24242424242424232,0.5,9.166513168872578,Low Priority,2.8261538708367837,Low,Low
7628,1973,2n Cycle,Married,43050.0,1,0,2014-03-18,10,30,5,24,6,3,8,2,2,0,4,5,0,0,0,0,0,0,0,53,1,76,4511,6,10.857142857142858,0,Low-Value Customers,409.49906666666527,0.19778522070736504,0.009581054312342477,0.06214131886377035,0.028174603174603175,0.898989898989899,0.25,14.259969981797473,Low Priority,80.99286328012639,Low,Low
7128,1977,PhD,Single,42997.0,1,1,2013-12-07,91,4,0,5,0,1,5,1,1,0,2,7,0,0,0,0,0,0,0,49,2,15,4612,3,3.75,2,Dormant Customers,6.29486666666664,0.013054277127443904,8.24429416973077e-05,0.0620616119446082,0.003968253968253968,0.08080808080808077,0.5,6.4782819350845315,Low Priority,0.08217493394697536,Low,Low
2811,1963,PhD,Single,48918.0,1,1,2014-04-12,21,52,0,9,0,0,1,2,1,0,4,4,0,0,0,0,0,0,0,63,2,62,4486,5,10.333333333333334,0,Low-Value Customers,249.34536666666676,0.00851440899543841,0.005808182512220141,0.07096622832874142,0.02261904761904762,0.7878787878787878,0.25,7.918019682196825,Low Priority,2.123028432917556,Low,Low
3551,1954,Master,Together,60033.0,0,1,2014-03-29,28,62,1,57,19,11,48,2,2,1,5,2,0,0,0,0,0,0,0,72,1,198,4500,8,22.0,0,Low-Value Customers,1343.6685999999982,0.0383871732374148,0.031588050646781246,0.08768212279076483,0.07658730158730159,0.7171717171717171,0.25,10.21074605410164,Low Priority,51.57963932187454,Low,Low
1663,1978,PhD,Together,34043.0,1,0,2013-10-25,97,20,2,14,3,0,10,1,2,0,2,9,0,0,0,0,0,0,0,48,1,49,4655,4,9.8,2,Dormant Customers,8.122933333333357,0.0628270005314387,0.00012550820447556732,0.04859565431861111,0.01746031746031746,0.02020202020202011,0.5,7.737446668178402,Low Priority,0.510339536850176,Low,Low
5543,1966,Graduation,Together,57811.0,0,1,2013-06-24,49,545,7,114,37,21,78,5,7,2,11,5,0,1,0,0,0,0,0,60,1,802,4778,20,38.19047619047619,1,Loyal Customers,8058.039299999968,0.05988807463273774,0.18976397708243514,0.08434044780249528,0.31626984126984126,0.505050505050505,0.75,23.102266173780283,Low Priority,482.58045899193183,Low,Low
1577,1946,Graduation,Married,78569.0,0,0,2014-02-19,14,558,79,622,207,175,95,1,4,6,4,1,0,0,1,0,0,0,1,80,0,1736,4538,14,115.73333333333332,3,Premium VIP Customers,20564.263900000056,0.9317933444849265,0.484383346596452,0.11555848983962366,0.6869047619047619,0.8585858585858586,1.0,68.2373863523383,Cross-Sell Campaign,19161.64423625169,High,Medium
10641,1978,Graduation,Single,7500.0,1,1,2012-12-27,5,6,5,4,13,4,25,4,2,1,3,6,0,0,0,0,0,0,0,48,2,57,4957,6,8.142857142857142,0,Low-Value Customers,365.6454999999992,0.44796581524722345,0.008547959947295332,0.008677526859727853,0.020634920634920634,0.9494949494949495,0.25,21.339187081431398,Low Priority,163.79668449897827,Low,Low
5336,1971,Master,Together,157733.0,1,0,2013-06-04,37,39,1,9,2,0,8,0,1,0,1,1,0,0,0,0,0,0,0,55,1,59,4798,2,19.666666666666668,0,Low-Value Customers,757.4068999999982,0.0744666305033651,0.01777700391216443,0.23461355679343576,0.02142857142857143,0.6262626262626263,0.25,11.066186303141947,Low Priority,56.40153976299907,Low,Low
6024,1953,Graduation,Together,94384.0,0,0,2013-03-04,62,1111,24,790,160,45,172,0,5,8,5,2,0,1,1,1,0,0,1,73,0,2302,4890,18,121.15789473684212,3,Premium VIP Customers,15173.561433333369,0.8982522859500651,0.35739015618413655,0.1393427337367807,0.9115079365079365,0.3737373737373737,1.0,64.60400651769976,Cross-Sell Campaign,13629.686243495446,Medium,Medium
1878,1985,2n Cycle,Married,23148.0,0,0,2014-02-18,83,4,6,8,6,3,10,1,2,0,3,7,0,0,0,0,0,0,0,41,0,37,4539,5,6.166666666666667,2,Dormant Customers,39.02316666666674,0.01660592374499504,0.0008534502936095354,0.03221061876631736,0.012698412698412698,0.16161616161616155,0.5,6.844444407378308,Low Priority,0.6480157299549001,Low,Low
3099,1970,Graduation,Divorced,44267.0,1,1,2013-02-25,48,183,5,65,3,5,49,5,5,2,4,9,0,0,0,0,0,0,0,56,2,310,4897,11,25.83333333333333,2,Dormant Customers,1694.2612333333323,0.43252808200980164,0.03984724827776934,0.06397157019622941,0.12103174603174602,0.5151515151515151,0.5,24.202209376823188,Low Priority,732.8155616772272,Low,Low
6055,1979,Graduation,Married,71626.0,0,0,2012-11-01,94,546,72,376,94,145,72,1,5,5,8,3,0,1,0,0,0,0,0,47,0,1305,5013,18,68.6842105263158,3,Premium VIP Customers,1261.6883666666688,0.13809598048966204,0.029656775187576926,0.10511688342938268,0.5158730158730159,0.050505050505050386,1.0,24.074371995231488,Low Priority,174.23409206723386,Low,Low
5841,1966,Graduation,Together,60894.0,0,1,2013-06-28,61,606,7,155,10,0,54,5,10,3,8,7,0,0,0,0,0,0,0,60,1,832,4774,21,37.81818181818182,1,Loyal Customers,7792.865200000024,0.22054058241520824,0.18351705375807476,0.0889769842511159,0.3281746031746032,0.38383838383838376,0.75,27.353309894520617,Low Priority,1718.6430298912135,Low,Low
3972,1976,Graduation,Together,50200.0,1,1,2013-04-03,70,266,6,51,8,6,64,6,7,1,5,8,0,0,0,0,0,0,0,50,2,401,4860,13,28.642857142857142,1,Loyal Customers,1613.6877000000063,0.2719155357843242,0.03794911160187908,0.07289423342998425,0.15714285714285714,0.2929292929292928,0.75,21.34667107767526,Low Priority,438.78675553407555,Low,Low
4394,1965,PhD,Married,81051.0,0,0,2014-05-23,43,1142,29,249,38,29,14,1,5,5,12,2,0,1,1,0,0,0,0,61,0,1501,4445,22,65.26086956521739,3,Premium VIP Customers,19157.590166666683,0.25441116097518596,0.4512451820678377,0.11929117990302826,0.5936507936507937,0.5656565656565656,1.0,44.095646823365726,Email Nurture Campaign,4873.904755788477,Low,Low
5758,1982,Graduation,Married,65169.0,0,0,2014-01-14,23,1074,0,69,0,0,46,1,10,4,13,6,1,0,1,1,1,0,1,44,0,1189,4574,27,42.46428571428572,1,Loyal Customers,24132.150466666575,0.865253088265273,0.5684349708387364,0.09540617442881721,0.46984126984126984,0.7676767676767676,0.75,62.35070640341134,Cross-Sell Campaign,20880.417717765504,High,Medium
6658,1972,Graduation,Together,59868.0,0,1,2013-07-22,37,771,51,154,54,10,154,7,11,2,12,6,0,0,0,0,0,0,0,54,1,1194,4750,25,45.92307692307692,1,Loyal Customers,17898.063033333336,0.23866571776479853,0.4215734704380573,0.08743397860846758,0.4718253968253968,0.6262626262626263,0.75,38.390209515864434,Low Priority,4271.654060450108,Low,Low
4603,1960,PhD,Married,65695.0,0,1,2014-01-31,50,371,32,189,0,58,6,2,5,4,10,4,0,0,0,0,0,0,0,66,1,656,4557,19,32.8,1,Loyal Customers,7457.3935666666675,0.040218036328163724,0.17561407390094744,0.09619722800389811,0.25833333333333336,0.4949494949494949,0.75,21.28668306165979,Low Priority,299.9217253776145,Low,Low
8427,1956,Master,Single,64857.0,0,0,2012-11-23,78,556,14,717,210,0,43,1,7,5,10,4,0,0,0,0,0,0,0,70,0,1540,4991,22,66.95652173913044,3,Premium VIP Customers,7421.769800000025,0.4666332724049449,0.17477485567076784,0.09493695633865515,0.6091269841269842,0.21212121212121204,1.0,40.38912422816876,Email Nurture Campaign,3463.244728810205,Low,Low
10260,1965,Master,Together,45143.0,0,1,2013-08-26,74,202,5,74,11,5,14,3,6,1,5,7,0,0,0,0,0,0,0,61,1,311,4715,12,23.923076923076923,2,Dormant Customers,1013.9490333333379,0.22443079093015042,0.02382057693231064,0.0652889902186075,0.12142857142857144,0.2525252525252525,0.5,16.18448577211474,Low Priority,227.56138351386247,Low,Low
7143,1955,2n Cycle,Together,74805.0,0,1,2013-11-06,14,209,162,209,41,162,37,5,4,7,10,2,0,0,0,0,0,0,0,71,1,820,4643,21,37.27272727272727,3,Premium VIP Customers,18193.548766666736,0.16093974164825603,0.42853446971957293,0.10989779467497623,0.32341269841269843,0.8585858585858586,1.0,37.927324056904396,Low Priority,2928.0650381722917,Low,Low
8789,1989,2n Cycle,Married,59060.0,1,0,2014-01-11,77,35,40,111,36,40,12,3,3,1,7,4,0,0,0,0,0,0,0,37,1,274,4577,11,22.83333333333333,2,Dormant Customers,1122.0073333333298,0.08255987743378203,0.026366194753435802,0.08621882406727865,0.10674603174603176,0.2222222222222222,0.5,11.84227199359091,Low Priority,92.63278791980433,Low,Low
6197,1962,PhD,Single,27238.0,1,1,2013-04-20,39,37,0,17,0,0,3,3,3,0,3,9,0,0,0,0,0,0,0,64,2,57,4843,6,8.142857142857142,0,Low-Value Customers,244.02226666666692,0.2707430633453574,0.0056827818884491585,0.03836158667901873,0.020634920634920634,0.606060606060606,0.25,14.516218063631225,Low Priority,66.0673360018111,Low,Low
4554,1965,Graduation,Together,47009.0,0,1,2013-10-01,89,171,45,73,59,10,90,4,3,2,8,4,0,0,0,0,0,0,0,61,1,448,4679,13,32.0,2,Dormant Customers,692.1254000000027,0.08928379324316589,0.016239114182363172,0.06809527533476906,0.1757936507936508,0.10101010101010088,0.5,11.98859524306883,Low Priority,61.79558111194373,Low,Low
4937,1973,2n Cycle,Married,46094.0,1,1,2014-06-10,62,12,2,20,3,2,5,1,1,0,3,7,0,0,0,0,0,0,0,53,2,44,4427,4,8.8,2,Dormant Customers,56.72126666666662,0.007174587279605019,0.0012703789215821972,0.06671920305112071,0.015476190476190477,0.3737373737373737,0.5,8.021370742376549,Low Priority,0.40695167830975054,Low,Low
1920,1972,Graduation,Married,40321.0,1,1,2013-07-29,59,44,4,21,6,0,27,2,3,0,3,7,0,0,0,0,0,0,0,54,2,102,4743,6,14.571428571428571,2,Dormant Customers,224.82939999999996,0.11676136759887877,0.0052306398186113936,0.05803716447898745,0.038492063492063494,0.404040404040404,0.5,11.83771483989755,Low Priority,26.251388220435352,Low,Low
8749,1984,Graduation,Together,37235.0,1,0,2014-02-01,68,20,2,9,4,6,20,1,1,1,2,4,0,0,0,0,0,0,0,42,1,61,4556,4,12.2,2,Dormant Customers,69.0694333333335,0.17979519812059275,0.001561274790986891,0.05339611631796143,0.022222222222222223,0.31313131313131304,0.5,12.873645249516901,Low Priority,12.41835245024377,Low,Low
1650,1960,Master,Married,81843.0,0,0,2013-04-22,13,779,86,537,34,69,138,1,5,9,12,3,0,0,0,0,0,0,0,66,0,1643,4841,26,60.851851851851855,3,Premium VIP Customers,34163.0880333334,0.5776419604696678,0.804741977633243,0.12048227197805503,0.65,0.8686868686868687,1.0,66.7697752063022,Cross-Sell Campaign,19734.033147272552,High,Medium
10377,1958,Master,Together,46692.0,0,1,2013-06-06,37,170,6,97,24,12,88,3,6,1,5,6,0,0,0,0,0,0,0,68,1,397,4796,12,30.53846153846154,1,Loyal Customers,2728.9631000000004,0.19031970347395524,0.06422256707640246,0.06761853772393132,0.15555555555555556,0.6262626262626263,0.75,21.27709995839651,Low Priority,519.3754479833657,Low,Low
9206,1968,Graduation,Together,77382.0,0,1,2014-01-07,36,491,48,231,112,105,134,2,5,7,12,1,0,0,1,0,0,0,0,58,1,1121,4581,24,44.84,3,Premium VIP Customers,17759.09673333331,0.1188679226071408,0.41829972756207356,0.11377335563121864,0.44285714285714284,0.6363636363636364,1.0,37.07743838606394,Low Priority,2110.9869360705907,Low,Low
10971,1977,Graduation,Single,37774.0,2,0,2012-09-03,28,173,8,107,7,2,176,4,7,2,3,9,1,0,0,0,0,1,1,49,2,473,5072,12,36.38461538461539,0,Low-Value Customers,3895.0850666666456,0.8825955136495587,0.09169385674089242,0.05420672064679909,0.18571428571428572,0.7171717171717171,0.25,38.6423211897544,Low Priority,3437.7846051233737,Low,Low
6398,1974,Basic,Married,18393.0,1,0,2014-03-29,2,7,10,13,16,0,4,2,3,0,3,8,0,0,0,0,0,0,0,52,1,50,4500,6,7.142857142857143,0,Low-Value Customers,348.3835333333336,0.6237219467129727,0.00814130566924047,0.02505955460375134,0.017857142857142856,0.9797979797979798,0.25,26.873340159350946,Low Priority,217.29445561341063,Low,Low
9212,1962,Master,Married,72828.0,0,1,2013-02-14,17,1205,0,235,19,14,205,6,6,3,13,7,0,0,0,0,0,0,0,64,1,1678,4908,22,72.95652173913044,3,Premium VIP Customers,26666.860700000063,0.2503122850153913,0.6281472145198097,0.10692457619981471,0.6638888888888889,0.8282828282828283,1.0,51.522778222801655,Email Nurture Campaign,6675.042836004153,Medium,Low
7937,1982,Graduation,Married,24711.0,0,0,2014-04-18,86,10,7,25,6,3,7,1,3,0,3,7,0,0,0,0,0,0,0,44,0,58,4480,6,8.285714285714286,2,Dormant Customers,51.6639333333332,0.10319408626649045,0.0011512391807135657,0.034561220929533065,0.021031746031746033,0.13131313131313127,0.5,9.448013819753296,Low Priority,5.331412393266198,Low,Low
839,1975,PhD,Married,45503.0,1,0,2013-09-25,54,97,4,44,6,1,18,1,3,1,4,5,0,0,0,0,0,0,0,51,1,170,4685,8,18.88888888888889,2,Dormant Customers,585.3030000000017,0.10693655056666075,0.013722611469148334,0.06583039570725603,0.06547619047619047,0.4545454545454545,0.5,12.532948948016964,Low Priority,62.59028385631842,Low,Low
4246,1982,Master,Single,6560.0,0,0,2013-12-12,2,67,11,26,4,3,262,0,1,0,1,17,0,0,0,0,0,0,0,44,0,373,4607,2,124.33333333333331,0,Low-Value Customers,460.19513333333396,0.35022846730188156,0.010775343050622003,0.0072638569727011305,0.14603174603174604,0.9797979797979798,0.25,20.49221896976821,Low Priority,161.17343620711858,Low,Low
158,1945,PhD,Together,71604.0,0,0,2013-11-17,3,345,53,528,98,75,97,1,8,3,5,4,1,0,0,0,0,0,1,81,0,1196,4632,16,70.3529411764706,1,Loyal Customers,18588.96349999996,0.9230215374577964,0.43784957824810417,0.10508379753840971,0.4726190476190476,0.9696969696969697,0.75,61.31474200933168,Cross-Sell Campaign,17158.013669516822,High,Medium
4832,1979,Graduation,Married,27244.0,1,0,2014-03-07,84,6,5,17,3,24,46,2,2,2,2,7,0,0,0,0,0,0,0,47,1,101,4522,6,14.428571428571429,2,Dormant Customers,100.7981999999997,0.23341182217835618,0.002308735318026401,0.03837061010382954,0.0380952380952381,0.1515151515151515,0.5,13.7843271549341,Low Priority,23.52749153429831,Low,Low
5621,1969,Graduation,Married,48752.0,1,1,2012-12-12,8,73,57,100,71,15,0,5,6,1,5,9,0,0,0,0,0,0,1,57,2,316,4972,12,24.307692307692307,1,Loyal Customers,3502.209766666674,0.8906083862306571,0.08243857172197304,0.07071658024230904,0.12341269841269842,0.9191919191919192,0.75,43.845724613152065,Email Nurture Campaign,3119.097388532253,Low,Low
1945,1962,Graduation,Married,71434.0,0,1,2013-09-18,4,711,36,217,172,96,168,3,7,4,7,4,0,1,0,1,0,0,0,64,1,1400,4692,18,73.6842105263158,1,Loyal Customers,22768.168733333343,0.3649555394636628,0.5363025366984387,0.1048281338354368,0.5535714285714286,0.9595959595959596,0.75,48.687574849768644,Email Nurture Campaign,8309.36930267337,Medium,Low
5147,1948,Graduation,Single,90842.0,0,0,2013-07-29,57,774,70,118,182,187,93,1,4,9,13,1,0,0,0,0,0,0,0,78,0,1424,4743,26,52.74074074074074,3,Premium VIP Customers,16541.306166666658,0.4445239959948179,0.38961123839553136,0.13401590529013319,0.5630952380952381,0.4242424242424242,1.0,46.9318567772525,Email Nurture Campaign,7353.007516180386,Medium,Low
2535,1978,Master,Married,88097.0,1,0,2012-08-18,24,163,0,480,0,126,75,1,6,5,8,9,0,1,1,1,0,0,1,48,1,844,5088,19,42.2,3,Premium VIP Customers,15631.144399999996,0.9039358965938545,0.36816981267132887,0.12988768843918813,0.3329365079365079,0.7575757575757576,1.0,58.24397456927378,Email Nurture Campaign,14129.552528002005,Medium,Medium
11039,1975,Graduation,Married,51948.0,0,1,2013-09-17,51,82,33,54,71,30,41,2,5,2,4,5,0,0,0,0,0,0,0,51,1,311,4693,11,25.916666666666668,2,Dormant Customers,1659.9921999999947,0.11238155205518854,0.03903994460960056,0.07552305785819989,0.12142857142857144,0.48484848484848475,0.5,14.543546474196667,Low Priority,186.55249983550635,Low,Low
9495,1982,Graduation,Together,71853.0,0,0,2013-05-08,29,358,108,413,141,97,32,1,2,8,6,1,0,0,0,0,0,0,0,44,0,1149,4825,16,67.58823529411765,3,Premium VIP Customers,13632.649366666705,0.1627831399894246,0.3210896293602484,0.10545826966805828,0.45396825396825397,0.7070707070707071,1.0,35.91564312204812,Low Priority,2219.165470280847,Low,Low
9635,1983,Master,Married,35876.0,0,0,2014-04-20,13,66,2,40,4,3,14,1,3,1,3,6,0,0,0,0,0,0,0,43,0,129,4478,7,16.125,0,Low-Value Customers,754.7841666666636,0.6057125994903138,0.017715218036267844,0.051352310598313224,0.049206349206349205,0.8686868686868687,0.25,26.797887213310155,Low Priority,457.18227964579506,Low,Low
2173,1952,Graduation,Widow,40049.0,0,1,2013-10-16,23,13,6,7,0,3,3,1,1,0,3,6,0,0,0,0,0,0,0,74,1,32,4664,4,6.4,0,Low-Value Customers,120.58913333333314,0.01770864490758761,0.002774966533861162,0.05762810255423078,0.010714285714285714,0.7676767676767676,0.25,7.689887492883896,Low Priority,2.135470141913733,Low,Low
942,1982,Graduation,Single,39660.0,1,0,2012-08-08,36,139,13,78,20,13,36,3,7,1,3,9,0,0,0,0,0,0,1,44,1,299,5098,11,24.916666666666668,0,Low-Value Customers,2713.8739333333274,0.8201545555023788,0.06386709922643062,0.05704308384566334,0.11666666666666667,0.6363636363636364,0.25,34.5228986621391,Low Priority,2225.7960694824874,Low,Low
9386,1962,Graduation,Together,50127.0,0,1,2014-05-29,88,274,0,21,4,6,15,1,5,1,6,6,0,1,0,0,0,0,0,64,1,320,4439,12,24.615384615384617,2,Dormant Customers,458.1663333333339,0.07654310959779408,0.010727548948405892,0.0727844484281194,0.125,0.11111111111111105,0.5,10.776519796222749,Low Priority,35.06947586635283,Low,Low
5510,1977,Master,Married,43263.0,0,1,2012-11-21,2,262,6,61,0,10,102,3,5,2,6,5,0,0,0,0,0,0,0,49,1,441,4993,13,31.5,0,Low-Value Customers,3875.4052666666653,0.34526934037049806,0.09123024358395647,0.06246165044455407,0.173015873015873,0.9797979797979798,0.25,23.713832017307173,Low Priority,1338.0586200903535,Low,Low
873,1949,Master,Married,62845.0,1,1,2012-10-01,3,1099,0,45,0,0,34,11,3,4,10,8,0,1,0,0,0,0,1,77,2,1178,5044,17,65.44444444444444,1,Loyal Customers,18683.08376666667,0.7812108235598079,0.44006684640941934,0.0919111012187639,0.4654761904761905,0.9696969696969697,0.75,56.88806881689216,Email Nurture Campaign,14595.427255994548,Medium,Medium
2253,1990,Graduation,Married,18929.0,0,0,2013-02-16,15,32,0,8,23,4,18,1,1,0,4,6,0,0,0,0,0,0,0,36,0,85,4906,5,14.166666666666666,0,Low-Value Customers,360.852,0.062482952048060175,0.00843503554421327,0.025865647220183596,0.031746031746031744,0.8484848484848485,0.25,9.604810818584758,Low Priority,22.54709821244661,Low,Low
5181,1982,Basic,Single,24367.0,1,0,2013-03-20,58,2,4,2,0,11,5,1,1,0,2,9,0,0,0,0,0,0,0,44,1,24,4874,3,6.0,0,Low-Value Customers,28.728999999999917,0.1423291634265254,0.0006109421834476911,0.034043877907046695,0.007539682539682541,0.41414141414141414,0.25,9.312444256171966,Low Priority,4.088974536080637,Low,Low
979,1975,Graduation,Single,33249.0,1,0,2013-02-20,11,6,10,21,19,14,42,2,2,1,3,6,0,0,0,0,0,0,0,51,1,112,4902,6,16.0,0,Low-Value Customers,564.1424333333316,0.5731640830948428,0.013224114679806038,0.047401554435314075,0.04246031746031746,0.8888888888888888,0.25,25.647010683941808,Low Priority,323.34618053639247,Low,Low
10390,1959,2n Cycle,Married,26887.0,0,1,2013-02-10,27,6,7,4,3,4,6,1,1,0,3,6,0,0,0,0,0,0,0,67,1,30,4912,4,6.0,0,Low-Value Customers,95.26626666666631,0.017163545512732657,0.002178415036487539,0.03783371632758641,0.00992063492063492,0.7272727272727273,0.25,7.2437691399256305,Low Priority,1.6351069037614532,Low,Low
4698,1983,PhD,Married,50150.0,0,0,2013-06-20,32,135,46,92,65,61,11,2,5,2,7,5,0,0,0,0,0,0,0,43,0,410,4782,14,27.33333333333333,1,Loyal Customers,4063.962366666669,0.22621138236015814,0.09567223752666816,0.0728190382232275,0.16071428571428573,0.6767676767676767,0.75,23.67925164838973,Low Priority,919.3145448233271,Low,Low
7793,1976,Graduation,Together,62061.0,0,1,2013-08-31,12,641,7,84,0,30,38,3,10,4,7,6,0,1,0,0,0,0,0,50,1,800,4710,21,36.36363636363637,1,Loyal Customers,16566.439833333323,0.35130359106215103,0.39020333275364066,0.09073204037681822,0.31547619047619047,0.8787878787878788,0.75,39.778610369324184,Low Priority,5819.8498045650595,Medium,Low
1745,1962,PhD,Divorced,85696.0,0,0,2013-05-03,88,714,76,395,116,0,12,1,4,6,9,1,0,0,0,0,0,0,1,64,0,1313,4830,19,65.65,3,Premium VIP Customers,3330.9337000000087,0.8797512720576792,0.07840368122638948,0.12627681461072945,0.5190476190476191,0.11111111111111105,1.0,48.348686585899195,Email Nurture Campaign,2930.3931597148,Low,Low
10590,1956,PhD,Together,76542.0,0,0,2013-03-30,91,794,73,573,0,29,14,1,4,8,10,2,0,0,0,0,0,0,0,70,0,1483,4864,22,64.47826086956522,3,Premium VIP Customers,2914.959733333328,0.12350809348121145,0.06860424201005066,0.1125100761577054,0.5865079365079365,0.08080808080808077,1.0,26.090130277974367,Low Priority,360.02111923849986,Low,Low
5080,1993,Graduation,Single,70515.0,0,0,2013-10-21,12,420,0,452,182,64,140,1,6,6,4,2,0,0,0,0,0,0,1,33,0,1258,4659,16,74.0,3,Premium VIP Customers,19571.16909999997,0.6721045474927659,0.46098819952355585,0.10344604593524791,0.49722222222222223,0.8787878787878788,1.0,56.87951559711486,Email Nurture Campaign,13153.871751859882,Medium,Medium
8369,1987,Graduation,Together,18227.0,1,0,2012-11-08,21,1,2,7,4,3,11,1,0,1,2,8,0,0,0,0,0,0,0,39,1,28,5006,3,7.0,0,Low-Value Customers,78.90756666666687,0.3513746138935206,0.0017930397506423805,0.02480990651731896,0.009126984126984128,0.7878787878787878,0.25,17.41942737579678,Low Priority,27.726115770777305,Low,Low
5232,1965,Graduation,Married,69139.0,0,1,2014-01-27,23,86,12,75,33,15,6,1,4,1,5,4,0,0,0,0,0,0,0,61,1,227,4561,10,20.63636363636364,1,Loyal Customers,2029.5828666666748,0.042980573630863037,0.047746694462118135,0.1013766738453024,0.08809523809523809,0.7676767676767676,0.75,16.39539719105487,Low Priority,87.2326358407051,Low,Low
2407,1982,Graduation,Married,69109.0,0,0,2012-11-09,10,823,25,459,124,29,95,1,6,6,7,4,0,0,1,0,0,0,1,44,0,1555,5005,19,77.75,3,Premium VIP Customers,26148.662466666665,0.9668251818380321,0.6159395945808585,0.10133155672124836,0.6150793650793651,0.898989898989899,1.0,72.21739883091917,Cross-Sell Campaign,25281.185344156325,High,High
3834,1962,Graduation,Single,69627.0,0,1,2013-03-17,35,231,161,215,171,30,53,2,8,2,11,5,0,0,0,0,0,0,0,64,1,861,4877,21,39.13636363636363,1,Loyal Customers,11684.491866666627,0.06380454078532308,0.275195288524244,0.10211057906324819,0.3396825396825397,0.6464646464646464,0.75,27.018661997480827,Low Priority,745.5236378625066,Low,Low
7912,1978,Graduation,Married,38136.0,1,0,2013-04-22,69,8,15,27,0,20,33,2,3,1,2,8,1,0,0,0,0,0,0,48,1,103,4841,6,14.714285714285714,2,Dormant Customers,239.12676666666604,0.3584282699706588,0.0055674545878778795,0.05475113394371789,0.03888888888888889,0.303030303030303,0.5,18.565867924678127,Low Priority,85.70979328001052,Low,Low
7712,1946,PhD,Single,62159.0,0,0,2014-04-28,68,182,17,259,77,70,29,1,6,2,10,4,0,0,0,0,0,0,0,80,0,634,4470,18,33.36842105263158,1,Loyal Customers,4345.001533333333,0.13212063469308027,0.10229290721239225,0.09087942298206143,0.2496031746031746,0.31313131313131304,0.75,20.750904671688975,Low Priority,574.0643603264069,Low,Low
1065,1963,Graduation,Single,80695.0,0,0,2013-12-29,85,557,129,984,193,37,18,1,5,8,5,2,0,0,0,0,0,0,0,63,0,1918,4590,18,100.94736842105264,3,Premium VIP Customers,4552.613100000009,0.5451777319351458,0.10718378282285848,0.11875579003092027,0.7591269841269841,0.14141414141414133,1.0,42.8523788120248,Email Nurture Campaign,2481.983284236238,Low,Low
7275,1971,Master,Single,33316.0,1,1,2013-10-04,34,79,1,31,4,4,12,3,2,1,4,6,0,0,0,0,0,0,0,55,2,131,4676,7,16.375,0,Low-Value Customers,560.9916666666683,0.29147745545205217,0.013149889490469671,0.04750231601236811,0.05,0.6565656565656566,0.25,16.146671791227618,Low Priority,163.5164235298063,Low,Low
1343,1968,Graduation,Together,58554.0,1,1,2012-09-26,55,368,24,68,38,0,88,6,8,2,6,7,0,0,0,0,0,0,0,58,2,586,5049,16,34.47058823529412,1,Loyal Customers,3873.192733333325,0.2824136106669209,0.0911781211252172,0.08545784857490044,0.23055555555555557,0.4444444444444444,0.75,25.242885995068704,Low Priority,1093.8423446295449,Low,Low
1384,1992,Basic,Married,17256.0,1,0,2013-11-23,10,6,4,14,8,8,22,2,2,1,2,8,1,0,0,0,0,0,0,34,1,62,4626,5,10.333333333333334,0,Low-Value Customers,341.8310333333333,0.5573055745128295,0.007986943063379333,0.02334961560210306,0.02261904761904762,0.898989898989899,0.25,24.526506892542503,Low Priority,190.50434041814748,Low,Low
9967,1974,Graduation,Divorced,53034.0,1,1,2013-05-30,30,160,15,196,15,11,50,8,6,1,7,8,0,0,0,0,0,0,0,52,2,447,4803,14,29.8,1,Loyal Customers,4687.7604999999985,0.430474231146164,0.11036756074569024,0.07715629774895628,0.1753968253968254,0.696969696969697,0.75,30.61261760004606,Low Priority,2017.9600970348567,Low,Low
6181,1950,2n Cycle,Together,52203.0,0,0,2012-07-31,36,488,21,238,56,108,28,1,8,7,11,6,0,0,0,0,0,0,0,76,0,939,5106,26,34.77777777777778,1,Loyal Customers,16257.941966666647,0.25185552190861116,0.3829357959964842,0.07590655341265927,0.37063492063492065,0.6363636363636364,0.75,36.04414706262144,Low Priority,4094.6524591747407,Low,Low
10507,1977,2n Cycle,Divorced,59601.0,0,1,2013-07-25,14,691,7,69,0,7,23,4,2,2,7,8,0,1,0,0,0,0,0,49,1,797,4747,11,66.41666666666667,0,Low-Value Customers,6844.382966666699,0.4272138482185501,0.1611728814344857,0.08703243620438658,0.3142857142857143,0.8585858585858586,0.25,30.029141258849947,Low Priority,2924.0151858711765,Low,Low
2674,1958,Master,Single,75154.0,0,1,2012-09-04,79,543,10,205,160,143,82,1,6,3,6,3,0,0,0,0,0,0,1,68,1,1143,5071,15,71.4375,1,Loyal Customers,3648.847999999987,0.6690955671459211,0.08589304861113027,0.11042265721813828,0.4515873015873016,0.202020202020202,0.75,39.03779557880346,Low Priority,2441.428021989251,Low,Low
2698,1976,Graduation,Single,47025.0,0,1,2013-11-07,52,254,7,108,20,0,26,3,6,3,5,6,0,0,0,0,0,0,0,50,1,415,4642,14,27.666666666666668,1,Loyal Customers,3068.0406333333403,0.23752037868794976,0.07221049407133553,0.06811933780093121,0.1626984126984127,0.4747474747474747,0.75,22.287333125001435,Low Priority,728.7221730593523,Low,Low
3231,1973,Graduation,Married,37971.0,1,0,2013-11-25,97,5,4,10,2,2,7,1,1,0,3,8,0,0,0,0,0,0,0,53,1,30,4624,4,6.0,2,Dormant Customers,4.396833333333329,0.026914623698636557,3.772941688317283e-05,0.05450298976142065,0.00992063492063492,0.02020202020202011,0.5,6.603420115899423,Low Priority,0.11833911463228838,Low,Low
4096,1968,Master,Divorced,41335.0,1,0,2013-12-26,24,112,19,21,16,14,5,3,4,1,4,7,0,0,0,0,0,0,0,58,1,187,4593,9,18.7,0,Low-Value Customers,1314.778500000001,0.5083252164377839,0.030907462913917723,0.05956212327201415,0.07222222222222222,0.7575757575757576,0.25,24.14381373448331,Low Priority,668.3350655802454,Low,Low
10476,1958,Graduation,Married,67267.0,0,1,2014-05-13,0,134,11,59,15,2,30,1,3,2,5,2,0,0,0,0,0,0,0,68,1,251,4455,10,22.818181818181817,0,Low-Value Customers,3235.603133333335,0.13305482438477034,0.07615790103731873,0.09856136530433005,0.0976190476190476,1.0,0.25,16.226281129991687,Low Priority,430.5126066844795,Low,Low
5948,1975,Graduation,Single,57338.0,0,1,2014-04-29,96,143,6,52,11,8,17,2,4,1,5,5,0,0,0,0,0,0,0,51,1,237,4469,10,21.545454545454547,2,Dormant Customers,224.60926666666666,0.07836113545062678,0.0052254539574942286,0.08362910114657651,0.09206349206349207,0.030303030303030276,0.5,9.876356226176929,Low Priority,17.600637168732618,Low,Low
9140,1960,2n Cycle,Together,50523.0,1,1,2013-12-25,89,51,4,24,4,7,1,2,2,0,4,6,0,0,0,0,0,0,0,66,2,91,4594,6,13.0,2,Dormant Customers,66.93543333333342,0.03345652763575851,0.001511002406262333,0.07337999446563279,0.034126984126984124,0.10101010101010088,0.5,7.7997811128722185,Low Priority,2.239427175128141,Low,Low
10258,1965,Master,Single,35791.0,2,1,2013-05-06,94,27,0,5,0,0,3,2,1,0,3,8,0,0,0,0,0,0,0,61,3,35,4827,4,7.0,2,Dormant Customers,9.052033333333378,0.0024387224379761696,0.00014739577366375202,0.051224478746826764,0.011904761904761904,0.050505050505050386,0.5,6.0209250149141464,Low Priority,0.02207539679930833,Low,Low
5675,1960,PhD,Divorced,50611.0,0,1,2012-10-04,98,459,0,24,6,0,4,6,4,5,7,6,0,1,0,0,0,0,0,66,1,493,5041,16,29.0,2,Dormant Customers,233.45560000000003,0.14516797597796305,0.005433854272740245,0.07351233802952464,0.19365079365079366,0.010101010101010055,0.5,13.2084452430833,Low Priority,33.89027693272096,Low,Low
4743,1969,PhD,Married,56242.0,0,1,2013-03-03,72,689,8,167,11,8,88,5,8,4,11,6,0,0,0,0,0,0,0,57,1,971,4891,23,40.458333333333336,1,Loyal Customers,5968.623233333327,0.09443972924016726,0.14054189256831423,0.08198082221446876,0.38333333333333336,0.2727272727272727,0.75,22.482893240035498,Low Priority,563.6751620925711,Low,Low
8805,1960,Graduation,Single,48904.0,0,1,2012-12-02,1,283,10,38,0,13,27,4,7,2,4,8,0,0,0,0,0,0,0,66,1,371,4982,13,26.5,1,Loyal Customers,4769.015300000004,0.663676148047691,0.11228174657807875,0.07094517367084953,0.14523809523809525,0.98989898989899,0.75,38.616254953547966,Low Priority,3165.081704284506,Low,Low
1542,1975,Graduation,Single,56243.0,1,2,2013-12-30,26,347,0,35,4,3,7,6,4,2,8,5,0,0,0,0,0,0,0,51,3,396,4589,14,26.4,1,Loyal Customers,5164.8495333333285,0.20777635436760178,0.12160673761148204,0.0819823261186039,0.15515873015873016,0.7373737373737373,0.75,24.215565659808195,Low Priority,1073.1336068932083,Low,Low
6770,1985,Graduation,Married,21355.0,1,0,2013-08-20,5,5,13,14,0,5,31,2,2,1,2,6,1,0,0,0,0,0,1,41,1,68,4721,5,11.333333333333334,0,Low-Value Customers,334.57409999999993,0.9438441287903925,0.007815985544891145,0.029514118652020645,0.025,0.9494949494949495,0.25,36.46741936405347,Low Priority,315.7857999303296,Low,Low
8773,1971,Master,Together,57420.0,0,1,2013-06-25,22,280,0,18,0,0,24,3,5,1,6,7,0,1,0,0,0,0,0,55,1,322,4777,12,24.76923076923077,1,Loyal Customers,2931.1883666666636,0.2753095802261585,0.06898655320896688,0.08375242128565756,0.1257936507936508,0.7777777777777778,0.75,24.44220186670399,Low Priority,806.9842387907983,Low,Low
10475,1970,Master,Together,51381.5,0,1,2013-04-01,39,187,5,65,26,20,14,2,4,2,6,5,0,0,0,0,0,0,0,56,1,317,4862,12,24.384615384615383,1,Loyal Customers,2031.2834666666683,0.08814592409477047,0.04778675688829539,0.07467109616564602,0.12380952380952381,0.606060606060606,0.75,17.212137278594327,Low Priority,179.04935826776236,Low,Low
10420,1955,Master,Divorced,46390.0,0,1,2014-05-05,56,95,14,64,2,9,38,1,4,2,3,7,0,0,0,0,0,0,0,71,1,222,4463,9,22.2,2,Dormant Customers,869.9675333333333,0.24826936894433205,0.020428686884879105,0.06716435867512062,0.08611111111111111,0.43434343434343425,0.5,17.19596910001138,Low Priority,215.98629050272382,Low,Low
7514,1956,2n Cycle,Together,54342.0,1,1,2013-07-03,74,84,10,34,11,10,28,4,3,1,4,6,0,0,0,0,0,0,0,70,2,177,4769,8,19.666666666666668,2,Dormant Customers,394.3574000000016,0.24654711145674074,0.009224349676898473,0.07912340435771262,0.06825396825396826,0.2525252525252525,0.5,15.75081366402209,Low Priority,97.22767785159088,Low,Low
2902,1958,Graduation,Together,51381.5,1,1,2012-09-03,87,19,4,12,2,2,6,1,1,0,3,5,0,0,0,0,0,0,0,68,2,45,5072,4,9.0,2,Dormant Customers,20.354433333333326,0.0007304528418757545,0.0004136556617194315,0.07467109616564602,0.015873015873015872,0.1212121212121211,0.5,6.6251900609201595,Low Priority,0.014867953673103914,Low,Low
4345,1964,2n Cycle,Single,51381.5,1,1,2014-01-12,49,5,1,9,2,0,4,1,1,0,2,7,0,0,0,0,0,0,0,62,2,21,4576,3,5.25,2,Dormant Customers,33.33433333333327,0.006822890457620682,0.0007194337903446718,0.07467109616564602,0.006349206349206349,0.505050505050505,0.5,8.593471309586041,Low Priority,0.22743650481114658,Low,Low
793,1973,Graduation,Married,20895.0,1,0,2012-10-06,24,18,3,17,3,0,4,1,2,0,3,9,0,0,0,0,0,0,0,53,1,45,5039,5,7.5,0,Low-Value Customers,180.90546666666668,0.21851608299344905,0.004195887768400951,0.02882232274985863,0.015873015873015872,0.7575757575757576,0.25,13.495556376328114,Low Priority,39.53075396810197,Low,Low
10909,1948,Graduation,Married,92344.0,0,0,2014-01-15,9,992,24,694,51,19,119,0,5,10,5,1,1,0,1,0,0,0,0,78,0,1899,4573,20,90.42857142857144,3,Premium VIP Customers,31747.12386666663,0.5869417342340888,0.7478271322408281,0.13627476930110566,0.7515873015873016,0.9090909090909091,1.0,67.22507775652262,Cross-Sell Campaign,18633.711939245743,High,Medium
3769,1972,PhD,Together,51381.5,1,0,2014-03-02,17,25,1,13,0,0,3,1,1,0,3,7,0,0,0,0,0,0,0,54,1,42,4527,4,8.4,0,Low-Value Customers,138.7476666666667,0.05651120306645662,0.003202741966741678,0.07467109616564602,0.014682539682539682,0.8282828282828283,0.25,9.399781549304647,Low Priority,7.840797565997036,Low,Low
8702,1976,2n Cycle,Together,26907.0,1,1,2013-08-20,10,9,1,7,0,3,2,2,1,0,3,7,0,0,0,0,0,0,0,50,2,22,4721,4,4.4,0,Low-Value Customers,93.31960000000029,0.02499560690687943,0.002132555816432664,0.03786379441028911,0.006746031746031746,0.898989898989899,0.25,8.288622796942226,Low Priority,2.332580038307233,Low,Low
4791,1980,Graduation,Together,44964.0,1,1,2012-12-16,35,19,1,17,2,0,2,1,1,0,3,8,0,0,0,0,0,0,0,46,2,41,4968,4,8.2,0,Low-Value Customers,103.622533333333,0.03169077143995896,0.00237527045013686,0.06501979137841837,0.014285714285714287,0.6464646464646464,0.25,7.618788117096005,Low Priority,3.2838780198961843,Low,Low
2963,1979,Graduation,Together,75507.0,0,0,2014-05-02,56,709,93,374,104,80,80,1,8,6,6,3,0,0,0,0,0,0,0,47,0,1440,4466,20,68.57142857142857,3,Premium VIP Customers,12897.058366666659,0.4476336805062177,0.30376071007631056,0.11095353537784088,0.5694444444444444,0.43434343434343425,1.0,44.36475090963808,Email Nurture Campaign,5773.157704374506,Medium,Low
8216,1972,Master,Married,53761.0,1,1,2013-10-11,7,158,0,76,13,7,71,6,4,4,3,5,0,0,0,0,0,0,0,54,2,325,4669,11,27.08333333333333,0,Low-Value Customers,4790.906100000002,0.30989006250449896,0.11279744607176584,0.0782496360551993,0.126984126984127,0.9292929292929293,0.25,22.51434816906649,Low Priority,1484.6541907821859,Low,Low
8140,1973,Graduation,Together,22682.0,1,0,2013-10-03,51,10,14,29,4,2,36,3,2,1,4,4,0,0,0,0,0,0,0,53,1,95,4677,7,11.875,0,Low-Value Customers,301.5720666666671,0.12010750138668064,0.007038529632789022,0.03150979943934454,0.03571428571428571,0.48484848484848475,0.25,9.589435634934246,Low Priority,36.221067415350866,Low,Low
10146,1972,PhD,Together,38887.0,1,0,2014-03-02,17,25,1,13,0,0,3,1,1,0,3,7,0,0,0,0,0,0,0,54,1,42,4527,4,8.4,0,Low-Value Customers,138.34326666666664,0.06042413430064769,0.0031932151849316435,0.05588056594920413,0.014682539682539682,0.8282828282828283,0.25,9.328978380711659,Low Priority,8.359272124656982,Low,Low
5289,1975,2n Cycle,Single,41658.0,1,1,2012-11-09,30,8,4,12,15,4,29,2,1,1,2,4,0,0,0,0,0,0,0,51,2,72,5005,4,14.4,0,Low-Value Customers,171.94549999999944,0.25241608421922146,0.003984810499710279,0.0600478843076627,0.026587301587301587,0.696969696969697,0.25,14.676163693302588,Low Priority,43.401809809116,Low,Low
2587,1972,PhD,Married,29791.0,1,0,2014-05-15,21,14,0,6,0,0,0,2,2,0,3,5,0,0,0,0,0,0,0,54,1,20,4453,5,3.333333333333333,0,Low-Value Customers,170.01189999999994,0.054517222552494915,0.0039392591018174135,0.042201053936017904,0.005952380952380952,0.7878787878787878,0.25,8.704384642669202,Low Priority,9.268576588872508,Low,Low
4405,1956,Master,Married,63915.0,0,2,2013-07-30,2,622,7,115,30,0,15,2,6,3,12,5,0,0,0,0,0,0,0,70,2,789,4742,21,35.86363636363637,1,Loyal Customers,17128.706566666726,0.11720777069201675,0.4034491104181,0.09352027864335816,0.3111111111111111,0.9797979797979798,0.75,33.620565785393644,Low Priority,2007.6175115167152,Low,Low
8663,1974,Graduation,Divorced,39996.0,1,1,2014-05-22,85,11,0,3,0,0,1,1,1,0,2,6,0,0,0,0,0,0,0,52,2,15,4446,3,3.75,2,Dormant Customers,8.250199999999992,0.010508217631384405,0.00012850632951271677,0.05754839563506864,0.003968253968253968,0.14141414141414133,0.5,6.661180191772116,Low Priority,0.08669489710244754,Low,Low
2589,1972,Graduation,Divorced,26759.0,1,0,2014-02-07,65,25,3,16,8,5,2,2,2,1,3,6,0,0,0,0,0,0,0,54,1,59,4550,6,8.428571428571429,2,Dormant Customers,142.13946666666718,0.1710882707141526,0.0032826453756023962,0.03764121659828916,0.02142857142857143,0.3434343434343434,0.5,12.64613993727583,Low Priority,24.318395552232026,Low,Low
3421,1968,Master,Divorced,63841.0,0,1,2013-04-21,64,635,15,100,20,7,131,1,9,3,9,6,0,0,0,0,0,0,0,58,1,908,4842,21,41.27272727272727,1,Loyal Customers,6975.824199999985,0.10446599961924963,0.16426935015557334,0.09340898973735819,0.35833333333333334,0.3535353535353535,0.75,23.63882715829504,Low Priority,728.7364482211507,Low,Low
10490,1969,PhD,Married,51039.0,1,1,2012-12-10,11,100,64,79,65,0,109,2,6,2,4,7,0,0,0,0,0,0,0,57,2,417,4974,12,32.07692307692308,1,Loyal Customers,3869.5969000000173,0.437660416966373,0.09109341113611813,0.07415600899936234,0.1634920634920635,0.8888888888888888,0.75,31.001000329893756,Low Priority,1693.569392745792,Low,Low
4094,1961,Graduation,Married,60544.0,1,1,2012-08-25,92,201,2,43,3,5,35,4,5,1,5,6,0,0,0,0,0,0,0,65,2,289,5081,11,24.08333333333333,2,Dormant Customers,328.73596666666816,0.11113672889158566,0.007678451859321084,0.08845061780381872,0.11269841269841269,0.07070707070707061,0.5,11.492973144576931,Low Priority,36.53464000434684,Low,Low
9958,1972,Graduation,Married,65685.0,0,1,2014-03-29,54,642,14,49,0,7,57,1,9,2,9,5,0,0,0,0,0,0,0,54,1,769,4500,20,36.61904761904762,1,Loyal Customers,6901.0870000000305,0.07678333951468402,0.16250870476118076,0.09618218896254677,0.3031746031746032,0.4545454545454545,0.75,22.460929538247733,Low Priority,529.8885061413746,Low,Low
2534,1953,Graduation,Married,37716.0,0,1,2014-04-21,4,97,1,41,6,2,41,2,4,1,3,7,0,0,0,0,0,0,0,73,1,188,4477,8,20.88888888888889,0,Low-Value Customers,1475.1561000000063,0.31491039194249376,0.034685609309607145,0.05411949420696127,0.07261904761904761,0.9595959595959596,0.25,19.416340491898154,Low Priority,464.5419856273625,Low,Low
4188,1957,Graduation,Single,36864.0,0,1,2012-08-13,53,204,5,39,17,0,89,3,5,2,4,8,0,0,0,0,0,0,1,69,1,354,5093,11,29.5,2,Dormant Customers,1468.2651333333308,0.6822343007436139,0.034523273167436946,0.05283816788382641,0.1384920634920635,0.46464646464646464,0.5,31.43172217178306,Low Priority,1001.700836545894,Low,Low
6613,1970,Master,Married,44511.0,1,0,2012-10-12,39,513,7,133,46,14,14,6,8,4,8,8,0,0,0,0,0,0,0,56,1,727,5033,20,34.61904761904762,1,Loyal Customers,9032.624833333328,0.3744936807244788,0.21272308621023336,0.0643385228052023,0.2865079365079365,0.606060606060606,0.75,33.087810314015464,Low Priority,3382.66092043833,Low,Low
10827,1967,PhD,Married,36947.0,1,1,2012-08-07,49,88,3,21,4,1,29,4,3,0,4,9,0,0,0,0,0,0,0,59,2,146,5099,7,18.25,2,Dormant Customers,482.27900000000074,0.23872683594221344,0.01129559077380498,0.0529629919270426,0.055952380952380955,0.505050505050505,0.5,16.39484096028922,Low Priority,115.13293971137493,Low,Low
5491,1951,Master,Together,47352.0,0,1,2013-04-11,70,172,12,112,8,0,15,4,6,1,5,7,0,0,0,0,0,0,0,75,1,319,4852,12,24.53846153846154,1,Loyal Customers,1179.5202333333361,0.2360818178227767,0.027721073214272373,0.0686111144531203,0.1246031746031746,0.2929292929292928,0.75,19.43389195933676,Low Priority,278.46328084407975,Low,Low
8402,1953,Master,Married,67087.0,0,1,2013-12-17,40,329,35,222,130,35,43,2,7,5,8,4,0,0,0,0,0,0,0,73,1,794,4602,20,37.80952380952381,1,Loyal Customers,10476.629566666667,0.11072902714628748,0.2467406876620673,0.09829066256000578,0.3130952380952381,0.5959595959595959,0.75,26.88322462107725,Low Priority,1160.0669996890313,Low,Low
8783,1950,Graduation,Married,57045.0,0,1,2012-09-08,40,296,13,104,11,13,17,3,4,2,9,3,0,0,0,0,0,0,0,76,1,454,5067,15,28.375,1,Loyal Customers,4573.74413333333,0.0982576429860672,0.10768158387129341,0.08318845723498201,0.17817460317460318,0.5959595959595959,0.75,20.162478405487665,Low Priority,449.4053181626857,Low,Low
10010,1953,PhD,Divorced,36957.0,1,1,2012-09-06,43,100,2,16,2,1,31,4,3,2,2,9,0,0,0,0,0,0,1,73,2,152,5069,7,19.0,2,Dormant Customers,550.7606666666671,0.8880925172600217,0.012908869449177737,0.05297803096839395,0.058333333333333334,0.5656565656565656,0.5,36.26310473924275,Low Priority,489.12642686780816,Low,Low
618,1977,PhD,Married,69389.0,0,1,2012-09-28,17,422,7,238,69,46,15,1,7,2,12,4,0,0,0,0,0,0,0,49,1,797,5047,21,36.22727272727273,1,Loyal Customers,13320.78229999997,0.08854560424718558,0.31374272160092836,0.10175264987908611,0.3142857142857143,0.8282828282828283,0.75,29.441876129934137,Low Priority,1179.4967177987119,Low,Low
9121,1972,Graduation,Married,80134.0,1,0,2013-05-20,40,1218,16,272,104,0,80,2,5,3,6,6,0,1,1,1,0,0,1,54,1,1690,4813,14,112.66666666666669,3,Premium VIP Customers,13955.786633333333,0.9618192954392932,0.32870203844586515,0.11791209981110964,0.6686507936507936,0.5959595959595959,1.0,62.90432089922573,Cross-Sell Campaign,13422.944866973772,Medium,Medium
361,1969,Master,Married,43142.0,1,1,2014-02-18,84,5,1,7,2,1,4,1,1,0,2,7,0,0,0,0,0,0,0,57,2,20,4539,3,5.0,2,Dormant Customers,14.200099999999972,0.009195952648432187,0.00026867299393288323,0.062279678044202744,0.005952380952380952,0.1515151515151515,0.5,6.753597021574451,Low Priority,0.13058344720300163,Low,Low
4310,1944,Graduation,Married,80589.0,0,0,2014-01-22,25,507,93,520,242,40,26,1,5,10,5,1,0,0,0,1,0,0,1,82,0,1428,4566,20,68.0,3,Premium VIP Customers,20538.464133333357,0.8796267774554424,0.4837755603754248,0.11859637619259598,0.5646825396825397,0.7474747474747474,1.0,64.2956457294638,Cross-Sell Campaign,18066.183019488206,High,Medium
2678,1990,Graduation,Single,34412.0,1,0,2013-02-13,62,52,12,50,4,36,55,3,5,0,3,9,0,0,0,0,0,0,0,36,1,209,4909,8,23.22222222222222,2,Dormant Customers,721.3718666666632,0.23046028516243625,0.016928097136487005,0.04915059494447586,0.08095238095238094,0.3737373737373737,0.5,15.996130001385039,Low Priority,166.24756610015814,Low,Low
6376,1979,Graduation,Single,57537.0,1,0,2013-06-10,83,191,56,139,51,8,100,4,4,3,8,4,0,0,0,0,0,0,0,47,1,545,4792,15,34.0625,1,Loyal Customers,1753.283733333332,0.09163951443901713,0.041237689621445583,0.08392837806946835,0.2142857142857143,0.16161616161616155,0.75,16.34796642487509,Low Priority,160.67006999649374,Low,Low
524,1966,Basic,Together,22634.0,0,0,2013-01-16,47,2,23,11,8,6,46,1,2,1,2,8,0,0,0,0,0,0,0,60,0,96,4937,5,16.0,0,Low-Value Customers,262.9071333333332,0.31223603539034966,0.006127668150182332,0.03143761204085807,0.036111111111111115,0.5252525252525252,0.25,15.533216519553836,Low Priority,82.08908098784201,Low,Low
10341,1948,Graduation,Together,51315.0,0,0,2014-02-23,45,68,28,39,16,30,41,1,2,2,5,2,0,0,0,0,0,0,0,78,0,222,4534,9,22.2,2,Dormant Customers,1123.7647333333346,0.04102570718660567,0.02640759526370533,0.07457108654065955,0.08611111111111111,0.5454545454545454,0.5,11.78764933285532,Low Priority,46.10324289636739,Low,Low
5654,1972,Graduation,Married,36026.0,2,1,2014-03-16,34,20,4,10,6,4,17,2,2,0,3,6,0,0,0,0,0,0,0,54,3,61,4513,5,10.166666666666666,0,Low-Value Customers,186.36146666666696,0.041097271331127117,0.004324419226253431,0.05157789621858344,0.022222222222222223,0.6565656565656566,0.25,7.994591295068868,Low Priority,7.6589477612668135,Low,Low
4098,1973,Graduation,Married,24639.0,1,1,2014-01-28,3,20,3,16,0,4,1,3,2,0,4,6,0,0,0,0,0,0,0,53,2,44,4560,6,6.285714285714286,0,Low-Value Customers,324.91886666666755,0.11063725346407602,0.007588529310243233,0.034452939831803364,0.015476190476190477,0.9696969696969697,0.25,11.471930587175319,Low Priority,35.94813100666042,Low,Low
5824,1972,PhD,Together,34578.0,2,1,2014-04-11,1,7,0,1,0,0,0,1,1,0,2,6,0,0,0,0,0,0,0,54,3,8,4487,3,2.0,0,Low-Value Customers,37.232600000000076,0.16785898214924583,0.0008112684490258276,0.04940024303090824,0.0011904761904761906,0.98989898989899,0.25,13.021462040609327,Low Priority,6.249826338770023,Low,Low
7000,1972,2n Cycle,Single,65704.0,0,0,2013-10-13,18,279,172,74,38,8,246,1,2,10,10,1,0,0,0,0,0,0,0,54,0,817,4667,22,35.52173913043478,3,Premium VIP Customers,16284.911966666663,0.1600965878340345,0.3835711503620053,0.09621076314111433,0.32222222222222224,0.8181818181818181,1.0,36.19638220153476,Low Priority,2607.158839040969,Low,Low
2561,1966,Graduation,Single,63810.0,0,1,2012-11-11,45,977,12,253,16,12,101,4,4,3,12,8,0,1,0,0,0,0,0,60,1,1371,5003,19,68.55,3,Premium VIP Customers,14242.647100000075,0.1406472981882341,0.3354598452605494,0.093362368709169,0.542063492063492,0.5454545454545454,1.0,36.075063098780305,Low Priority,2003.1898336634981,Low,Low
5229,1969,PhD,Together,54132.0,0,1,2014-02-16,81,30,1,8,0,0,3,1,1,0,3,7,0,0,0,0,0,0,0,57,1,42,4541,4,8.4,2,Dormant Customers,33.746133333333276,0.010140062904091232,0.0007291349000117629,0.07880758448933431,0.014682539682539682,0.18181818181818177,0.5,7.243480783345438,Low Priority,0.3421879147698494,Low,Low
4086,1959,Graduation,Married,18690.0,0,0,2012-12-28,77,6,1,7,23,4,19,1,1,1,2,8,0,0,0,0,0,0,0,67,0,60,4956,4,12.0,2,Dormant Customers,54.23653333333362,0.12759883095986618,0.0012118440246415949,0.025506214131886376,0.021825396825396824,0.2222222222222222,0.5,10.557874454346162,Low Priority,6.920518248649184,Low,Low
2428,1970,Graduation,Married,28164.0,1,0,2013-05-04,23,3,18,26,11,8,12,3,2,0,4,7,0,0,0,0,0,0,0,56,1,78,4829,6,11.142857142857142,0,Low-Value Customers,347.4506333333339,0.2236842765964975,0.00811932858034191,0.03975420190815357,0.02896825396825397,0.7676767676767676,0.25,14.124557822294365,Low Priority,77.7192435701617,Low,Low
8254,1974,PhD,Married,34596.0,1,0,2013-04-13,48,14,0,2,0,0,7,1,1,0,2,8,0,0,0,0,0,0,0,52,1,23,4850,3,5.75,0,Low-Value Customers,35.99759999999992,0.21316942368434952,0.0007821745431519595,0.04942731330534066,0.0071428571428571435,0.5151515151515151,0.25,12.095721512778884,Low Priority,7.673587646019723,Low,Low
2836,1972,PhD,Married,43269.0,1,0,2013-09-16,61,10,1,7,0,0,1,1,1,0,2,8,0,0,0,0,0,0,0,54,1,19,4694,3,4.75,2,Dormant Customers,21.71219999999992,0.1296655798377298,0.0004456416824470984,0.062470673869364876,0.005555555555555556,0.38383838383838376,0.5,11.530568636824208,Low Priority,2.815325002552747,Low,Low
8418,1958,2n Cycle,Single,38741.0,1,1,2014-03-30,60,7,10,17,8,6,13,2,2,0,3,7,0,0,0,0,0,0,0,68,2,61,4499,5,10.166666666666666,2,Dormant Customers,124.8779333333334,0.026985923194641718,0.0028760013059355247,0.055660995945474454,0.022222222222222223,0.3939393939393939,0.5,8.755497997502365,Low Priority,3.369946317638924,Low,Low
1362,1972,Graduation,Single,31907.0,0,0,2013-03-04,75,33,87,64,175,16,74,1,6,1,6,7,0,0,0,0,0,0,0,54,0,449,4890,13,32.07142857142857,2,Dormant Customers,1346.1200333333331,0.23253440662897984,0.031645801068365134,0.04538331508596316,0.1761904761904762,0.24242424242424232,0.5,17.234217736758335,Low Priority,313.0192232025492,Low,Low
7152,1983,Master,Married,27100.0,1,0,2013-04-05,64,12,0,13,2,0,10,1,1,0,3,7,0,0,0,0,0,0,0,43,1,37,4858,4,7.4,2,Dormant Customers,52.306133333333555,0.026125203160899453,0.0011663680117679836,0.038154047908370126,0.012698412698412698,0.3535353535353535,0.5,8.158440572416684,Low Priority,1.366508359894434,Low,Low
10033,1973,2n Cycle,Divorced,31163.0,1,0,2014-02-13,54,2,3,10,11,2,10,1,1,0,3,6,0,0,0,0,0,0,0,53,1,38,4544,4,7.6,0,Low-Value Customers,66.1287666666665,0.03036042051914718,0.001491999099321773,0.04426441040942286,0.013095238095238096,0.4545454545454545,0.25,6.367372536804142,Low Priority,2.0076971644125576,Low,Low
9349,1985,Graduation,Married,92533.0,0,0,2013-12-19,84,693,21,118,110,147,42,1,6,5,11,2,0,0,1,1,0,0,0,41,0,1131,4600,22,49.17391304347826,3,Premium VIP Customers,4511.291000000018,0.4683316676127053,0.10621032429013771,0.13655900718264616,0.44682539682539685,0.1515151515151515,1.0,36.06180653886846,Low Priority,2112.7804371161974,Low,Low
274,1973,Graduation,Single,34853.0,1,1,2013-12-23,75,9,3,15,2,3,2,2,2,0,3,6,0,0,0,0,0,0,0,53,2,34,4596,5,5.666666666666667,2,Dormant Customers,70.34893333333319,0.0195006056511031,0.0015914170197849481,0.04981381666807031,0.011507936507936509,0.24242424242424232,0.5,7.515639106547605,Low Priority,1.3718468069090723,Low,Low
3388,1967,Graduation,Divorced,70844.0,1,1,2013-10-30,16,129,26,67,3,67,2,5,6,1,5,7,0,0,0,0,0,0,0,59,2,294,4650,12,22.615384615384617,1,Loyal Customers,3846.6665000000094,0.34940419871448053,0.09055322093429602,0.10394083039570726,0.11468253968253969,0.8383838383838383,0.75,27.650288180577657,Low Priority,1344.0414261543385,Low,Low
922,1979,2n Cycle,Married,31086.0,1,1,2013-05-04,79,16,2,11,3,0,16,2,1,1,2,8,1,0,0,0,0,0,0,47,2,48,4829,4,9.6,2,Dormant Customers,43.71336666666659,0.24693744261207026,0.0009639411740383569,0.04414860979101748,0.017063492063492065,0.202020202020202,0.5,14.144581002546824,Low Priority,10.794466972630365,Low,Low
8588,1961,Graduation,Married,60544.0,1,1,2012-08-25,92,201,2,43,3,5,35,4,5,1,5,6,0,0,0,0,0,0,0,65,2,289,5081,11,24.08333333333333,2,Dormant Customers,328.73596666666816,0.11113672889158566,0.007678451859321084,0.08845061780381872,0.11269841269841269,0.07070707070707061,0.5,11.492973144576931,Low Priority,36.53464000434684,Low,Low
2518,1986,2n Cycle,Together,20491.0,0,0,2013-01-25,16,5,4,5,4,2,10,1,0,1,2,7,0,0,0,0,0,0,0,40,0,30,4928,3,7.5,0,Low-Value Customers,98.1683999999997,0.4691846106051352,0.002246782966878961,0.02821474547926417,0.00992063492063492,0.8383838383838383,0.25,21.26581797768178,Low Priority,46.05910252772902,Low,Low
574,1964,Graduation,Married,42523.0,0,0,2014-04-23,96,14,36,11,3,26,35,1,1,1,4,2,0,0,0,0,0,0,0,62,0,125,4475,6,17.857142857142858,2,Dormant Customers,32.81119999999999,0.017536066001586702,0.0007071099102155387,0.06134876138455431,0.047619047619047616,0.030303030303030276,0.5,7.026583757000476,Low Priority,0.5753793687912615,Low,Low
3220,1983,Graduation,Married,39922.0,1,0,2013-02-14,30,29,12,59,19,1,36,2,3,0,4,8,0,0,0,0,0,0,0,43,1,156,4908,7,19.5,0,Low-Value Customers,756.6058999999962,0.16719678166370422,0.017758134099528783,0.05743710672906866,0.05992063492063492,0.696969696969697,0.25,13.006676548845686,Low Priority,126.50207146776978,Low,Low
5967,1952,Graduation,Together,33402.0,1,1,2013-07-18,60,26,2,19,10,5,8,3,2,1,3,8,0,0,0,0,0,0,0,74,2,70,4754,6,10.0,2,Dormant Customers,199.62379999999996,0.23324007770871233,0.004636850868089711,0.047631651767989704,0.025793650793650792,0.3939393939393939,0.5,14.969226106585692,Low Priority,46.56027062450844,Low,Low
1183,1949,Master,Married,36408.0,1,1,2013-09-21,11,9,1,4,3,2,3,1,1,0,2,6,0,0,0,0,0,0,0,77,2,22,4689,3,5.5,0,Low-Value Customers,57.231533333333246,0.06913357753357752,0.0012823996911130225,0.05215238759820494,0.006746031746031746,0.8888888888888888,0.25,9.679638113357687,Low Priority,3.9566206470655203,Low,Low
6856,1979,Graduation,Together,21645.0,1,0,2012-09-03,75,14,0,23,4,5,19,3,3,0,3,9,0,0,0,0,0,0,1,47,1,65,5072,6,9.285714285714286,2,Dormant Customers,100.01889999999975,0.726823725843402,0.002290376710052716,0.02995025085120974,0.023809523809523808,0.24242424242424232,0.5,28.742189654379814,Low Priority,72.69610955275846,Low,Low
4530,1948,Master,Widow,78427.0,0,0,2012-10-24,36,972,19,595,180,26,138,3,3,7,10,3,0,0,0,1,0,0,1,78,0,1930,5021,20,91.9047619047619,3,Premium VIP Customers,21603.213433333327,0.8819889627747237,0.5088587311555561,0.11534493545243452,0.763888888888889,0.6363636363636364,1.0,67.51903168758426,Cross-Sell Campaign,19053.79580866664,High,Medium
1553,1946,Graduation,Together,82657.0,0,0,2013-09-27,71,966,168,672,246,105,126,1,7,5,10,4,0,1,0,1,0,0,0,80,0,2283,4683,22,99.2608695652174,3,Premium VIP Customers,9803.39516666667,0.5699954092858569,0.23088075384453896,0.12170644994405476,0.903968253968254,0.28282828282828276,1.0,50.21701461701764,Email Nurture Campaign,5587.89024041516,Medium,Low
4682,1958,Graduation,Married,51876.0,0,0,2013-10-15,88,99,27,102,28,48,6,1,2,2,8,1,0,0,0,0,0,0,0,68,0,310,4665,12,23.846153846153847,2,Dormant Customers,721.154399999998,0.02653399659332277,0.016922974096219266,0.07541477676047018,0.12103174603174602,0.11111111111111105,0.5,9.428888634322709,Low Priority,19.13510839285967,Low,Low
8204,1971,2n Cycle,Married,78041.0,0,0,2012-12-16,93,482,35,553,72,160,17,1,4,4,9,2,0,0,0,0,0,0,0,55,0,1319,4968,17,73.27777777777777,3,Premium VIP Customers,1584.3050666666604,0.1381099045998312,0.03725692085813282,0.11476442845627248,0.5214285714285715,0.06060606060606055,1.0,24.533107922760518,Low Priority,218.80822161436166,Low,Low
5221,1957,Graduation,Married,52852.0,0,1,2012-12-01,93,714,8,99,11,0,47,4,10,7,5,8,1,0,0,0,0,0,0,69,1,879,4983,22,38.21739130434783,1,Loyal Customers,1385.7426666666615,0.28885493329494877,0.03257922387376959,0.07688258719636175,0.3468253968253968,0.06060606060606055,0.75,23.417261842436425,Low Priority,400.27860554396295,Low,Low
1232,1982,PhD,Together,70038.0,0,0,2013-10-25,54,587,54,348,71,54,130,1,4,4,8,2,0,0,0,0,0,0,0,44,0,1244,4655,16,73.17647058823529,3,Premium VIP Customers,9172.987599999993,0.221058152471299,0.21602972679452093,0.1027286836627886,0.4916666666666667,0.4545454545454545,1.0,33.78765048732975,Low Priority,2027.7636914981335,Low,Low
1927,1973,2n Cycle,Together,69401.0,0,1,2014-03-23,41,399,27,159,58,8,39,4,4,4,5,2,0,0,0,0,0,0,0,53,1,690,4506,13,49.285714285714285,1,Loyal Customers,6935.133000000023,0.12682669297608848,0.16331075425055838,0.10177069672870773,0.27182539682539686,0.5858585858585859,0.75,24.228504265760364,Low Priority,879.5599837393423,Low,Low
5788,1972,Graduation,Together,46053.0,1,0,2013-02-17,46,56,10,92,19,7,25,3,3,2,4,5,0,0,0,0,0,0,0,54,1,209,4905,9,20.9,0,Low-Value Customers,947.478099999998,0.15442392851877706,0.022254666747899214,0.06665754298158018,0.08095238095238094,0.5353535353535352,0.25,12.35798667886948,Low Priority,146.31329038750638,Low,Low
6652,1965,Graduation,Married,77343.0,0,0,2014-06-09,28,227,151,573,98,54,31,1,3,4,9,1,0,0,0,0,0,0,0,61,0,1134,4428,16,66.70588235294117,3,Premium VIP Customers,13297.003733333375,0.22388744483935166,0.31318255044269894,0.11371470336994838,0.44801587301587303,0.7171717171717171,1.0,37.55534357325769,Low Priority,2977.032189875329,Low,Low
6246,1953,Graduation,Single,73892.0,0,0,2013-11-13,40,703,102,601,0,58,43,1,3,11,8,1,0,0,0,0,0,0,1,73,0,1507,4636,22,65.52173913043478,3,Premium VIP Customers,15556.685766666646,0.8610431019161614,0.3664157296999142,0.10852473019959816,0.596031746031746,0.5959595959595959,1.0,59.82928642075242,Email Nurture Campaign,13394.976968065646,Medium,Medium
5975,1967,PhD,Single,40304.0,1,0,2013-09-30,82,37,0,17,0,0,3,1,2,0,3,7,0,0,0,0,0,0,0,59,1,57,4680,5,9.5,2,Dormant Customers,53.515399999999765,0.0755463927057688,0.0011948556964452212,0.05801159810869016,0.020634920634920634,0.1717171717171716,0.5,9.05046310126299,Low Priority,4.042895424206281,Low,Low
6875,1965,PhD,Together,32727.0,0,0,2012-08-28,38,167,13,180,86,13,70,2,7,3,5,8,0,0,0,0,0,0,0,61,0,529,5078,15,33.0625,1,Loyal Customers,5427.409200000002,0.39436739181673014,0.1277920705898411,0.04661651647677371,0.20793650793650795,0.6161616161616161,0.75,29.83080473682057,Low Priority,2140.3932105261265,Low,Low
4399,1969,Graduation,Together,68695.0,0,0,2014-06-25,3,458,81,356,106,50,40,1,4,4,7,2,0,0,0,0,0,0,0,57,0,1091,4412,15,68.1875,1,Loyal Customers,17334.723399999937,0.3684966329358914,0.40830241759010655,0.10070894040930255,0.430952380952381,0.9696969696969697,0.75,43.123831482643524,Email Nurture Campaign,6387.787205774985,Medium,Low
4042,1971,Graduation,Divorced,43300.0,0,1,2012-10-13,87,91,3,52,2,1,31,3,4,0,4,8,0,0,0,0,0,0,1,55,1,180,5032,8,20.0,2,Dormant Customers,289.1700666666666,0.692910989476451,0.006746365567487255,0.06251729489755405,0.06944444444444445,0.1212121212121211,0.5,28.26262087302096,Low Priority,200.3691170209713,Low,Low
2157,1972,Graduation,Together,26290.0,1,1,2013-01-12,49,15,8,16,11,5,22,4,2,0,4,6,0,0,0,0,0,0,0,54,2,77,4941,6,11.0,0,Low-Value Customers,225.71650000000048,0.12926872391918046,0.005251537959421694,0.03693588555891093,0.02857142857142857,0.505050505050505,0.25,9.858790665771128,Low Priority,29.178083922503756,Low,Low
10133,1970,Graduation,Single,93790.0,0,0,2014-02-12,16,1302,68,731,89,114,45,0,6,7,12,2,0,1,1,1,0,0,1,56,0,2349,4545,25,90.34615384615384,3,Premium VIP Customers,42451.547433333326,0.9140914072165823,1.0,0.1384494146805106,0.9301587301587302,0.8383838383838383,1.0,86.95153650760271,Premium Loyalty Campaign,38804.594731857156,High,Critical
2525,1974,PhD,Married,38410.0,0,0,2012-09-14,65,153,64,123,116,64,14,2,5,2,9,6,0,0,0,0,0,0,1,52,0,534,5061,16,31.41176470588235,1,Loyal Customers,3647.153400000008,0.653761728762789,0.08585312753186448,0.05516320367674483,0.20992063492063492,0.3434343434343434,0.75,35.10605896658829,Low Priority,2384.369311847089,Low,Low
8233,1950,Master,Widow,64866.0,0,1,2014-01-26,9,508,5,21,7,5,10,4,7,3,7,5,0,1,0,0,0,0,0,76,1,556,4562,17,30.88888888888889,1,Loyal Customers,12968.382933333325,0.277430797392115,0.3054409612739577,0.09495049147587135,0.21865079365079365,0.9090909090909091,0.75,33.76087412495735,Low Priority,3597.82881808096,Low,Low
9483,1959,Graduation,Together,57957.0,0,1,2013-08-19,24,290,59,177,77,5,29,7,4,6,8,3,0,0,0,0,0,1,0,67,1,637,4722,18,33.526315789473685,1,Loyal Customers,10380.165533333344,0.16764964642265803,0.24446820547096365,0.08456001780622496,0.2507936507936508,0.7575757575757576,0.75,28.25891928465445,Low Priority,1740.2310814719967,Low,Low
2945,1955,PhD,Together,46015.0,1,1,2014-04-13,25,38,0,2,0,0,6,1,1,0,3,7,1,0,0,0,1,0,0,71,2,46,4485,4,9.2,0,Low-Value Customers,126.87626666666661,0.007163242530941389,0.002923077679947348,0.06660039462444506,0.01626984126984127,0.7474747474747474,0.25,7.450014908992469,Low Priority,0.9088454695537276,Low,Low
10403,1978,Graduation,Together,16531.0,1,0,2014-06-18,43,2,13,6,7,5,11,3,3,0,3,7,0,0,0,0,0,0,0,48,1,44,4419,6,6.285714285714286,0,Low-Value Customers,162.01636666666727,0.08399372526904116,0.0037509017785693757,0.022259285104130323,0.015476190476190477,0.5656565656565656,0.25,8.415357347895306,Low Priority,13.608358190888287,Low,Low
5074,1986,Master,Married,28072.0,1,0,2013-07-08,10,30,0,10,2,0,5,1,1,0,3,7,0,0,0,0,0,0,0,40,1,47,4764,4,9.4,0,Low-Value Customers,151.354133333333,0.05691486221510155,0.0034997228206704225,0.039615842727721166,0.016666666666666666,0.898989898989899,0.25,9.453545473299867,Low Priority,8.614299644352757,Low,Low
10524,1963,Master,Divorced,49476.0,0,1,2013-06-20,29,386,23,95,54,41,196,4,2,11,5,2,0,0,0,0,0,0,0,63,1,795,4782,18,41.8421052631579,3,Premium VIP Customers,11354.565233333373,0.3293956902764119,0.26742293677081996,0.07180540683614664,0.3134920634920635,0.7070707070707071,1.0,36.860347367512915,Low Priority,3740.1448528223946,Low,Low
4690,1953,Graduation,Married,50725.0,0,1,2013-02-13,45,443,10,75,0,10,48,4,8,1,8,8,0,0,0,0,0,0,0,73,1,586,4909,17,32.55555555555556,1,Loyal Customers,6008.824533333351,0.27153881497850846,0.14148894749803703,0.07368378310093002,0.23055555555555557,0.5454545454545454,0.75,26.813276765911727,Low Priority,1631.629093195127,Low,Low
7521,1952,Graduation,Together,83844.0,0,0,2013-05-12,57,901,31,345,75,31,191,1,4,4,11,1,0,0,1,0,0,0,0,74,0,1574,4821,19,78.7,3,Premium VIP Customers,12716.524700000049,0.26331458903541366,0.2995077307199851,0.12349158415245978,0.6226190476190476,0.4242424242424242,1.0,39.580083269684394,Low Priority,3348.4464753392,Low,Low
7196,1950,PhD,Married,41145.0,1,1,2014-02-08,20,9,0,3,0,0,1,1,0,0,3,3,0,0,0,0,0,0,0,76,2,13,4549,3,3.25,0,Low-Value Customers,34.79250000000003,0.008076955602536998,0.0007537850160518859,0.059276381486338535,0.0031746031746031746,0.797979797979798,0.25,7.395204070939091,Low Priority,0.2810174778012688,Low,Low
4406,1970,Graduation,Together,67419.0,0,1,2013-01-16,29,846,84,352,91,56,42,4,9,4,8,5,0,0,0,0,0,0,0,56,1,1471,4937,21,66.86363636363636,1,Loyal Customers,19205.613933333385,0.4250943520088234,0.4523765172476834,0.09878995873287053,0.5817460317460318,0.7070707070707071,0.75,47.07356967656792,Email Nurture Campaign,8164.198009921985,Medium,Low
9672,1970,2n Cycle,Married,23162.0,1,1,2013-12-21,82,8,3,9,19,4,22,3,1,1,3,6,0,0,0,0,0,0,0,56,2,65,4598,5,10.833333333333334,2,Dormant Customers,52.71399999999997,0.07629271198112662,0.001175976460682218,0.032231673424209246,0.023809523809523808,0.1717171717171716,0.5,8.862106103225074,Low Priority,4.021694019373107,Low,Low
4864,1977,Graduation,Married,34380.0,1,0,2013-05-02,68,72,7,58,13,1,24,4,4,1,3,8,0,0,0,0,0,0,0,49,1,175,4831,8,19.444444444444443,2,Dormant Customers,520.6205999999999,0.3177656934780799,0.012198835228423067,0.049102470012151546,0.06746031746031747,0.31313131313131304,0.5,17.967521888877933,Low Priority,165.435365997974,Low,Low
4706,1966,Graduation,Single,34704.0,0,1,2013-04-27,65,29,0,5,0,1,5,1,1,0,3,5,0,0,0,0,0,0,0,60,1,40,4836,4,8.0,2,Dormant Customers,55.56286666666664,0.002809091327604793,0.0012430895446070684,0.04958973495193522,0.013888888888888888,0.3434343434343434,0.5,7.542967826190759,Low Priority,0.1560811668901947,Low,Low
4070,1969,PhD,Married,94871.0,0,2,2012-09-01,99,169,24,553,188,0,144,1,8,5,4,7,0,1,1,0,0,0,1,57,2,1078,5074,17,59.888888888888886,3,Premium VIP Customers,286.9380333333331,0.8606323680511839,0.006693783731286986,0.14007513505059133,0.4257936507936508,0.0,1.0,43.8074406658848,Email Nurture Campaign,246.94815911161604,Low,Low
25,1958,Graduation,Married,65148.0,0,1,2012-11-16,9,460,35,422,33,12,153,2,6,6,7,4,0,0,0,0,0,0,0,68,1,1115,4998,19,55.75,1,Loyal Customers,18918.09293333328,0.23343891993929794,0.4456031497086045,0.09537459244197938,0.44047619047619047,0.9090909090909091,0.75,39.97760541645427,Low Priority,4416.219181668585,Low,Low
3697,1954,Graduation,Together,39898.0,0,1,2013-02-12,20,69,8,26,12,7,12,2,3,0,4,7,0,0,0,0,0,0,0,72,1,134,4910,7,16.75,0,Low-Value Customers,734.1789333333296,0.07817022934584776,0.017229803688811135,0.05740101302982543,0.05119047619047619,0.797979797979798,0.25,10.693767254094155,Low Priority,57.39093559955625,Low,Low
217,1956,Master,Single,64857.0,0,0,2012-11-23,78,556,14,717,210,0,43,1,7,5,10,4,0,0,0,0,0,0,0,70,0,1540,4991,22,66.95652173913044,3,Premium VIP Customers,7421.769800000025,0.4666332724049449,0.17477485567076784,0.09493695633865515,0.6091269841269842,0.21212121212121204,1.0,40.38912422816876,Email Nurture Campaign,3463.244728810205,Low,Low
4220,1970,PhD,Married,59892.0,0,1,2013-11-02,26,73,0,13,0,1,0,1,2,1,3,3,0,0,0,0,0,0,0,56,1,87,4647,6,12.428571428571429,0,Low-Value Customers,475.7157999999994,0.06510280414397607,0.011140976099285639,0.08747007230771081,0.03253968253968254,0.7373737373737373,0.25,9.836978055338886,Low Priority,30.97043255559485,Low,Low
5286,1987,Master,Single,41020.0,0,0,2013-10-28,68,112,1,54,7,7,36,1,3,2,4,3,0,0,0,0,0,0,0,39,0,217,4652,9,21.7,2,Dormant Customers,561.9134000000004,0.15772066184920258,0.013171603517061387,0.059088393469446686,0.08412698412698413,0.31313131313131304,0.5,13.545213223243714,Low Priority,88.62535334993576,Low,Low
9559,1961,PhD,Married,57072.0,0,1,2014-01-24,79,944,0,60,0,0,30,2,7,5,13,5,1,0,0,0,0,0,0,65,1,1034,4564,25,39.76923076923077,3,Premium VIP Customers,5589.241000000001,0.06794414953314341,0.1316044747652241,0.08322906264663066,0.4083333333333333,0.202020202020202,1.0,23.953850365518345,Low Priority,379.7562262807761,Low,Low
2849,1979,Graduation,Single,60474.0,0,1,2013-04-01,25,265,199,303,234,9,170,7,10,2,12,7,0,0,0,0,0,0,0,47,1,1180,4862,24,47.2,1,Loyal Customers,20807.91853333334,0.1496260396833568,0.49012331823040306,0.08834534451435927,0.4662698412698413,0.7474747474747474,0.75,38.30735553897775,Low Priority,3113.4064441965897,Low,Low
7787,1960,Graduation,Together,62807.0,0,1,2012-08-31,83,526,28,135,10,21,99,3,5,3,12,5,0,0,0,0,0,0,0,66,1,819,5075,20,39.0,1,Loyal Customers,2827.060299999987,0.05460352878621555,0.06653352311145451,0.09185395286162878,0.32301587301587303,0.16161616161616155,0.75,17.705969988865295,Low Priority,154.36746847141646,Low,Low
3102,1981,2n Cycle,Together,19414.0,1,0,2013-10-16,32,2,3,12,3,5,7,1,1,0,3,8,0,0,0,0,0,0,0,45,1,32,4664,4,6.4,0,Low-Value Customers,85.82763333333378,0.04948469344343187,0.0019560614253313477,0.02659504072572398,0.010714285714285714,0.6767676767676767,0.25,7.853725722872806,Low Priority,4.247154124475297,Low,Low
5868,1980,Graduation,Married,19107.0,1,0,2013-08-22,49,2,4,9,10,5,16,2,1,0,3,7,0,0,0,0,0,0,0,46,1,46,4719,4,9.2,0,Low-Value Customers,80.62746666666673,0.028800972331282895,0.0018335568427172433,0.026133342156237593,0.01626984126984127,0.505050505050505,0.25,6.449669441082524,Low Priority,2.3221494366081026,Low,Low
8370,1976,2n Cycle,Together,75484.0,0,1,2012-08-02,50,378,97,259,197,194,34,2,7,3,6,4,0,0,0,0,0,0,0,50,1,1159,5104,16,68.17647058823529,1,Loyal Customers,9165.882833333335,0.39639071454237573,0.2158623539907513,0.11091894558273277,0.4579365079365079,0.4949494949494949,0.75,36.320576605616225,Low Priority,3633.270845716696,Low,Low
9988,1976,Master,Single,70379.0,0,1,2013-03-03,84,553,25,142,65,67,8,3,6,3,13,4,0,0,0,0,0,0,0,50,1,860,4891,22,37.391304347826086,3,Premium VIP Customers,3218.092199999987,0.06620477984884164,0.0757453816477123,0.10324151497286957,0.3392857142857143,0.1515151515151515,1.0,21.137781466486786,Low Priority,213.0530856342736,Low,Low
2939,1970,Master,Together,79419.0,0,0,2014-06-22,96,751,127,687,20,15,31,1,4,6,4,2,0,0,0,0,0,0,0,56,0,1631,4415,14,108.73333333333332,3,Premium VIP Customers,1039.2587333333283,0.2837889210198668,0.02441681825174017,0.11683680835448824,0.6452380952380953,0.030303030303030276,1.0,30.244626841779677,Low Priority,294.93011459313874,Low,Low
5529,1946,PhD,Together,64014.0,2,1,2014-06-10,56,406,0,30,0,0,8,7,8,2,5,7,0,0,0,1,0,0,0,80,3,444,4427,15,27.75,1,Loyal Customers,3114.9717666666797,0.26161763743012884,0.07331608919340352,0.0936691651527365,0.17420634920634923,0.43434343434343425,0.75,23.269515860045747,Low Priority,814.9315542568913,Low,Low
9743,1955,Graduation,Married,76998.0,0,1,2013-01-11,85,1449,89,161,69,35,107,2,11,8,8,6,0,0,1,0,0,0,0,71,1,1910,4942,27,68.21428571428571,3,Premium VIP Customers,6938.828066666663,0.3122454259487175,0.16339780196051537,0.11319585644332687,0.7559523809523809,0.14141414141414133,1.0,37.447611823066666,Low Priority,2166.6173252612484,Low,Low
5763,1972,Master,Together,49854.0,1,0,2013-11-10,63,123,17,171,39,0,30,5,6,2,5,6,0,0,0,0,0,0,0,54,1,380,4639,13,27.142857142857142,1,Loyal Customers,1895.3694333333344,0.24357411814355476,0.044584918756524296,0.0723738825992276,0.1488095238095238,0.36363636363636354,0.75,20.918834608319326,Low Priority,461.66293828041603,Low,Low
3478,1971,PhD,Married,60585.0,1,1,2013-06-24,17,267,42,309,55,42,21,10,7,4,9,5,0,0,0,0,0,0,1,55,2,736,4778,20,35.04761904761905,1,Loyal Customers,12937.189200000033,0.76883699897682,0.30470610496508865,0.08851227787335925,0.2900793650793651,0.8282828282828283,0.75,49.084020514595466,Email Nurture Campaign,9946.589719723352,Medium,Low
7494,1950,PhD,Divorced,42873.0,1,1,2013-01-21,11,209,0,40,3,2,15,4,6,1,4,8,0,0,0,0,0,0,0,76,2,269,4932,11,22.416666666666668,1,Loyal Customers,3253.9949333333375,0.7084782707942098,0.07659117172399972,0.06187512783185149,0.10476190476190475,0.8888888888888888,0.75,37.68670756973781,Low Priority,2305.3847035411227,Low,Low
1763,1988,Graduation,Together,87679.0,0,0,2013-07-27,62,1259,172,815,97,148,33,1,7,11,10,4,1,0,1,1,0,0,1,38,0,2524,4745,28,87.03448275862068,3,Premium VIP Customers,22395.116300000078,0.9476660369334644,0.5275142351750265,0.12925905651070177,0.9996031746031746,0.3737373737373737,1.0,72.41073321609622,Cross-Sell Campaign,21223.091110685105,High,High
7250,1978,Graduation,Together,57867.0,1,0,2013-10-01,48,344,35,178,15,23,17,7,7,2,9,6,0,0,0,0,0,0,0,48,1,612,4679,18,32.21052631578947,1,Loyal Customers,6226.157033333345,0.18982800159734173,0.1466088270918277,0.08442466643406282,0.24087301587301588,0.5151515151515151,0.75,24.626204338868526,Low Priority,1181.8989472689027,Low,Low
2005,1990,Graduation,Married,35765.0,1,0,2013-12-11,86,22,3,30,0,5,15,2,2,0,4,6,0,0,0,0,0,0,0,36,1,75,4608,6,10.714285714285714,2,Dormant Customers,67.07583333333334,0.06581227259751515,0.0015143099239827284,0.051185377239313254,0.027777777777777776,0.13131313131313127,0.5,8.604883571270392,Low Priority,4.414413028038827,Low,Low
10770,1959,Graduation,Married,65492.0,0,0,2014-01-26,73,247,161,295,210,85,47,2,4,7,13,2,0,0,0,0,0,0,0,67,0,1045,4562,24,41.8,3,Premium VIP Customers,6690.241766666692,0.1304609785175672,0.15754165101822273,0.09589193546446576,0.41269841269841273,0.26262626262626254,1.0,27.102605744325857,Low Priority,872.815487398434,Low,Low
6885,1977,Graduation,Divorced,32952.0,1,0,2013-12-01,36,38,0,12,3,1,1,1,2,0,3,7,0,0,0,0,0,0,0,49,1,55,4618,5,9.166666666666666,0,Low-Value Customers,175.9641999999998,0.03035354611399957,0.004079482305002029,0.04695489490717904,0.01984126984126984,0.6363636363636364,0.25,7.481977031079068,Low Priority,5.341137459113037,Low,Low
2072,1969,PhD,Together,53374.0,0,1,2012-08-16,34,896,10,101,13,10,34,6,4,2,9,9,1,0,0,0,0,0,1,57,1,1064,5090,15,66.5,1,Loyal Customers,9217.035266666695,0.7034173056566169,0.21706739373214393,0.07766762515490212,0.42023809523809524,0.6565656565656566,0.75,45.47761694461155,Email Nurture Campaign,6483.422113420704,Medium,Low
9463,1959,Graduation,Together,71706.0,0,1,2012-11-13,16,931,56,253,91,98,14,4,9,5,7,5,0,0,0,0,0,0,0,67,1,1443,5001,21,65.5909090909091,1,Loyal Customers,23897.661166666567,0.4033157679696445,0.5629109144641383,0.10523719576019346,0.5706349206349206,0.8383838383838383,0.75,50.290615432058416,Email Nurture Campaign,9638.303566112478,Medium,Low
6318,1988,Graduation,Married,68487.0,0,0,2013-01-13,48,758,12,385,33,89,89,1,9,7,13,4,0,0,0,0,0,0,0,38,0,1366,4940,29,45.53333333333333,3,Premium VIP Customers,20211.11660000001,0.20597853893181983,0.47606396659174693,0.10039612834919451,0.540079365079365,0.5151515151515151,1.0,42.14218450114699,Email Nurture Campaign,4163.056267448652,Low,Low
4093,1975,Master,Together,53253.0,1,1,2013-02-11,61,216,9,57,20,9,125,7,4,3,5,5,0,0,0,0,0,0,0,51,2,436,4911,12,33.53846153846154,2,Dormant Customers,2432.389999999992,0.1401393825917387,0.05723595180828875,0.07748565275455081,0.17103174603174603,0.38383838383838376,0.5,16.180784669214443,Low Priority,340.8736328223182,Low,Low
5751,1973,2n Cycle,Divorced,31163.0,1,0,2014-02-13,54,2,3,10,11,2,10,1,1,0,3,6,0,0,0,0,0,0,0,53,1,38,4544,4,7.6,0,Low-Value Customers,66.1287666666665,0.03036042051914718,0.001491999099321773,0.04426441040942286,0.013095238095238096,0.4545454545454545,0.25,6.367372536804142,Low Priority,2.0076971644125576,Low,Low
3340,1977,Graduation,Married,42014.0,1,0,2012-08-17,56,244,15,108,4,15,50,6,7,1,6,8,0,0,0,0,0,0,1,49,1,436,5089,14,29.066666666666663,1,Loyal Customers,2890.843266666673,0.619222674758326,0.06803611066494147,0.06058327417977069,0.17103174603174603,0.43434343434343425,0.75,33.460789666689095,Low Priority,1790.0756998924342,Low,Low
3594,1973,Master,Married,54108.0,1,1,2012-11-05,74,539,6,91,8,6,97,13,8,2,9,8,0,0,0,0,0,0,0,53,2,747,5009,19,37.35,1,Loyal Customers,3424.364300000012,0.2572689536863547,0.08060470234553019,0.07877149079009108,0.29444444444444445,0.2525252525252525,0.75,24.103217518150384,Low Priority,880.9826205019095,Low,Low
3584,1955,PhD,Single,49667.0,0,0,2012-08-20,35,1181,26,120,17,13,39,2,5,10,5,8,1,0,0,0,0,0,1,71,0,1396,5086,20,66.47619047619048,3,Premium VIP Customers,14975.302366666676,0.929806652812071,0.35271960507139083,0.07209265252595738,0.551984126984127,0.6464646464646464,1.0,60.70879939884857,Cross-Sell Campaign,13924.135768399026,Medium,Medium
3643,1974,Master,Married,63206.0,0,0,2014-03-20,65,750,8,125,11,8,26,1,4,3,6,2,0,0,1,0,0,0,0,52,0,928,4509,13,66.28571428571429,1,Loyal Customers,4690.082266666659,0.08007641809859596,0.11042225650347233,0.09245401061154758,0.3662698412698413,0.3434343434343434,0.75,21.350719680396864,Low Priority,375.56498850241,Low,Low
851,1972,Master,Married,57136.0,1,1,2013-07-09,48,306,5,109,21,109,92,9,5,2,10,6,0,0,0,0,0,0,0,54,2,642,4763,17,35.666666666666664,1,Loyal Customers,6352.3558333333485,0.14337430481440794,0.14958179551983963,0.08332531251127928,0.25277777777777777,0.5151515151515151,0.75,23.48936037756446,Low Priority,910.7646015379179,Low,Low
7706,1975,2n Cycle,Together,46772.0,0,1,2012-11-07,88,350,104,189,197,151,57,6,11,8,5,8,1,0,0,0,0,0,0,51,1,1048,5007,24,41.92,3,Premium VIP Customers,3339.3925999999924,0.24653135410269938,0.07860295445747932,0.06773885005474212,0.4138888888888889,0.11111111111111105,1.0,27.19530664624167,Low Priority,823.2649795585321,Low,Low
3967,1971,PhD,Married,78931.0,0,0,2013-10-25,19,331,197,170,58,152,35,1,2,8,13,1,0,0,0,0,0,0,0,55,0,943,4655,23,39.29166666666666,3,Premium VIP Customers,19328.945433333294,0.2593469315530909,0.45528193834264685,0.11610290313654247,0.37222222222222223,0.8080808080808081,1.0,42.223632501974926,Email Nurture Campaign,5012.902688292119,Medium,Low
10128,1958,Graduation,Together,53977.0,0,1,2013-06-08,21,620,16,165,0,24,82,5,5,5,12,5,0,0,0,0,0,0,0,68,1,907,4794,22,39.43478260869565,1,Loyal Customers,15755.816466666714,0.12657786958478132,0.3711068145925448,0.07857447934838842,0.35793650793650794,0.7878787878787878,0.75,32.52472687724522,Low Priority,1994.3376819194893,Low,Low
486,1988,Graduation,Married,84219.0,0,0,2014-02-02,27,434,137,400,45,137,45,1,3,4,10,1,0,0,0,0,0,0,0,38,0,1198,4555,17,66.55555555555556,3,Premium VIP Customers,18347.444366666663,0.3180208547720776,0.43215991433560513,0.12405554820313533,0.4734126984126984,0.7272727272727273,1.0,44.48353266781595,Email Nurture Campaign,5834.869940370472,Medium,Low
9,1975,Master,Single,46098.0,1,1,2012-08-18,86,57,0,27,0,0,36,4,3,2,2,8,0,0,0,0,0,0,0,51,2,120,5088,7,15.0,2,Dormant Customers,122.28133333333264,0.7188905562274875,0.002814831074362975,0.06672521866766125,0.04563492063492063,0.13131313131313127,0.5,28.659503271821592,Low Priority,87.90689573623831,Low,Low
9451,1965,Graduation,Married,73538.0,0,1,2012-11-25,92,811,76,428,99,137,107,3,10,4,9,7,0,0,0,0,0,0,0,61,1,1658,4989,23,69.08333333333333,3,Premium VIP Customers,2501.0041333333234,0.29615937905365264,0.058852351109354925,0.10799234813576043,0.655952380952381,0.07070707070707061,1.0,31.9230964540689,Low Priority,740.6958311386157,Low,Low
9264,1986,Graduation,Married,79529.0,0,0,2014-04-27,1,423,42,706,73,197,197,1,4,8,9,2,0,0,0,0,0,0,0,40,0,1638,4471,21,74.45454545454545,3,Premium VIP Customers,29430.02326666662,0.6455490792924091,0.6932412968103219,0.11700223780935308,0.648015873015873,0.98989898989899,1.0,66.0034667059085,Cross-Sell Campaign,18998.524423350817,High,Medium
3865,1977,2n Cycle,Together,20981.0,0,0,2013-04-30,14,2,12,10,6,13,30,1,3,1,2,8,0,0,0,0,0,0,1,49,0,73,4833,6,10.428571428571429,0,Low-Value Customers,496.3946333333337,0.9300330545362799,0.011628124302185525,0.028951658505480225,0.026984126984126985,0.8585858585858586,0.25,35.73704314789996,Low Priority,461.663417094417,Low,Low
2853,1980,Graduation,Single,51766.0,1,0,2014-03-11,74,60,51,87,6,20,51,2,4,2,4,5,0,0,0,0,0,0,0,46,1,275,4518,10,25.0,2,Dormant Customers,705.2546666666663,0.1533202330918935,0.016548411063814814,0.07524934730560535,0.10714285714285715,0.2525252525252525,0.5,13.718321917496423,Low Priority,108.12980988247892,Low,Low
1490,1962,Graduation,Married,55759.0,0,1,2012-11-28,84,675,0,85,10,7,77,5,10,3,8,8,0,0,0,0,0,0,0,64,1,854,4986,21,38.81818181818182,1,Loyal Customers,2977.9336666666495,0.2589904749435168,0.07008777050309249,0.08125443651719864,0.33690476190476193,0.1515151515151515,0.75,23.996038914717452,Low Priority,771.2564546802839,Low,Low
6310,1978,Graduation,Married,33039.0,1,0,2013-09-09,4,30,8,12,8,8,12,1,2,0,4,5,0,0,0,0,0,0,0,48,1,78,4701,6,11.142857142857142,0,Low-Value Customers,434.0571999999993,0.10283010590339198,0.01015959036063222,0.047085734566935766,0.02896825396825397,0.9595959595959596,0.25,11.593051841093692,Low Priority,44.63414784412972,Low,Low
10380,1972,Master,Married,37787.0,1,0,2013-09-20,50,40,1,40,4,3,18,1,3,0,3,8,0,0,0,0,0,0,0,54,1,106,4690,6,15.142857142857142,0,Low-Value Customers,300.72920000000016,0.27358849180771805,0.007018673532817988,0.054226271400555845,0.04007936507936508,0.4949494949494949,0.25,14.536415625159588,Low Priority,82.27604827054165,Low,Low
3887,1970,Graduation,Single,27242.0,1,0,2012-11-11,2,3,17,26,20,1,39,2,2,0,3,9,0,0,0,0,0,0,1,56,1,106,5003,5,17.666666666666668,0,Low-Value Customers,423.0414666666649,0.9126713305135754,0.009900083713885968,0.03836760229555927,0.04007936507936508,0.9797979797979798,0.25,36.0609988249598,Low Priority,386.09781824507945,Low,Low
4278,1983,PhD,Single,87188.0,0,0,2013-06-03,73,910,111,724,49,74,55,1,10,2,6,3,0,0,0,0,0,0,1,43,0,1923,4799,18,101.21052631578948,3,Premium VIP Customers,7106.278933333349,0.9623009887193573,0.16734257908869157,0.1285206395803506,0.7611111111111111,0.26262626262626254,1.0,57.90431140984295,Email Nurture Campaign,6838.379243662222,Medium,Medium
8643,1971,Graduation,Together,69930.0,0,0,2013-05-26,21,252,98,827,219,70,196,1,4,5,12,3,0,0,0,0,0,0,0,55,0,1662,4807,21,75.54545454545455,3,Premium VIP Customers,24395.887800000026,0.45194213060188065,0.5746480470747101,0.10256626201619404,0.6575396825396825,0.7878787878787878,1.0,55.62585712794884,Email Nurture Campaign,11025.529510256438,Medium,Medium
1998,1976,Graduation,Single,37697.0,1,0,2014-02-07,82,34,6,21,11,4,8,1,2,1,3,6,0,0,0,0,0,0,0,50,1,84,4550,6,12.0,2,Dormant Customers,90.55086666666693,0.09207526918778873,0.0020673304990319902,0.05409092002839371,0.03134920634920635,0.1717171717171716,0.5,9.694011144712514,Low Priority,8.337495423520924,Low,Low
10795,1973,PhD,Married,37401.0,1,0,2014-05-06,14,19,3,19,3,1,3,2,2,0,3,7,0,0,0,0,0,0,0,53,1,48,4462,5,8.0,0,Low-Value Customers,234.46553333333392,0.15147488600199718,0.005457646098925585,0.05364576440439381,0.017063492063492065,0.8585858585858586,0.25,12.293315280953296,Low Priority,35.51563993306423,Low,Low
11110,1973,Graduation,Single,3502.0,1,0,2013-04-13,56,2,1,1,0,0,1,0,0,0,0,14,0,0,0,0,0,0,0,53,1,5,4850,0,5.0,0,Low-Value Customers,33.1075,0.08229116859737197,0.0007140900918434143,0.002664918127458883,0.0,0.43434343434343425,0.25,7.1885241136682225,Low Priority,2.7244548643374924,Low,Low
2408,1976,Graduation,Married,58597.0,1,1,2012-11-20,20,490,0,184,10,28,21,12,7,4,9,7,0,0,0,0,0,0,0,50,2,733,4994,20,34.904761904761905,1,Loyal Customers,12732.233600000005,0.4963142294938703,0.2998777981353541,0.08552251645271124,0.2888888888888889,0.797979797979798,0.75,40.56421831663617,Email Nurture Campaign,6319.188708919969,Medium,Low
202,1948,PhD,Widow,82032.0,0,0,2014-04-05,54,332,194,377,149,125,57,0,4,6,7,1,0,0,0,0,0,0,0,78,0,1234,4493,17,68.55555555555556,3,Premium VIP Customers,9771.95589999995,0.34305680463384214,0.2301401133059601,0.12076650985959551,0.4876984126984127,0.4545454545454545,1.0,37.99177609999348,Low Priority,3352.3359660768037,Low,Low
7998,1958,Graduation,Together,28087.0,1,1,2012-12-11,77,53,8,17,13,0,21,3,2,2,2,7,0,0,0,0,0,0,0,68,2,112,4973,6,16.0,2,Dormant Customers,135.60166666666652,0.24092192861217182,0.0031286290696735134,0.03963840128974819,0.04246031746031746,0.2222222222222222,0.5,14.465916616368713,Low Priority,32.66941505635815,Low,Low
830,1987,PhD,Single,74004.0,0,0,2014-02-24,5,784,48,560,42,176,48,1,4,6,4,3,0,0,1,1,0,0,1,39,0,1658,4533,14,110.53333333333332,3,Premium VIP Customers,22037.484033333385,0.9390164471236215,0.5190891991395143,0.10869316746273325,0.655952380952381,0.9494949494949495,1.0,69.41686152428187,Cross-Sell Campaign,20693.559960524253,High,Medium
3536,1960,Graduation,Together,19740.0,0,1,2013-03-24,65,7,11,3,10,4,20,2,1,1,3,5,0,0,0,0,0,0,0,66,1,55,4870,5,9.166666666666666,2,Dormant Customers,88.11840000000001,0.04431289597875047,0.0020100268907394235,0.027085313473777926,0.01984126984126984,0.3434343434343434,0.5,8.675331585613241,Low Priority,3.9047814930139255,Low,Low
6050,1975,2n Cycle,Married,57036.0,0,1,2012-12-11,33,1171,43,219,19,14,47,4,6,3,13,9,1,0,0,0,0,0,0,51,1,1513,4973,22,65.78260869565217,3,Premium VIP Customers,14936.640666666664,0.21415293622503814,0.35180881975906375,0.0831749220977658,0.5984126984126984,0.6666666666666666,1.0,40.120125710024524,Email Nurture Campaign,3198.725456104977,Low,Low
125,1958,2n Cycle,Together,53083.0,1,1,2013-05-15,65,215,7,33,3,0,13,6,5,1,5,7,0,1,0,0,0,0,0,68,2,271,4818,11,22.58333333333333,2,Dormant Customers,1182.5148666666648,0.23880505084957657,0.02779162024287691,0.0772299890515779,0.10555555555555557,0.3434343434343434,0.5,17.070705073794436,Low Priority,282.39052286471315,Low,Low
3463,1975,PhD,Married,69283.0,0,1,2014-06-14,41,674,62,134,0,26,8,4,7,3,13,5,0,0,0,0,0,0,0,51,1,904,4423,23,37.66666666666666,1,Loyal Customers,17513.334833333323,0.07827642697133658,0.4125101133224123,0.10159323604076181,0.35674603174603176,0.5858585858585859,0.75,31.520011974703493,Low Priority,1370.8812751059809,Low,Low
2804,1975,Master,Single,46098.0,1,1,2012-08-18,86,57,0,27,0,0,36,4,3,2,2,8,0,0,0,0,0,0,1,51,2,120,5088,7,15.0,2,Dormant Customers,122.28133333333264,0.7188905562274875,0.002814831074362975,0.06672521866766125,0.04563492063492063,0.13131313131313127,0.5,28.659503271821592,Low Priority,87.90689573623831,Low,Low
3745,1988,2n Cycle,Married,23331.0,1,0,2012-09-04,92,5,36,7,0,10,45,2,3,0,3,8,0,0,0,0,0,0,0,38,1,103,5071,6,14.714285714285714,2,Dormant Customers,51.50696666666672,0.2270809495818911,0.0011475413884663359,0.03248583322304703,0.03888888888888889,0.07070707070707061,0.5,13.108581748209877,Low Priority,11.69625090074949,Low,Low
9771,1988,2n Cycle,Single,23331.0,1,0,2012-10-05,97,104,20,101,24,15,5,6,5,1,5,9,0,0,0,0,0,0,0,38,1,269,5040,11,22.416666666666668,2,Dormant Customers,138.38996666666654,0.12591963374836676,0.003194315335056588,0.03248583322304703,0.10476190476190475,0.02020202020202011,0.5,10.870715477171842,Low Priority,17.426013917115334,Low,Low
451,1989,Graduation,Single,9255.0,1,0,2013-12-20,91,9,0,7,2,0,4,1,1,1,2,8,0,0,0,0,0,0,0,37,1,22,4599,4,4.4,2,Dormant Customers,12.349433333333366,0.1631135918959072,0.00022507532445604375,0.011316878616889445,0.006746031746031746,0.08080808080808077,0.5,10.518559683010672,Low Priority,2.0143604288790518,Low,Low
10530,1959,PhD,Widow,67786.0,0,0,2013-12-07,0,431,82,441,80,20,102,1,3,6,6,1,0,0,0,0,0,0,1,67,0,1156,4612,15,72.25,3,Premium VIP Customers,18108.269266666655,0.5012850113966076,0.42652547073497976,0.09934189155046501,0.45674603174603173,1.0,1.0,50.67892385564276,Email Nurture Campaign,9077.403965713835,Medium,Low
1079,1971,PhD,Married,71969.0,0,1,2012-10-16,59,1000,0,76,0,0,10,3,3,4,9,8,0,1,0,0,0,0,0,55,1,1086,5029,16,63.88235294117647,3,Premium VIP Customers,7829.381766666654,0.20303061261570035,0.18437730440862993,0.10563272254773391,0.428968253968254,0.404040404040404,1.0,31.13329056593308,Low Priority,1589.604176488525,Low,Low
8920,1967,Master,Single,59235.0,1,0,2013-01-12,4,448,40,469,80,0,91,3,11,2,12,7,0,0,0,0,0,0,0,59,1,1128,4941,25,43.38461538461539,1,Loyal Customers,23767.902700000002,0.324216414594298,0.5598540880547991,0.08648200729092724,0.44563492063492066,0.9595959595959596,0.75,46.369438759885796,Email Nurture Campaign,7705.944195820136,Medium,Low
6678,1989,Graduation,Together,31928.0,1,0,2014-03-28,5,33,4,24,4,2,5,2,3,0,4,7,0,0,0,0,0,0,0,37,1,72,4501,7,9.0,0,Low-Value Customers,530.2401999999995,0.09974430562091745,0.012425452019471015,0.04541489707280099,0.026587301587301587,0.9494949494949495,0.25,11.465525971223935,Low Priority,52.88844056129634,Low,Low
3852,1961,Master,Together,74881.0,1,1,2013-03-08,48,505,72,270,36,27,54,4,9,2,12,5,0,0,0,0,0,0,0,65,2,964,4886,23,40.16666666666666,1,Loyal Customers,11479.322866666624,0.05765541214500523,0.27036195445603756,0.11001209138924649,0.38055555555555554,0.5151515151515151,0.75,26.724732821014662,Low Priority,661.8450910232472,Low,Low
528,1978,Graduation,Married,65819.0,0,0,2012-11-29,99,267,38,701,149,165,63,1,5,4,10,3,0,0,0,0,0,0,0,48,0,1383,4985,19,69.15,3,Premium VIP Customers,377.95280000000093,0.15327374061154075,0.008837893087183156,0.09638371211665483,0.5468253968253969,0.0,1.0,24.02956708450922,Low Priority,57.93023943060568,Low,Low
73,1953,PhD,Single,51411.0,1,2,2013-05-26,81,14,0,3,0,0,1,1,0,0,3,5,0,0,0,0,0,0,0,73,3,18,4807,3,4.5,2,Dormant Customers,17.568966666666743,0.009263232272023606,0.0003480361434888367,0.07471546133763249,0.005158730158730159,0.18181818181818177,0.5,7.02196452731356,Low Priority,0.16274541901277437,Low,Low
5589,1964,Graduation,Divorced,51983.0,0,1,2012-08-31,95,631,0,115,10,7,30,3,9,2,10,7,0,0,0,0,0,0,0,62,1,793,5075,21,36.04545454545455,1,Loyal Customers,1462.9095000000027,0.14557684213554548,0.03439710612930352,0.0755756945029296,0.3126984126984127,0.04040404040404033,0.75,18.547471785471156,Low Priority,212.96574534009017,Low,Low
10212,1986,Master,Together,42386.0,1,0,2013-01-13,43,65,4,16,0,4,11,1,3,0,3,8,0,0,0,0,0,0,0,40,1,100,4940,6,14.285714285714286,0,Low-Value Customers,315.14333333333315,0.1367829465593459,0.007358239070027156,0.06114272651804083,0.037698412698412696,0.5656565656565656,0.25,10.829421852820618,Low Priority,43.10623372186743,Low,Low
6365,1987,2n Cycle,Married,30390.0,0,0,2013-09-02,5,10,12,12,25,1,20,1,2,0,3,6,0,0,0,0,0,0,0,39,0,80,4708,5,13.333333333333334,0,Low-Value Customers,341.24639999999994,0.13986468360487736,0.007973170377411134,0.043101892512963653,0.02976190476190476,0.9494949494949495,0.25,12.560057863501612,Low Priority,47.72831976730341,Low,Low
5636,1963,Graduation,Single,30983.0,0,0,2012-11-09,50,51,4,50,12,1,49,1,4,0,3,8,0,0,0,0,0,0,1,63,0,167,5005,7,20.875,2,Dormant Customers,622.3601333333336,0.6983552566880388,0.014595596691136352,0.043993707665098594,0.06428571428571428,0.4949494949494949,0.5,30.26749586705943,Low Priority,434.6284706664022,Low,Low
591,1957,Graduation,Widow,66033.0,0,1,2013-01-20,76,293,35,179,46,59,65,2,8,3,7,7,0,0,0,0,0,0,0,69,1,677,4933,18,35.63157894736842,1,Loyal Customers,3563.60436666667,0.17201409827900993,0.08388489456696369,0.09670554760157368,0.26666666666666666,0.23232323232323226,0.75,21.305641423011107,Low Priority,612.9901917553095,Low,Low
2217,1975,2n Cycle,Married,37284.0,1,1,2013-03-29,46,11,1,2,2,1,6,1,0,0,3,6,0,0,0,0,0,0,0,51,2,23,4865,3,5.75,0,Low-Value Customers,36.58080000000015,0.018008911274713876,0.000795913462913615,0.05346980762058303,0.0071428571428571435,0.5353535353535352,0.25,6.382753352245188,Low Priority,0.6587803815580561,Low,Low
2544,1951,Master,Divorced,57530.0,0,1,2013-10-12,68,50,1,27,6,7,1,1,1,1,4,1,0,0,0,0,0,0,0,75,1,92,4668,6,13.142857142857142,2,Dormant Customers,241.81599999999986,0.014510287237705368,0.005630807058706117,0.0839178507405224,0.034523809523809526,0.31313131313131304,0.5,8.526925044811277,Low Priority,3.508819618672959,Low,Low
7725,1965,2n Cycle,Married,76800.0,0,0,2014-03-08,33,173,26,255,35,71,81,1,4,4,7,1,0,0,0,0,0,0,0,61,0,641,4521,15,40.0625,1,Loyal Customers,8030.297433333337,0.145816693248011,0.18911043922205925,0.11289808342457018,0.2523809523809524,0.6666666666666666,0.75,25.795842427395428,Low Priority,1170.9514175266572,Low,Low
8091,1956,Graduation,Married,63943.0,0,1,2012-09-02,50,423,184,368,13,97,21,1,6,4,6,5,0,0,0,0,0,0,0,70,1,1106,5073,16,65.05882352941177,1,Loyal Customers,8447.710333333334,0.3517520692890587,0.19894377656872866,0.09356238795914193,0.4369047619047619,0.4949494949494949,0.75,33.98481815864394,Low Priority,2971.4995905045644,Low,Low
7321,1962,Graduation,Together,76081.0,0,0,2014-05-23,85,292,30,415,63,33,200,1,4,5,4,2,0,0,0,1,0,0,0,64,0,1033,4445,13,73.78571428571429,3,Premium VIP Customers,2658.719499999991,0.1267280147804088,0.0625677810953161,0.11181677635140826,0.40793650793650793,0.14141414141414133,1.0,23.623159965904154,Low Priority,336.93424409295994,Low,Low
5462,1974,Graduation,Married,67445.0,0,1,2012-08-12,63,757,80,217,29,80,11,5,9,6,12,6,0,0,0,0,0,0,0,52,1,1174,5094,27,41.92857142857143,3,Premium VIP Customers,11718.148166666586,0.0944236704751621,0.2759881575317431,0.09882906024038404,0.4638888888888889,0.36363636363636354,1.0,30.877160594126153,Low Priority,1106.4705610684507,Low,Low
7791,1967,Master,Married,37054.0,1,1,2013-09-15,89,12,1,6,0,1,5,2,1,0,3,7,0,0,0,0,0,0,0,59,2,25,4695,4,5.0,2,Dormant Customers,16.46123333333335,0.003005282904536636,0.00032194036265212106,0.05312390966950203,0.007936507936507936,0.10101010101010088,0.5,6.255153918808806,Low Priority,0.04947066312425534,Low,Low
955,1962,Master,Together,47175.0,1,1,2012-10-28,81,167,2,44,6,2,19,7,4,2,4,8,1,0,0,0,0,0,1,64,2,240,5017,10,21.818181818181817,2,Dormant Customers,446.02606666666696,0.6181510899300395,0.010441550749471786,0.06834492342120144,0.09325396825396826,0.18181818181818177,0.5,26.849128887497788,Low Priority,275.7114992472087,Low,Low
4037,1976,Graduation,Divorced,31859.0,1,0,2013-06-14,77,3,1,3,8,0,5,1,1,0,2,7,0,0,0,0,0,0,0,50,1,20,4788,3,5.0,2,Dormant Customers,14.538866666666715,0.05375245582508608,0.00027665359758730025,0.045311127687476686,0.005952380952380952,0.2222222222222222,0.5,8.274381384951795,Low Priority,0.7814997882468191,Low,Low
6642,1961,Graduation,Divorced,27215.0,2,1,2013-01-23,50,30,5,22,8,9,28,4,2,1,4,6,0,0,0,0,0,0,0,65,3,102,4930,7,12.75,2,Dormant Customers,350.98153333333346,0.17135616371678172,0.008202508881758927,0.038326996883910634,0.038492063492063494,0.4949494949494949,0.5,13.822158573923755,Low Priority,60.14284908743377,Low,Low
2793,1976,PhD,Divorced,70179.0,0,1,2013-07-21,10,532,88,168,69,44,133,3,7,3,13,5,0,0,0,0,0,0,0,50,1,1034,4751,23,43.083333333333336,1,Loyal Customers,21233.8674999999,0.14700539542484417,0.5001577466864895,0.10294073414584261,0.4083333333333333,0.898989898989899,0.75,38.564251099747935,Low Priority,3121.4930882362323,Low,Low
5424,1983,Graduation,Married,39922.0,1,0,2013-02-14,30,29,12,59,19,1,36,2,3,0,4,8,0,0,0,0,0,0,0,43,1,156,4908,7,19.5,0,Low-Value Customers,756.6058999999962,0.16719678166370422,0.017758134099528783,0.05743710672906866,0.05992063492063492,0.696969696969697,0.25,13.006676548845686,Low Priority,126.50207146776978,Low,Low
879,1976,Master,Married,49681.0,0,2,2013-11-04,66,411,0,26,0,0,21,6,7,1,7,7,0,0,0,0,0,0,0,50,2,458,4645,15,28.625,1,Loyal Customers,2783.9562000000083,0.1659486079959636,0.06551808454612898,0.07211370718384927,0.17976190476190476,0.33333333333333326,0.75,19.528233086196508,Low Priority,461.9936561117338,Low,Low
9530,1988,Graduation,Married,24645.0,1,0,2012-11-01,16,5,3,4,4,1,0,1,1,0,2,8,0,0,0,0,0,0,0,38,1,17,5013,3,4.25,0,Low-Value Customers,41.35399999999985,0.3675097558411791,0.0009083596422797049,0.03446196325661417,0.004761904761904762,0.8383838383838383,0.25,18.16051086041767,Low Priority,15.197998443056067,Low,Low
4828,1954,Graduation,Divorced,79865.0,0,1,2014-06-18,12,71,99,278,185,121,38,1,5,10,5,1,0,0,0,0,0,0,0,72,1,792,4419,20,37.71428571428572,3,Premium VIP Customers,18292.962500000067,0.28510294534075703,0.4308764404079692,0.11750754959875838,0.3123015873015873,0.8787878787878788,1.0,41.732920271912576,Email Nurture Campaign,5215.377487758037,Medium,Low
10699,1985,Graduation,Married,44322.0,1,0,2014-06-16,30,46,0,40,3,0,3,2,3,0,3,8,0,0,0,0,0,0,0,41,1,92,4421,6,13.142857142857142,0,Low-Value Customers,439.6461999999987,0.13350777510117565,0.01029125500834802,0.06405428492366183,0.034523809523809526,0.696969696969697,0.25,11.457219380227956,Low Priority,58.69618599368631,Low,Low
1497,1952,Graduation,Single,47958.0,0,1,2013-01-19,8,268,11,88,15,3,22,2,6,3,5,5,0,0,0,0,0,0,0,74,1,407,4934,14,27.133333333333333,1,Loyal Customers,6469.14403333332,0.16453867683234033,0.15233307074087385,0.069522480359012,0.15952380952380954,0.9191919191919192,0.75,24.690193969603285,Low Priority,1064.424399482494,Low,Low
7476,1964,Master,Single,63972.0,0,1,2012-12-02,93,928,63,254,0,12,12,4,5,4,10,4,0,1,0,0,0,0,0,62,1,1269,4982,19,63.45,3,Premium VIP Customers,1417.2822333333354,0.2817741452837265,0.03332222726154504,0.09360600117906084,0.5015873015873016,0.06060606060606055,1.0,28.21579101498858,Low Priority,399.35348992331166,Low,Low
4390,1954,Graduation,Together,75315.0,0,1,2014-04-15,14,459,15,171,142,23,31,2,5,4,12,2,0,0,0,0,0,0,0,72,1,841,4483,21,38.22727272727273,1,Loyal Customers,19810.20313333334,0.04788163493321914,0.46661931990124916,0.11066478578389499,0.33174603174603173,0.8585858585858586,0.75,33.31079627199277,Low Priority,948.5449143831809,Low,Low
10478,1950,PhD,Married,55517.0,1,1,2012-09-27,53,483,0,108,0,6,36,5,11,1,6,9,0,0,0,0,0,0,1,76,2,633,5048,18,33.31578947368421,1,Loyal Customers,5424.160999999993,0.7432944866886465,0.12771555008371985,0.08089049171649602,0.2492063492063492,0.46464646464646464,0.75,40.50053358166351,Email Nurture Campaign,4031.74896621157,Low,Low
1081,1957,PhD,Married,75283.0,1,2,2013-03-27,26,733,9,180,12,19,66,11,6,3,5,4,0,0,0,0,0,0,0,69,3,1019,4867,14,67.93333333333334,1,Loyal Customers,11846.533833333302,0.30129105710013854,0.2790126437678198,0.11061666085157068,0.4023809523809524,0.7373737373737373,0.75,35.737860607137435,Low Priority,3569.254701617547,Low,Low
4261,1946,PhD,Single,82800.0,0,0,2012-11-24,23,1006,22,115,59,68,45,1,7,6,12,3,0,0,1,1,0,0,1,80,0,1315,4990,25,50.57692307692308,3,Premium VIP Customers,25634.998733333334,0.962232828515682,0.6038387975699939,0.12192150823537905,0.5198412698412699,0.7676767676767676,1.0,69.83736675092695,Cross-Sell Campaign,24666.83734017126,High,Medium
9916,1954,Graduation,Married,38998.0,1,1,2012-11-03,92,34,1,14,0,0,5,3,2,0,3,8,0,0,0,0,0,1,0,72,2,54,5011,5,9.0,2,Dormant Customers,21.83303333333342,0.0444448894996557,0.0004484882521850986,0.056047499308204095,0.019444444444444445,0.07070707070707061,0.5,7.552478345839285,Low Priority,0.9703667539423034,Low,Low
5350,1991,Master,Single,90638.0,0,0,2014-02-13,29,1156,120,915,94,144,96,1,3,4,10,1,0,0,1,0,0,0,1,35,0,2525,4544,17,140.27777777777777,3,Premium VIP Customers,26109.870966666644,0.4835665505564178,0.6150257514636871,0.13370910884656567,1.0,0.7070707070707071,1.0,62.83021368442234,Email Nurture Campaign,12625.86023882415,Medium,Medium
8135,1986,Master,Married,27161.0,1,0,2013-10-28,41,7,4,23,7,0,11,1,1,0,3,7,0,0,0,0,0,0,0,40,1,52,4652,4,10.4,0,Low-Value Customers,102.85693333333366,0.030385612578876144,0.0023572345842769317,0.03824578606061335,0.01865079365079365,0.5858585858585859,0.25,7.073798109555559,Low Priority,3.125370927317968,Low,Low
8685,1977,Graduation,Married,42014.0,1,0,2012-08-17,56,244,15,108,4,15,50,6,7,1,6,8,0,0,0,0,0,0,1,49,1,436,5089,14,29.066666666666663,1,Loyal Customers,2890.843266666673,0.619222674758326,0.06803611066494147,0.06058327417977069,0.17103174603174603,0.43434343434343425,0.75,33.460789666689095,Low Priority,1790.0756998924342,Low,Low
4967,1960,PhD,Together,38201.0,0,1,2013-03-29,19,233,0,23,0,0,12,4,5,1,5,8,0,0,0,0,0,0,0,66,1,268,4865,11,22.33333333333333,0,Low-Value Customers,2788.2262333333324,0.5701922433526178,0.06561867721647553,0.054848887712501654,0.10436507936507936,0.8080808080808081,0.25,27.728696725078045,Low Priority,1589.8249709589522,Low,Low
2130,1982,Graduation,Together,45203.0,2,0,2014-03-23,4,35,3,67,10,8,24,1,3,1,3,6,0,0,0,0,0,0,1,44,2,147,4506,7,18.375,0,Low-Value Customers,936.7959666666657,0.832892807895907,0.022003018989411732,0.0653792244667156,0.05634920634920635,0.9595959595959596,0.25,34.44388494444461,Low Priority,780.2506231025596,Low,Low
9298,1947,PhD,Together,81574.0,0,0,2014-04-28,89,1252,0,465,46,35,0,1,4,5,8,1,0,1,1,0,0,0,0,79,0,1798,4470,17,99.88888888888889,3,Premium VIP Customers,3252.527666666669,0.3298927722348896,0.07655660612214392,0.12007772176570376,0.7115079365079365,0.10101010101010088,1.0,34.571928121037594,Low Priority,1072.9853687273444,Low,Low
8175,1992,Graduation,Married,34935.0,0,0,2013-06-21,71,34,4,66,3,10,20,1,2,1,4,7,0,0,0,0,0,0,0,34,0,137,4781,7,17.125,2,Dormant Customers,248.74983333333307,0.16221475135018446,0.005794153046030053,0.04993713680715137,0.05238095238095238,0.28282828282828276,0.5,12.739494199813647,Low Priority,40.35089236256645,Low,Low
6257,1976,Master,Single,60482.0,0,1,2013-01-23,81,255,43,134,37,14,24,1,7,2,7,7,0,0,0,0,0,0,0,50,1,507,4930,16,29.823529411764707,1,Loyal Customers,1899.3303333333438,0.16053732010972055,0.04467822891990572,0.08835737574744035,0.19920634920634922,0.18181818181818177,0.75,18.437226375549344,Low Priority,304.91340171643725,Low,Low
3790,1956,Graduation,Together,34633.0,2,1,2014-01-23,31,8,1,5,0,0,1,1,1,0,2,6,0,0,0,0,0,0,0,70,3,15,4565,3,3.75,0,Low-Value Customers,33.99719999999998,0.021351841660551336,0.0007350494829818568,0.049482957758340655,0.003968253968253968,0.6868686868686869,0.25,7.1513035557566464,Low Priority,0.7259028313020954,Low,Low
9952,1947,Master,Together,78093.0,0,0,2013-12-11,53,368,32,639,13,43,10,1,4,7,5,1,0,0,0,0,0,0,0,79,0,1105,4608,16,65.0,3,Premium VIP Customers,9662.545300000025,0.3276401800346843,0.2275626382468501,0.11484263147129949,0.4365079365079365,0.46464646464646464,1.0,36.67536223401039,Low Priority,3165.838081685301,Low,Low
3503,1950,Graduation,Divorced,82460.0,0,0,2013-12-02,78,255,47,573,52,32,15,1,5,3,6,1,0,0,0,0,0,0,0,76,0,974,4617,14,64.93333333333334,1,Loyal Customers,3722.180500000008,0.19891078774249052,0.0876206023378475,0.12141018082943321,0.38452380952380955,0.21212121212121204,0.75,24.138506714167676,Low Priority,740.3818553747388,Low,Low
5223,1966,Master,Together,45903.0,0,1,2014-04-23,80,33,8,10,2,10,3,2,2,1,3,4,0,0,0,0,0,0,0,60,1,66,4475,6,9.428571428571429,2,Dormant Customers,94.36160000000021,0.02029739202628033,0.002157103063331906,0.06643195736130995,0.024206349206349207,0.19191919191919182,0.5,7.6606456239926635,Low Priority,1.9152943874270583,Low,Low
4608,1987,Graduation,Divorced,81361.0,0,0,2014-02-25,18,163,23,424,27,65,76,1,3,10,13,1,0,0,0,0,0,0,1,39,0,778,4532,26,28.814814814814813,3,Premium VIP Customers,18209.180933333308,0.3431546063870567,0.42890272946499947,0.11975739018492006,0.30674603174603177,0.8181818181818181,1.0,43.051393544510454,Email Nurture Campaign,6248.564315808689,Medium,Low
1626,1973,PhD,Divorced,35860.0,1,1,2014-05-19,37,15,0,8,4,2,20,2,1,1,2,5,1,0,0,0,0,0,1,53,2,49,4449,4,9.8,0,Low-Value Customers,122.71173333333334,0.6024349471129378,0.00282497035945458,0.05132824813215106,0.01746031746031746,0.6262626262626263,0.25,24.564297898711178,Low Priority,73.92583658080359,Low,Low
4764,1952,Master,Together,40442.0,1,1,2012-08-19,52,45,12,52,25,22,13,4,3,1,4,7,0,0,0,0,0,0,1,74,2,169,5087,8,18.77777777777778,2,Dormant Customers,599.9720000000003,0.6819499513149764,0.014068181109037951,0.058219136879338766,0.06507936507936507,0.4747474747474747,0.5,29.81266319144167,Low Priority,409.1508761903492,Low,Low
2471,1965,Graduation,Married,61482.0,0,0,2014-06-27,39,48,58,68,16,66,43,1,3,2,6,2,0,0,0,0,0,0,0,61,0,299,4410,11,24.916666666666668,1,Loyal Customers,2201.342599999999,0.07342792758104445,0.05179297908925967,0.08986127988257517,0.11666666666666667,0.606060606060606,0.75,16.935543029237905,Low Priority,161.64002501386804,Low,Low
5892,1980,Graduation,Married,34968.0,1,0,2013-04-10,11,158,6,45,8,2,2,7,3,2,5,7,0,0,0,0,0,0,0,46,1,221,4853,10,20.09090909090909,0,Low-Value Customers,1955.9743000000071,0.4906479702788219,0.04601263720696825,0.04998676564361081,0.08571428571428572,0.8888888888888888,0.25,24.829844611168543,Low Priority,959.6948202125429,Low,Low
2612,1987,Graduation,Married,75794.0,0,0,2013-12-24,33,754,160,625,63,32,48,1,7,5,12,3,0,0,0,1,0,0,0,39,0,1682,4595,24,67.28,3,Premium VIP Customers,23567.24783333326,0.43598443116106705,0.5551270971204386,0.11138515586462457,0.6654761904761904,0.6666666666666666,1.0,54.162673597567604,Email Nurture Campaign,10274.95314064769,Medium,Low
4971,1962,PhD,Together,31497.0,0,1,2012-12-06,22,108,1,28,13,1,4,2,3,1,4,8,0,0,0,0,0,0,0,64,1,155,4978,8,17.22222222222222,0,Low-Value Customers,950.176100000002,0.3008183575027256,0.022318225742269906,0.04476671439055789,0.05952380952380952,0.7777777777777778,0.25,17.423510673001477,Low Priority,285.83041374034616,Low,Low
5185,1955,Graduation,Married,74268.0,0,0,2013-02-14,83,199,66,315,97,174,41,1,4,3,5,2,0,0,0,0,0,0,0,71,0,892,4908,12,68.61538461538461,1,Loyal Customers,2105.7677000000017,0.06391917687918655,0.049541442939863775,0.10909019815440885,0.351984126984127,0.16161616161616155,0.75,18.082563288958315,Low Priority,134.59893808277795,Low,Low
10069,1988,Basic,Together,13724.0,1,0,2012-08-31,43,2,7,5,2,15,27,1,2,0,2,9,1,0,0,0,0,0,0,38,1,58,5075,4,11.6,0,Low-Value Customers,143.02216666666666,0.16236155686506212,0.003303439862011178,0.01803782619680691,0.021031746031746033,0.5656565656565656,0.25,10.794087182539288,Low Priority,23.221301646214393,Low,Low
2262,1965,Master,Together,45143.0,0,1,2013-08-26,74,202,5,74,11,5,14,3,6,1,5,7,0,0,0,0,0,0,0,61,1,311,4715,12,23.923076923076923,2,Dormant Customers,1013.9490333333379,0.22443079093015042,0.02382057693231064,0.0652889902186075,0.12142857142857144,0.2525252525252525,0.5,16.18448577211474,Low Priority,227.56138351386247,Low,Low
1131,1967,PhD,Single,52569.0,0,1,2014-04-05,54,85,0,3,0,0,7,1,2,0,4,3,0,0,0,0,0,0,0,59,1,95,4493,6,13.571428571428571,2,Dormant Customers,267.26896666666596,0.046130070438613016,0.00623042342826935,0.0764569823261186,0.03571428571428571,0.4545454545454545,0.5,10.143826197709215,Low Priority,12.329136258388615,Low,Low
1041,1973,PhD,Single,48432.0,0,1,2012-10-18,3,322,3,50,4,3,42,5,7,1,6,8,0,0,0,0,0,0,1,53,1,424,5027,14,28.266666666666666,1,Loyal Customers,5750.1255333333165,0.8238305231142602,0.13539456340438208,0.07023533091906589,0.1662698412698413,0.9696969696969697,0.75,44.32163837228239,Email Nurture Campaign,4737.1289260986505,Low,Low
24,1960,Master,Together,17144.0,1,1,2014-02-15,96,18,2,19,0,2,6,5,3,0,4,7,0,0,0,0,0,0,0,66,2,47,4542,7,5.875,2,Dormant Customers,38.02579999999992,0.06360662638749218,0.0008299545106769569,0.02318117833896796,0.016666666666666666,0.030303030303030276,0.5,7.566424361849905,Low Priority,2.418692853685495,Low,Low
3409,1984,Graduation,Single,36108.0,1,0,2013-10-15,68,141,8,129,3,11,47,3,7,1,4,9,1,0,0,0,0,0,0,42,1,339,4665,12,26.07692307692308,2,Dormant Customers,1984.0762333333375,0.3038873620973432,0.04667465745253386,0.051701216357664496,0.13253968253968254,0.31313131313131304,0.5,19.587624553824757,Low Priority,602.9356927477007,Low,Low
7022,1971,Graduation,Married,76445.0,1,0,2012-09-28,2,739,107,309,140,80,35,1,2,5,13,6,0,0,0,0,0,0,0,55,1,1410,5047,20,67.14285714285714,3,Premium VIP Customers,26473.03483333332,0.5631267608744344,0.6235810999281316,0.11236419745659733,0.5575396825396826,0.9797979797979798,1.0,59.986962935728094,Email Nurture Campaign,14907.674356211064,Medium,Medium
7943,1975,PhD,Married,36663.0,1,0,2014-04-25,40,18,0,6,3,3,5,1,1,1,3,2,0,0,0,0,0,0,0,51,1,35,4473,5,5.833333333333333,0,Low-Value Customers,119.07959999999991,0.06517586244464067,0.002739405221542573,0.05253588315266432,0.011904761904761904,0.5959595959595959,0.25,8.22118626988155,Low Priority,7.761115629562828,Low,Low
5272,1965,Master,Married,53843.0,0,1,2013-06-27,64,378,0,88,19,4,73,4,8,5,3,7,0,0,0,0,0,0,0,61,1,562,4775,16,33.05882352941177,1,Loyal Customers,4244.458200000013,0.4400345854108307,0.09992432561219451,0.07837295619428035,0.22103174603174605,0.3535353535353535,0.75,29.565649850786517,Low Priority,1867.7084043306063,Low,Low
5453,1956,Master,Married,90226.0,0,0,2012-09-26,26,1083,108,649,253,151,108,1,4,7,12,2,0,0,0,1,0,0,0,70,0,2352,5049,23,98.0,3,Premium VIP Customers,34187.72976666658,0.41960401235116956,0.8053224831151576,0.13308950034289013,0.9313492063492064,0.7373737373737373,1.0,65.7357966495255,Email Nurture Campaign,14345.308583270813,Medium,Medium
2565,1955,Master,Divorced,70638.0,0,0,2013-06-01,69,1016,12,215,16,12,63,1,4,5,10,3,0,1,0,0,0,0,0,71,0,1334,4801,19,66.7,3,Premium VIP Customers,7890.09803333332,0.2124519453306783,0.185807647200057,0.10363102614386949,0.5273809523809524,0.303030303030303,1.0,32.40996383822655,Low Priority,1676.2666760314228,Low,Low
800,1960,Graduation,Together,44512.0,1,1,2013-08-30,57,23,1,6,0,0,2,2,1,0,3,4,0,0,0,0,0,0,0,66,2,32,4711,4,6.4,2,Dormant Customers,57.754833333333615,0.007316402615891623,0.0012947274975452525,0.06434002670933744,0.010714285714285714,0.4242424242424242,0.5,8.183660577422888,Low Priority,0.42255761368038675,Low,Low
11092,1961,Graduation,Married,27116.0,1,1,2014-03-02,78,12,1,21,2,2,3,2,2,0,3,7,0,0,0,0,0,0,0,65,2,41,4527,5,6.833333333333333,2,Dormant Customers,48.22453333333346,0.01961794129623503,0.0010702144196912484,0.03817811037453229,0.014285714285714287,0.21212121212121204,0.5,7.277317550114885,Low Priority,0.9460660639716653,Low,Low
5062,1963,PhD,Married,54072.0,1,1,2013-07-27,71,35,0,4,0,0,0,1,2,0,2,8,0,0,0,0,0,0,0,63,2,39,4745,4,7.8,2,Dormant Customers,95.47193333333335,0.033260298478292975,0.0021832600944967718,0.07871735024122622,0.013492063492063493,0.28282828282828276,0.5,8.46700262611832,Low Priority,3.175424998966356,Low,Low
8969,1977,Graduation,Married,71855.0,0,1,2013-01-16,59,548,31,422,0,112,28,4,5,5,11,3,0,0,0,0,0,0,0,49,1,1141,4937,21,51.86363636363637,3,Premium VIP Customers,10632.858599999952,0.08552100217971384,0.2504211028770984,0.10546127747632855,0.4507936507936508,0.404040404040404,1.0,29.914982708574435,Low Priority,909.3327235071849,Low,Low
4656,1990,2n Cycle,Single,51250.0,1,0,2013-03-30,28,342,32,230,34,32,40,5,10,5,4,9,1,0,0,0,0,0,0,36,1,710,4864,19,35.5,1,Loyal Customers,11962.806433333342,0.42735018727146523,0.281751772577626,0.07447333277187579,0.27976190476190477,0.7171717171717171,0.75,37.30007928047866,Low Priority,5112.307569577293,Medium,Low
4480,1973,Master,Married,60432.0,0,1,2014-03-09,61,365,3,15,4,3,11,5,7,2,5,6,0,0,0,0,0,0,0,53,1,401,4520,14,26.73333333333333,1,Loyal Customers,2612.3699999999994,0.2296863167340004,0.06147588798576109,0.08828218054068361,0.15714285714285714,0.38383838383838376,0.75,21.394022723334455,Low Priority,600.0256432464005,Low,Low
9971,1964,PhD,Married,65526.0,0,1,2014-04-11,22,397,19,69,12,0,9,1,4,4,8,2,0,0,0,0,0,0,0,62,1,506,4487,16,29.764705882352946,1,Loyal Customers,6904.396933333286,0.059706574494110154,0.16258667956996337,0.09594306820506034,0.19880952380952382,0.7777777777777778,0.75,21.99926005000456,Low Priority,412.23788983696954,Low,Low
6729,1988,Graduation,Single,68655.0,0,0,2012-08-10,95,456,19,832,75,118,38,1,4,5,11,3,0,0,0,0,0,0,0,38,0,1538,5096,20,73.23809523809524,3,Premium VIP Customers,1462.1390333333334,0.1080058347636945,0.03437895561539338,0.10064878424389716,0.6083333333333334,0.04040404040404033,1.0,24.605051755831813,Low Priority,157.919546835748,Low,Low
1773,1978,2n Cycle,Married,12393.0,0,0,2012-12-04,38,5,6,15,11,7,13,1,2,0,3,9,0,0,0,0,0,0,0,48,0,57,4980,5,9.5,0,Low-Value Customers,163.2675,0.14318565493718333,0.0037803757505820374,0.01603612979294248,0.020634920634920634,0.6161616161616161,0.25,10.459674108894276,Low Priority,23.37756391745658,Low,Low
9242,1990,Graduation,Single,64509.0,0,0,2013-08-17,19,836,185,575,24,25,77,1,6,3,9,4,1,0,0,0,0,0,1,36,0,1722,4724,18,90.63157894736842,3,Premium VIP Customers,22304.548433333213,0.8871293467575572,0.525380653808223,0.09441359769962823,0.6813492063492064,0.8080808080808081,1.0,67.58007812961183,Cross-Sell Campaign,19787.01948138519,High,Medium
1764,1975,Graduation,Single,33955.0,1,0,2013-08-09,92,100,2,128,23,7,10,4,5,1,5,8,0,0,0,0,0,0,0,51,1,270,4732,11,22.5,2,Dormant Customers,213.61853333333264,0.11252327926304312,0.004966536256211018,0.04846331075471925,0.10515873015873015,0.07070707070707061,0.5,10.94024387904112,Low Priority,24.03705788202827,Low,Low
6215,1977,Graduation,Married,31353.0,1,1,2013-12-29,24,10,0,10,3,1,7,2,1,1,2,8,0,0,0,0,0,0,1,49,2,31,4590,4,6.2,0,Low-Value Customers,117.50096666666711,0.7761608363269844,0.0027022160639641685,0.044550152195098475,0.010317460317460317,0.7575757575757576,0.25,30.25403378632014,Low Priority,91.19964855722947,Low,Low
10099,1984,Graduation,Married,55434.0,1,0,2013-10-05,21,238,115,215,169,69,76,3,5,3,13,4,0,0,0,0,0,0,0,42,1,882,4675,21,40.09090909090909,1,Loyal Customers,14868.390266666605,0.3816864301269553,0.35020098922185294,0.08076566767327983,0.348015873015873,0.7878787878787878,0.75,39.423911291829086,Low Priority,5675.062802618346,Medium,Low
5423,1983,Graduation,Together,28359.0,1,0,2013-10-27,35,6,0,5,2,1,2,1,1,0,2,7,0,0,0,0,0,0,0,43,1,16,4653,3,4.0,0,Low-Value Customers,37.00079999999994,0.0901098855831453,0.000805807746692576,0.04004746321450486,0.004365079365079365,0.6464646464646464,0.25,8.925744854839607,Low Priority,3.3341378544848372,Low,Low
940,1987,Graduation,Single,57100.0,1,0,2014-05-18,9,158,11,99,15,11,17,2,3,2,7,3,0,0,0,0,0,0,0,39,1,311,4450,12,23.923076923076923,0,Low-Value Customers,4691.3618333333325,0.22603784424655418,0.1104524003027918,0.08327117196241443,0.12142857142857144,0.9090909090909091,0.25,19.79430217298764,Low Priority,1060.4253153872287,Low,Low
3011,1965,Graduation,Married,69139.0,0,1,2014-01-27,23,86,12,75,33,15,6,1,4,1,5,4,0,0,0,0,0,0,0,61,1,227,4561,10,20.63636363636364,1,Loyal Customers,2029.5828666666748,0.042980573630863037,0.047746694462118135,0.1013766738453024,0.08809523809523809,0.7676767676767676,0.75,16.39539719105487,Low Priority,87.2326358407051,Low,Low
3298,1956,Master,Married,52973.0,0,1,2012-11-08,92,856,0,76,12,9,199,7,9,6,9,8,0,0,0,0,0,0,0,70,1,1152,5006,24,46.08,3,Premium VIP Customers,2346.4803666666644,0.1920548165072619,0.055212108256986685,0.07706455959671307,0.45515873015873015,0.07070707070707061,1.0,25.369569644810895,Low Priority,450.6528562580588,Low,Low
8286,1965,PhD,Together,51717.0,0,1,2013-08-20,55,98,1,17,0,1,5,1,3,0,4,7,0,1,0,0,0,0,0,61,1,122,4721,7,15.25,2,Dormant Customers,415.9551333333351,0.10913754373319796,0.009733145159237606,0.07517565600298375,0.04642857142857143,0.4444444444444444,0.5,12.236528020453699,Low Priority,45.396321555215046,Low,Low
9668,1971,Graduation,Married,18793.0,1,0,2013-01-12,14,4,16,20,0,17,20,3,2,0,4,8,0,0,0,0,0,0,0,55,1,77,4941,6,11.0,0,Low-Value Customers,385.8504333333355,0.6583662891284024,0.009023944099997998,0.025661116257805264,0.02857142857142857,0.8585858585858586,0.25,27.49981888093079,Low Priority,254.03091795225413,Low,Low
5120,1982,2n Cycle,Together,66664.0,0,0,2012-09-25,78,398,96,447,220,96,32,1,5,7,6,3,0,0,0,0,0,0,0,44,0,1289,5050,18,67.84210526315789,3,Premium VIP Customers,5365.187299999977,0.3003149871068079,0.12632625836158706,0.09765451111084375,0.5095238095238095,0.21212121212121204,1.0,32.479245678623485,Low Priority,1611.2461548251024,Low,Low
6097,1959,Graduation,Single,50664.0,1,1,2013-01-16,64,313,8,104,6,4,126,9,8,1,6,9,0,0,0,0,0,0,0,67,2,561,4937,15,35.0625,1,Loyal Customers,2918.769966666677,0.34121709743598433,0.06869400279544169,0.07359204494868679,0.22063492063492063,0.3535353535353535,0.75,25.610454033630226,Low Priority,995.9342161093283,Low,Low
7019,1963,Graduation,Together,54414.0,1,1,2013-01-23,49,109,18,16,24,26,18,4,3,1,5,4,0,0,0,0,0,0,0,63,2,211,4930,9,21.1,2,Dormant Customers,1010.4453333333304,0.08385778472747549,0.02373803740355722,0.07923168545544233,0.08174603174603173,0.505050505050505,0.5,12.771634519928405,Low Priority,84.73370724154863,Low,Low
7408,1952,PhD,Married,54549.0,0,1,2014-03-03,8,216,2,6,0,0,9,2,5,1,4,7,0,0,0,0,0,0,0,74,1,233,4526,10,21.181818181818183,1,Loyal Customers,2264.9460999999924,0.2654851757064037,0.053291338799582054,0.07943471251368553,0.09047619047619049,0.9191919191919192,0.75,23.81074501341888,Low Priority,601.3096133240317,Low,Low
8041,1971,PhD,Widow,47111.0,0,1,2012-09-08,35,595,71,153,120,112,41,6,3,2,10,9,0,0,0,0,0,0,0,55,1,1092,5067,15,68.25,1,Loyal Customers,10512.890100000008,0.4048195591181254,0.24759490672582143,0.06824867355655281,0.43134920634920637,0.6464646464646464,0.75,37.457482038445264,Low Priority,4255.823535339308,Low,Low
252,1963,PhD,Divorced,41003.0,0,0,2013-03-17,11,123,133,142,71,44,88,1,6,2,8,6,0,0,0,0,0,0,0,63,0,601,4877,16,35.35294117647059,1,Loyal Customers,7982.363066666672,0.4672772900120677,0.1879812101111902,0.05906282709914939,0.23650793650793653,0.8888888888888888,0.75,35.740446766752726,Low Priority,3729.9769816844205,Low,Low
9986,1982,Graduation,Together,19444.0,1,0,2014-02-22,8,16,0,23,3,2,10,3,4,1,2,7,0,0,0,0,0,0,1,44,1,54,4535,7,6.75,0,Low-Value Customers,709.0105666666685,0.9121868109104179,0.016636891874399196,0.026640157849778023,0.019444444444444445,0.9191919191919192,0.25,35.51873892466856,Low Priority,646.7500877094566,Low,Low
3276,1976,2n Cycle,Together,36301.0,1,0,2013-10-25,53,11,12,35,3,5,12,1,3,0,3,7,0,0,0,0,0,0,0,50,1,78,4655,6,11.142857142857142,0,Low-Value Customers,236.72419999999983,0.14149488691468823,0.005510855358359118,0.051991469855745515,0.02896825396825397,0.46464646464646464,0.25,10.187843099505008,Low Priority,33.49526390897002,Low,Low
3859,1947,PhD,Together,73059.0,0,1,2013-08-31,36,410,112,420,0,82,71,1,9,3,13,4,0,0,0,0,0,0,0,79,1,1095,4710,25,42.11538461538461,1,Loyal Customers,17506.546666666673,0.1576477535338182,0.4123501989239866,0.10727197805503086,0.43253968253968256,0.6363636363636364,0.75,35.34257177419787,Low Priority,2759.8677541349543,Low,Low
3570,1969,PhD,Together,42731.0,1,0,2013-10-21,64,159,2,51,6,2,24,3,4,1,5,5,0,0,0,0,0,0,0,57,1,244,4659,10,22.181818181818183,2,Dormant Customers,965.9542999999984,0.18524796843782773,0.02268992571446335,0.061661573444662346,0.09484126984126984,0.3535353535353535,0.5,15.04504837431117,Low Priority,178.9410716787837,Low,Low
3783,1959,PhD,Married,52854.0,1,1,2014-03-24,43,105,0,10,0,1,0,2,2,1,4,5,0,0,0,0,0,0,0,67,2,116,4505,7,14.5,2,Dormant Customers,463.64009999999894,0.05515656207641616,0.01085649895016739,0.07688559500463202,0.04404761904761905,0.5656565656565656,0.5,11.23824489484094,Low Priority,25.572793956765736,Low,Low
10207,1978,Graduation,Together,22775.0,1,0,2013-06-19,40,5,1,8,0,0,1,1,1,0,2,8,0,0,0,0,0,0,0,48,1,15,4783,3,3.75,0,Low-Value Customers,28.408966666666675,0.08219764553722245,0.0006034028962602447,0.031649662523912075,0.003968253968253968,0.5959595959595959,0.25,8.339849867565391,Low Priority,2.3351501721454353,Low,Low
10906,1948,PhD,Together,46681.0,0,2,2013-10-08,52,269,15,69,15,19,38,2,4,6,4,5,0,0,0,0,0,0,0,78,2,425,4672,14,28.33333333333333,1,Loyal Customers,3050.9123333333337,0.20521948375853166,0.07180698868835617,0.06760199477844485,0.16666666666666669,0.4747474747474747,0.75,21.36055149492846,Low Priority,626.106654039204,Low,Low
3427,1955,PhD,Married,59821.0,0,1,2013-04-12,11,629,0,70,0,0,35,6,11,2,7,8,0,0,0,0,0,0,0,71,1,734,4851,20,34.95238095238095,1,Loyal Customers,12713.00923333338,0.4933285508068671,0.2994249139942339,0.08736329511411625,0.2892857142857143,0.8888888888888888,0.75,40.93996705390435,Email Nurture Campaign,6271.690421474676,Medium,Low
5209,1954,Graduation,Divorced,50002.0,0,1,2013-06-17,21,443,5,71,21,16,82,2,8,2,7,7,0,0,0,0,0,0,0,72,1,638,4785,17,35.44444444444444,1,Loyal Customers,8047.2001666666765,0.25584233125577677,0.18950863074644078,0.07259646041122754,0.2511904761904762,0.7878787878787878,0.75,29.29374454642989,Low Priority,2058.814450721878,Low,Low
10711,1945,Graduation,Married,69755.0,0,0,2013-10-02,23,217,77,373,111,23,93,1,3,6,12,1,0,0,0,0,0,0,0,81,0,894,4678,21,40.63636363636363,3,Premium VIP Customers,15836.610000000022,0.1598917087711793,0.3730101339885093,0.10230307879254545,0.3527777777777778,0.7676767676767676,1.0,36.140136575766626,Low Priority,2532.1426340427497,Low,Low
10785,1969,Graduation,Married,44078.0,1,1,2014-06-19,17,24,1,10,2,0,4,2,2,0,3,5,0,0,0,0,0,0,0,57,2,41,4418,5,6.833333333333333,0,Low-Value Customers,193.4769000000006,0.033937321374509645,0.004492043313420854,0.06368733231468893,0.014285714285714287,0.8282828282828283,0.25,8.645454119484661,Low Priority,6.566087733843886,Low,Low
2814,1976,Master,Together,30560.0,1,0,2013-06-27,6,9,1,5,4,5,7,1,1,0,3,7,0,0,0,0,0,0,0,50,1,31,4775,4,6.2,0,Low-Value Customers,123.05880000000025,0.022888969962861955,0.0028331464930027275,0.04335755621593657,0.010317460317460317,0.9393939393939394,0.25,8.556970657566909,Low Priority,2.8166891768658426,Low,Low
6866,1969,Master,Together,35924.0,1,1,2014-03-23,56,8,0,14,2,3,7,1,1,0,3,5,0,0,0,0,0,0,0,57,2,34,4506,4,6.8,2,Dormant Customers,60.74686666666673,0.024034413691418913,0.0013652132758217373,0.05142449799679969,0.011507936507936509,0.43434343434343425,0.5,8.620570008321437,Low Priority,1.460015323924134,Low,Low
1665,1964,PhD,Divorced,64140.0,0,2,2013-09-23,71,1459,0,61,0,15,215,5,2,5,6,5,1,0,1,0,1,0,1,62,2,1750,4687,13,125.0,3,Premium VIP Customers,3940.998266666664,0.8638417929607366,0.0927754715742272,0.0938586570737635,0.6924603174603174,0.28282828282828276,1.0,51.43815068283273,Email Nurture Campaign,3404.3990087324864,Low,Low
6575,1981,Graduation,Together,56386.0,1,1,2012-10-27,51,230,48,214,13,32,75,8,9,1,7,9,0,0,0,0,0,0,0,45,2,612,5018,17,34.0,1,Loyal Customers,5623.258899999995,0.2733916725118437,0.13240586227990134,0.08219738440992817,0.24087301587301588,0.48484848484848475,0.75,26.5332375501893,Low Priority,1537.3521556381093,Low,Low
3829,1979,Basic,Together,24594.0,1,0,2013-12-10,94,1,3,6,10,0,9,1,1,0,3,5,0,0,0,0,0,0,0,47,1,29,4609,4,5.8,2,Dormant Customers,7.655833333333347,0.006875742756289182,0.00011450434744424555,0.034385264145722294,0.009523809523809525,0.050505050505050386,0.5,5.9489424499516215,Low Priority,0.05263954058502402,Low,Low
3091,1981,2n Cycle,Together,75774.0,1,0,2014-05-02,27,340,21,134,258,14,56,1,7,5,8,4,0,0,0,0,0,0,0,45,1,823,4466,20,39.19047619047619,1,Loyal Customers,12700.246733333275,0.3270533394199712,0.2991242573353527,0.11135507778192187,0.3246031746031746,0.7272727272727273,0.75,35.90428993589019,Low Priority,4153.658105594229,Low,Low
10141,1960,Master,Divorced,39228.0,0,0,2013-05-10,1,7,1,6,0,3,3,1,0,0,3,4,0,0,0,0,0,0,0,66,0,20,4823,3,5.0,0,Low-Value Customers,60.08856666666658,0.15758663131537,0.0013497051638891304,0.056393397259285105,0.005952380952380952,0.98989898989899,0.25,12.87080473075129,Low Priority,9.469154801569019,Low,Low
5177,1974,Master,Married,58494.0,0,1,2013-12-12,56,298,7,68,4,0,19,2,6,2,6,6,0,0,0,0,0,0,0,52,1,396,4607,14,26.4,1,Loyal Customers,2459.7049999999995,0.17404973239860314,0.05787943362119954,0.08536761432679235,0.15515873015873016,0.43434343434343425,0.75,19.81064924796013,Low Priority,428.11099702950605,Low,Low
7005,1981,Graduation,Single,58684.0,0,0,2014-06-16,71,479,35,179,28,7,85,1,5,3,12,2,0,1,0,0,0,0,0,45,0,813,4421,20,38.71428571428572,1,Loyal Customers,5018.668533333321,0.08944391371217361,0.11816303214221273,0.08565335611246797,0.32063492063492066,0.28282828282828276,0.75,20.808407160421496,Low Priority,448.88935524546645,Low,Low
6409,1967,Graduation,Divorced,57136.0,0,0,2013-05-18,18,267,140,599,34,12,127,1,7,5,7,6,0,0,0,0,0,0,1,59,0,1179,4815,19,58.95,1,Loyal Customers,16326.45529999999,0.8975061277821813,0.3845498206694437,0.08332531251127928,0.4658730158730159,0.8181818181818181,0.75,57.87393590766586,Email Nurture Campaign,14653.093676711862,Medium,Medium
7485,1950,PhD,Widow,56551.0,1,1,2014-05-07,48,67,4,32,17,2,16,3,2,1,4,4,0,0,0,0,0,0,0,76,2,138,4461,7,17.25,2,Dormant Customers,505.1102000000033,0.10104962225300719,0.011833444040029636,0.08244552859222541,0.05277777777777778,0.5151515151515151,0.5,12.578371517137601,Low Priority,51.04119490614125,Low,Low
8079,1982,Graduation,Married,22448.0,1,0,2014-02-26,86,3,1,8,23,2,18,3,2,1,3,3,0,0,0,0,0,0,0,44,1,55,4531,6,7.857142857142857,2,Dormant Customers,74.6085000000001,0.016322214335592382,0.0016917631182978695,0.031157885871722996,0.01984126984126984,0.13131313131313127,0.5,6.806182886518641,Low Priority,1.217775928257046,Low,Low
8395,1961,Graduation,Single,82014.0,0,0,2012-08-20,48,980,37,265,35,163,31,1,3,6,12,6,0,0,0,0,0,0,1,65,0,1511,5086,21,68.68181818181819,3,Premium VIP Customers,16973.523000000045,0.47905427801430545,0.39979332411707086,0.12073943958516307,0.5976190476190476,0.5151515151515151,1.0,49.11286574983621,Email Nurture Campaign,8131.238806124229,Medium,Low
10352,1963,Graduation,Widow,34213.0,1,1,2012-09-07,2,50,4,28,6,3,26,3,3,1,2,9,0,0,0,0,0,0,1,63,2,117,5068,6,16.714285714285715,0,Low-Value Customers,718.6448333333319,0.9431754474932136,0.016863854180118723,0.04885131802158403,0.044444444444444446,0.9797979797979798,0.25,37.35534879607238,Low Priority,677.8081622678512,Low,Low
4931,1977,Graduation,Together,157146.0,0,0,2013-04-29,13,1,0,1725,2,1,1,0,0,28,0,1,0,0,0,0,0,0,0,49,0,1730,4834,28,59.6551724137931,3,Premium VIP Customers,39175.53100000009,0.4198591735483049,0.9228241993905828,0.23373076506611162,0.6845238095238095,0.8686868686868687,1.0,67.22910032511922,Email Nurture Campaign,16448.206068976036,High,Medium
13,1947,PhD,Widow,25358.0,0,1,2013-07-22,57,19,0,5,0,0,8,2,1,0,3,6,0,0,0,0,0,0,0,79,1,32,4750,4,6.4,2,Dormant Customers,55.259100000000316,0.100275067249585,0.0012359334646009083,0.03553424690496529,0.010714285714285714,0.4242424242424242,0.5,10.682598897401636,Low Priority,5.541109968651575,Low,Low
1834,1978,Master,Single,35544.0,1,0,2014-03-08,77,30,5,23,4,1,4,1,2,0,3,7,0,0,0,0,0,0,0,48,1,67,4521,5,11.166666666666666,2,Dormant Customers,72.49479999999976,0.0691583775322765,0.0016419689572892886,0.05085301442544846,0.024603174603174603,0.2222222222222222,0.5,9.11269926910019,Low Priority,5.0136227475268615,Low,Low
2285,1954,Master,Together,36634.0,0,1,2013-05-28,0,213,9,76,4,3,30,3,5,2,5,7,0,0,0,0,0,0,0,72,1,335,4805,12,25.76923076923077,1,Loyal Customers,3621.8005999999973,0.40926539010682794,0.0852558708704562,0.05249226993274541,0.13095238095238096,1.0,0.75,29.824846242931695,Low Priority,1482.2776354481423,Low,Low
2295,1954,PhD,Married,62670.0,0,1,2014-02-02,57,539,30,92,80,46,38,1,5,3,13,3,0,0,0,0,0,0,0,72,1,825,4555,21,37.5,1,Loyal Customers,7563.585733333331,0.04113086780441328,0.1781157296916694,0.09164791799511532,0.3253968253968254,0.4242424242424242,0.75,21.996041606998137,Low Priority,311.0968449250795,Low,Low
1378,1972,2n Cycle,Together,50334.0,0,1,2013-07-24,24,284,16,160,84,16,134,6,7,4,6,6,0,0,0,0,0,0,0,54,1,694,4748,17,38.55555555555556,1,Loyal Customers,8336.075366666651,0.3388015474494638,0.19631390028335824,0.0730957565840923,0.27341269841269844,0.7575757575757576,0.75,32.17349026189485,Low Priority,2824.275233882018,Low,Low
2781,1981,Graduation,Single,72066.0,0,0,2014-06-23,55,1003,34,536,134,51,34,1,4,6,6,2,0,0,1,1,0,0,1,45,0,1792,4414,16,105.41176470588236,3,Premium VIP Customers,11916.843033333293,0.8558320603109293,0.2806689751418008,0.10577860124884199,0.7091269841269842,0.4444444444444444,1.0,58.011944060197315,Email Nurture Campaign,10198.816325619577,Medium,Medium
1165,1958,PhD,Single,50729.0,1,1,2013-05-02,62,239,13,143,45,4,52,9,6,2,7,6,0,0,0,0,0,0,0,68,2,496,4831,15,31.0,1,Loyal Customers,2947.4203666666594,0.19008168003224768,0.0693689437192053,0.07368979871747056,0.19484126984126984,0.3737373737373737,0.75,20.811722616024213,Low Priority,560.250615057262,Low,Low
1404,1968,Graduation,Together,34916.0,2,0,2013-05-15,89,51,23,82,33,0,42,4,5,1,3,9,0,0,0,0,0,0,0,58,2,231,4818,9,23.1,2,Dormant Customers,268.8698000000009,0.14729504944079236,0.006268135569418979,0.04990856262858381,0.08968253968253967,0.10101010101010088,0.5,11.956269776880777,Low Priority,39.603190484136086,Low,Low
6457,1976,Graduation,Divorced,64892.0,0,1,2014-05-29,77,527,24,230,32,24,65,2,6,4,12,4,0,0,0,0,0,0,0,50,1,902,4439,22,39.21739130434783,3,Premium VIP Customers,4520.349333333346,0.04283495325335886,0.10642371886291013,0.09498959298338487,0.35595238095238096,0.2222222222222222,1.0,21.878052918718744,Low Priority,193.62895238218576,Low,Low
2639,1966,Graduation,Single,43602.0,1,1,2014-01-10,45,19,5,12,10,3,19,3,3,1,2,6,0,0,0,0,0,0,0,60,2,68,4578,6,9.714285714285714,0,Low-Value Customers,296.36883333333304,0.28393087206124784,0.00691595280619811,0.06297147394636476,0.025,0.5454545454545454,0.25,14.957392212759753,Low Priority,84.14826130010786,Low,Low
8299,1989,PhD,Single,33996.0,0,0,2013-09-11,46,40,2,15,8,0,6,1,1,1,3,4,0,0,0,0,0,0,0,37,0,71,4699,5,11.833333333333334,0,Low-Value Customers,181.01389999999935,0.06325279228860724,0.004198442221189268,0.04852497082425978,0.02619047619047619,0.5353535353535352,0.25,8.078411563161312,Low Priority,11.44963461805068,Low,Low
6437,1985,2n Cycle,Single,41473.0,1,0,2013-06-19,80,21,8,20,15,3,9,1,2,0,3,7,0,0,0,0,0,0,0,41,1,76,4783,5,12.666666666666666,2,Dormant Customers,66.87559999999998,0.10010462599759704,0.0015095928634541365,0.05976966204266275,0.028174603174603175,0.19191919191919182,0.5,10.02833819347317,Low Priority,6.694556926364898,Low,Low
6912,1967,PhD,Married,63246.0,0,2,2013-08-20,60,593,30,91,29,22,7,1,6,3,12,4,0,0,0,0,0,0,0,59,2,772,4721,21,35.09090909090909,1,Loyal Customers,7174.8715666666785,0.03450544893529235,0.1689584718966595,0.09251416677695297,0.3043650793650794,0.3939393939393939,0.75,21.064232452901248,Low Priority,247.5721644608981,Low,Low
7327,1959,PhD,Married,36732.0,1,1,2013-12-29,71,21,5,3,10,1,7,3,1,1,4,2,0,0,0,0,0,0,0,67,2,47,4590,6,6.714285714285714,2,Dormant Customers,105.74216666666653,0.03179852694874771,0.002425204387535331,0.05263965253798862,0.016666666666666666,0.28282828282828276,0.5,8.21724987960979,Low Priority,3.362445136368968,Low,Low
5299,1970,PhD,Married,69084.0,1,0,2013-11-19,43,1181,107,199,39,30,30,2,7,3,13,8,0,0,0,0,0,0,0,56,1,1586,4630,23,66.08333333333333,3,Premium VIP Customers,19664.8933333333,0.2329607413518532,0.4631961380034749,0.10129395911787,0.6273809523809524,0.5656565656565656,1.0,44.136643085835665,Email Nurture Campaign,4581.148129538442,Low,Low
4127,1967,PhD,Married,77766.0,0,1,2013-02-22,97,1004,59,265,115,59,27,2,11,10,11,6,1,0,0,0,0,0,1,59,1,1529,4900,32,46.333333333333336,3,Premium VIP Customers,1444.7563666666738,0.8480533326894084,0.033969457908643134,0.1143508548191104,0.6047619047619047,0.02020202020202011,1.0,46.776630938571316,Email Nurture Campaign,1225.2304516759136,Low,Low
8143,1985,PhD,Single,37929.0,0,0,2013-07-30,49,202,2,46,3,2,10,2,4,2,5,7,0,1,0,1,0,0,1,41,0,265,4742,11,22.08333333333333,0,Low-Value Customers,1519.181900000006,0.6637675339117615,0.03572276111626429,0.054439825787744985,0.10317460317460317,0.505050505050505,0.25,28.101978681589795,Low Priority,1008.3836233263881,Low,Low
1964,1951,Graduation,Together,86610.0,0,0,2013-09-05,66,446,107,768,33,196,53,1,5,6,6,2,0,0,0,0,0,0,0,75,0,1603,4705,17,89.05555555555556,3,Premium VIP Customers,9104.042599999995,0.6645674919125468,0.21440553299656667,0.12765138299024267,0.6341269841269841,0.33333333333333326,1.0,48.82427600574725,Email Nurture Campaign,6050.250756946979,Medium,Low
3690,1986,Master,Married,80141.0,0,0,2013-01-11,20,1184,102,673,52,40,40,1,7,4,10,6,0,0,1,0,0,0,1,40,0,2091,4942,21,95.04545454545456,3,Premium VIP Customers,31650.50786666664,0.9412331451420116,0.7455510700465698,0.11792262714005558,0.8277777777777778,0.797979797979798,1.0,78.18931838362366,Cross-Sell Campaign,29790.50706468462,High,High
3433,1955,2n Cycle,Married,72635.0,0,0,2013-06-03,54,390,22,323,104,35,107,1,6,8,6,3,0,0,0,1,0,0,0,71,0,981,4799,20,46.71428571428572,3,Premium VIP Customers,10294.849366666693,0.20327923366815634,0.2424583426996936,0.1066343227017337,0.3873015873015873,0.4545454545454545,1.0,32.520721600303915,Low Priority,2092.72908998511,Low,Low
3389,1970,Graduation,Married,69016.0,0,1,2012-11-22,61,726,53,363,123,107,161,4,8,9,13,5,0,0,0,0,0,0,0,56,1,1533,4992,30,49.45161290322581,3,Premium VIP Customers,17080.522166666666,0.19390791724014023,0.40231399106733856,0.10119169363668082,0.6063492063492063,0.38383838383838376,1.0,39.913004200021184,Low Priority,3312.0484787123805,Low,Low
4712,1991,2n Cycle,Together,20193.0,0,0,2012-11-28,18,8,8,22,24,11,9,1,1,1,4,4,0,0,0,0,0,0,0,35,0,82,4986,6,11.714285714285714,0,Low-Value Customers,406.0867333333347,0.1171077491097071,0.009500667182941529,0.027766582046993997,0.030555555555555558,0.8181818181818181,0.25,11.125160733491821,Low Priority,47.55590328398069,Low,Low
1170,1975,Graduation,Married,27573.0,1,0,2013-03-25,45,50,15,110,39,15,15,4,5,1,4,8,0,0,0,0,0,0,0,51,1,244,4869,10,22.181818181818183,0,Low-Value Customers,1422.6902000000005,0.33027976521326713,0.03344962715884783,0.03886539456428889,0.09484126984126984,0.5454545454545454,0.25,17.950427491698115,Low Priority,469.8857852272162,Low,Low
6347,1979,Basic,Single,15862.0,1,0,2013-06-27,26,1,1,4,11,9,10,1,1,0,3,8,0,0,0,0,0,0,0,47,1,36,4775,4,7.2,0,Low-Value Customers,101.43733333333371,0.05440629338646336,0.0023237919051040277,0.021253173237725135,0.012301587301587301,0.7373737373737373,0.25,8.28582678751677,Low Priority,5.518829317673833,Low,Low
4065,1976,PhD,Married,49544.0,1,0,2013-02-12,0,308,0,73,0,0,23,2,5,1,8,7,0,0,0,0,0,0,0,50,1,404,4910,14,26.933333333333334,1,Loyal Customers,5772.257866666661,0.46511826116458405,0.135915952896503,0.0719076723173358,0.15833333333333335,1.0,0.75,33.625103145005966,Low Priority,2684.782541937589,Low,Low
8230,1980,Graduation,Married,33228.0,1,0,2014-01-23,28,22,2,31,7,4,5,1,2,0,3,7,0,0,0,0,0,0,0,46,1,71,4565,5,11.833333333333334,0,Low-Value Customers,226.2328999999994,0.1481572540029762,0.005263703216906092,0.047369972448476245,0.02619047619047619,0.7171717171717171,0.25,11.555044169796961,Low Priority,33.518045229129825,Low,Low
1215,1978,Graduation,Together,70440.0,0,0,2013-10-08,49,690,117,499,76,102,88,1,5,10,7,3,0,0,0,1,0,0,0,48,0,1572,4672,22,68.34782608695652,3,Premium VIP Customers,15844.885866666631,0.6422817171099351,0.3732050953535481,0.1033332531251128,0.6218253968253968,0.505050505050505,1.0,53.3505703827891,Email Nurture Campaign,10176.880501853586,Medium,Low
5939,1971,Graduation,Together,38232.0,1,1,2014-01-17,84,43,5,28,7,6,33,4,3,1,3,5,0,0,0,0,0,0,0,55,2,122,4571,7,15.25,2,Dormant Customers,122.69433333333303,0.11823175728558857,0.002824560453412301,0.05489550874069083,0.04642857142857143,0.1515151515151515,0.5,10.634648948581264,Low Priority,14.506366638983732,Low,Low
2156,1955,PhD,Married,22554.0,1,1,2012-11-03,38,27,0,10,0,0,4,4,2,0,4,5,0,0,0,0,0,0,0,71,2,41,5011,6,5.857142857142857,0,Low-Value Customers,175.60163333333247,0.027969713617210092,0.004070941025266789,0.031317299710047285,0.014285714285714287,0.6161616161616161,0.25,7.069486431468574,Low Priority,4.911527395047643,Low,Low
7788,1983,PhD,Married,23536.0,1,0,2014-06-04,53,6,0,3,0,0,1,1,0,0,3,3,0,0,0,0,0,0,0,43,1,10,4433,3,2.5,0,Low-Value Customers,22.818833333333433,0.017768708965624058,0.0004717115496834434,0.032794133570749666,0.001984126984126984,0.46464646464646464,0.25,5.728148179160949,Low Priority,0.4054612084350829,Low,Low
10323,1952,Graduation,Married,49413.0,0,1,2013-10-25,88,205,7,41,3,2,46,2,4,2,5,5,0,0,0,0,0,0,0,74,1,304,4655,11,25.33333333333333,2,Dormant Customers,395.73856666666615,0.06427722375908941,0.00925688695057949,0.07171066087563314,0.11865079365079365,0.11111111111111105,0.5,10.258447390363857,Low Priority,25.436976399734622,Low,Low
7947,1969,Graduation,Married,42231.0,1,1,2014-03-25,99,24,0,8,0,1,4,1,1,0,3,5,0,0,0,0,0,0,0,57,2,37,4504,4,7.4,2,Dormant Customers,3.0613000000000095,0.017150585012776175,6.267164987295865e-06,0.060909621377094936,0.012698412698412698,0.0,0.5,6.314277969580044,Low Priority,0.05250308589961187,Low,Low
1891,1980,Master,Divorced,78789.0,0,0,2012-08-08,12,667,50,850,21,83,83,1,4,6,5,2,0,0,0,0,0,0,1,46,0,1754,5098,15,109.625,3,Premium VIP Customers,22679.95743333327,0.9319787560297543,0.5342244709015049,0.11588934874935332,0.694047619047619,0.8787878787878788,1.0,69.94964397508498,Cross-Sell Campaign,21137.23851552572,High,Medium
2570,1968,Graduation,Together,56534.0,0,1,2013-07-23,35,691,7,61,10,0,46,4,10,4,7,8,0,1,0,0,1,0,1,58,1,815,4749,21,37.04545454545455,1,Loyal Customers,12185.356633333337,0.7298116959030624,0.28699456980111554,0.08241996222192813,0.32142857142857145,0.6464646464646464,0.75,46.88213939709642,Email Nurture Campaign,8893.015789756633,Medium,Low
9256,1971,Graduation,Single,58350.0,0,1,2013-01-04,5,493,26,206,116,80,80,4,8,3,12,6,0,0,0,0,0,0,0,55,1,1001,4949,23,41.708333333333336,1,Loyal Customers,19544.20176666663,0.2128762844332704,0.4603529079788843,0.08515105213133294,0.3952380952380952,0.9494949494949495,0.75,39.22443246972415,Low Priority,4160.497054302151,Low,Low
295,1989,Graduation,Single,81217.0,0,0,2013-07-19,77,493,70,324,146,40,84,1,3,7,11,1,0,0,0,0,0,0,0,37,0,1157,4753,21,52.59090909090909,3,Premium VIP Customers,6606.025800000021,0.1745819284610434,0.15555770655888945,0.11954082798946064,0.45714285714285713,0.2222222222222222,1.0,29.067851298746554,Low Priority,1153.2927236274106,Low,Low
7397,1951,Graduation,Single,49090.0,0,1,2013-07-19,45,494,5,82,7,0,100,3,7,2,9,7,0,0,0,0,0,0,0,75,1,688,4753,18,36.21052631578947,1,Loyal Customers,6759.418799999985,0.26468887166797306,0.1591713110153337,0.0712248998399846,0.271031746031746,0.5454545454545454,0.75,27.720803396647963,Low Priority,1789.1429353032804,Low,Low
6349,1987,Master,Divorced,61787.0,0,0,2013-07-06,71,621,73,414,78,48,85,1,8,4,6,5,0,0,0,0,0,0,0,39,0,1319,4766,18,69.42105263157895,3,Premium VIP Customers,5022.648199999999,0.37426293499760294,0.11825678440732178,0.09031997064379128,0.5214285714285715,0.28282828282828276,1.0,34.91436127415564,Low Priority,1879.7910567924268,Low,Low
10790,1985,PhD,Married,18169.0,1,0,2013-02-19,40,9,0,5,0,0,7,1,1,0,2,8,0,0,0,0,0,0,0,41,1,21,4903,3,5.25,0,Low-Value Customers,35.60106666666664,0.13192065897704014,0.0007728330828476289,0.02472268007748114,0.006349206349206349,0.5959595959595959,0.25,9.80306763760752,Low Priority,4.696516174952201,Low,Low
10398,1981,2n Cycle,Single,24336.0,1,0,2012-08-27,82,1,6,2,8,2,12,1,1,0,2,7,0,0,0,0,0,0,0,45,1,31,5079,3,7.75,2,Dormant Customers,14.579166666666596,0.08378849711732683,0.0002776029776737078,0.03399725687885751,0.010317460317460317,0.1717171717171716,0.5,8.875303334986356,Low Priority,1.2215664642230215,Low,Low
2431,1990,Graduation,Married,18222.0,0,0,2012-12-31,70,12,4,19,12,6,14,1,2,0,3,8,0,0,0,0,0,0,0,36,0,67,4953,5,11.166666666666666,2,Dormant Customers,95.63523333333329,0.11899589193244306,0.002187107086261306,0.024802386996643288,0.024603174603174603,0.2929292929292928,0.5,10.717207924221647,Low Priority,11.380199890667305,Low,Low
550,1952,Graduation,Divorced,62335.0,0,1,2013-05-23,87,243,131,217,85,6,26,2,3,3,13,2,0,0,0,0,0,0,0,74,1,708,4810,19,35.4,1,Loyal Customers,2122.456233333336,0.026636176560045095,0.049934588379517926,0.09114411010984516,0.278968253968254,0.1212121212121211,0.75,15.499148464869759,Low Priority,56.53411897203501,Low,Low
1890,1971,2n Cycle,Together,42033.0,1,1,2012-09-19,95,11,1,4,2,0,7,1,1,0,2,7,0,0,0,0,0,0,0,55,2,25,5056,3,6.25,2,Dormant Customers,4.4674000000000005,0.005932409381663112,3.939181361016271e-05,0.060611848358338244,0.007936507936507936,0.04040404040404033,0.5,6.106340340509401,Low Priority,0.02650244567164179,Low,Low
10742,1983,PhD,Married,86580.0,0,0,2013-02-27,72,532,21,127,26,20,20,0,4,2,5,1,0,0,1,0,0,0,0,43,0,746,4895,11,62.16666666666666,1,Loyal Customers,6537.694666666671,0.3056674021042468,0.15394797412046438,0.12760626586618862,0.29404761904761906,0.2727272727272727,0.75,28.33887459475387,Low Priority,1998.360144510791,Low,Low
10356,1957,PhD,Divorced,41437.0,1,1,2012-09-22,5,29,0,2,0,0,1,1,1,0,3,7,0,0,0,0,0,0,0,69,2,32,5053,4,6.4,0,Low-Value Customers,122.64306666666616,0.016965885939452318,0.0028233527225827683,0.0597155214937979,0.010714285714285714,0.9494949494949495,0.25,8.599021407988065,Low Priority,2.0807482803313047,Low,Low
4676,1951,Master,Widow,73705.0,0,2,2014-03-05,86,612,91,520,258,107,107,2,9,6,8,5,0,0,0,0,0,0,0,75,2,1695,4524,23,70.625,3,Premium VIP Customers,5134.474066666653,0.2690902576569756,0.12089115788024725,0.10824350012632794,0.6706349206349207,0.13131313131313127,1.0,33.49796693346943,Low Priority,1381.6369495323888,Low,Low
8852,1976,Graduation,Married,61064.0,0,1,2012-08-31,80,387,126,342,0,45,180,5,8,4,11,6,0,0,0,0,0,0,0,50,1,1080,5075,23,45.0,3,Premium VIP Customers,4928.396266666666,0.07444817023737645,0.11603641446656895,0.08923264795408882,0.42658730158730157,0.19191919191919182,1.0,23.965269504064736,Low Priority,366.91008425805046,Low,Low
3565,1955,Master,Married,38452.0,1,1,2014-03-30,62,56,0,14,0,0,2,3,3,0,3,7,0,0,0,0,0,0,0,71,2,72,4499,6,10.285714285714286,2,Dormant Customers,170.62510000000103,0.09492623661329988,0.003953704756134729,0.055226367650420494,0.026587301587301587,0.3737373737373737,0.5,10.786158310083636,Low Priority,16.19679861476805,Low,Low
5294,1989,Graduation,Single,18358.0,1,0,2013-11-20,49,6,8,19,16,4,4,3,3,0,4,7,0,0,0,0,0,0,0,37,1,57,4629,7,7.125,0,Low-Value Customers,262.2289666666667,0.07624662061943854,0.006111692022921775,0.02500691795902162,0.020634920634920634,0.505050505050505,0.25,8.05559489363736,Low Priority,19.99407253686073,Low,Low
1958,1973,PhD,Together,55012.0,0,1,2014-03-21,85,582,0,65,0,0,13,6,8,2,9,5,0,0,0,0,0,0,0,53,1,660,4508,19,33.0,1,Loyal Customers,1811.0531333333354,0.11260734222307815,0.04259861066273281,0.08013102012825295,0.25992063492063494,0.14141414141414133,0.75,17.563369018737088,Low Priority,203.93787996944488,Low,Low
7349,1973,Basic,Together,9722.0,1,0,2012-10-02,7,6,17,16,6,16,42,4,3,1,3,8,0,0,0,0,0,0,1,53,1,103,5043,7,12.875,0,Low-Value Customers,612.0625333333327,0.868767722568834,0.0143530076991309,0.0120192018479974,0.03888888888888889,0.9292929292929293,0.25,34.34361190631691,Low Priority,531.7401731537105,Low,Low
8799,1984,PhD,Married,38175.0,1,0,2013-09-23,6,70,6,69,2,3,3,3,3,1,4,7,0,0,0,0,0,0,0,42,1,153,4687,8,17.0,0,Low-Value Customers,1094.5643999999977,0.5398483619919128,0.02571969911027572,0.05480978620498815,0.05873015873015873,0.9393939393939394,0.25,25.59306177303762,Low Priority,590.8987984346596,Low,Low
1351,1956,Master,Together,58656.0,0,1,2012-09-20,25,962,12,194,16,24,12,4,7,8,13,6,0,0,1,0,0,0,0,70,1,1220,5055,28,42.06896551724138,3,Premium VIP Customers,23111.115300000012,0.2766907533597988,0.5443816096784915,0.08561124679668419,0.48214285714285715,0.7474747474747474,1.0,46.45779995363214,Email Nurture Campaign,6394.631903342176,Medium,Low
1045,1965,Graduation,Together,52117.0,0,1,2012-08-16,55,112,10,107,30,0,20,2,5,2,4,7,0,0,0,0,0,0,0,61,1,279,5090,11,23.25,2,Dormant Customers,1334.1204333333285,0.2776752837659396,0.03136311666923626,0.07577721765703767,0.10873015873015873,0.4444444444444444,0.5,18.882098792800253,Low Priority,370.4522699037703,Low,Low
7732,1978,Graduation,Married,64813.0,1,0,2014-01-02,81,293,0,124,179,97,52,1,7,2,10,5,0,0,0,0,0,0,0,48,1,745,4586,19,37.25,1,Loyal Customers,2548.78363333333,0.10370574761175493,0.059977931899395806,0.09487078455670922,0.29365079365079366,0.18181818181818177,0.75,18.67307104475443,Low Priority,264.323512195438,Low,Low
8070,1973,PhD,Married,54222.0,0,1,2014-03-01,98,199,12,31,3,12,7,1,3,3,5,3,0,0,0,0,0,0,0,53,1,264,4528,11,22.0,2,Dormant Customers,522.7869666666664,0.05602043181933498,0.012249870101207094,0.07894293586149645,0.10277777777777777,0.010101010101010055,0.5,9.429710133402944,Low Priority,29.286751622186934,Low,Low
477,1986,Graduation,Married,83512.0,0,0,2014-06-17,31,1060,61,835,80,20,101,1,4,7,10,1,1,0,1,1,1,0,1,40,0,2157,4420,21,98.04545454545456,3,Premium VIP Customers,28268.331266666584,0.6195542677005935,0.6658743674966195,0.12299228797959502,0.8539682539682539,0.6868686868686869,1.0,66.03664917957957,Cross-Sell Campaign,17513.765277037408,High,Medium
7832,1959,Master,Married,77520.0,0,1,2013-08-28,30,940,44,396,0,88,58,1,8,7,7,4,1,0,1,1,0,0,1,67,1,1526,4713,22,66.34782608695652,3,Premium VIP Customers,19481.697766666683,0.8216427449383986,0.45888045009002726,0.11398089440186725,0.6035714285714285,0.696969696969697,1.0,62.09392470829136,Cross-Sell Campaign,16006.995629064282,High,Medium
2202,1978,Graduation,Together,41154.0,0,1,2013-04-09,98,44,2,11,2,3,7,1,1,0,4,5,0,0,0,0,0,0,0,48,1,69,4854,5,11.5,2,Dormant Customers,15.114100000000011,0.03019442655419495,0.00029020484006139595,0.05928991662355475,0.025396825396825397,0.010101010101010055,0.5,6.93889553952067,Low Priority,0.45636158238275826,Low,Low
7396,1966,Graduation,Married,80398.0,0,0,2012-11-10,92,342,51,936,207,35,26,1,5,8,12,3,0,0,1,0,0,0,0,60,0,1597,5004,25,61.42307692307692,3,Premium VIP Customers,2711.494299999998,0.21068465201426037,0.06381104025621669,0.11830913050278523,0.6317460317460317,0.07070707070707061,1.0,29.24768790286799,Low Priority,571.2702330341501,Low,Low
4055,1992,Basic,Single,18746.0,1,0,2014-05-29,41,2,10,11,12,9,20,2,3,0,3,6,0,0,0,0,0,0,0,34,1,64,4439,6,9.142857142857142,0,Low-Value Customers,219.30679999999978,0.1395885515615498,0.005100539410045395,0.02559043276345393,0.023412698412698413,0.5858585858585859,0.25,10.377060462265803,Low Priority,30.612718559598463,Low,Low
10340,1984,Graduation,Together,35196.0,1,0,2012-11-13,68,75,12,141,43,39,187,6,6,1,5,8,0,0,0,0,0,0,0,42,1,497,5001,12,38.23076923076923,2,Dormant Customers,1836.6794666666597,0.28964037801065373,0.04320231117276682,0.05032965578642155,0.19523809523809524,0.31313131313131304,0.5,19.982805227594824,Low Priority,531.9765350097372,Low,Low
10091,1956,Graduation,Single,60230.0,0,1,2013-05-20,78,520,20,367,39,81,40,2,6,3,6,5,0,0,0,0,0,0,0,70,1,1067,4813,15,66.6875,1,Loyal Customers,3414.65109999999,0.2794947320884782,0.08037588054266812,0.08797839190538638,0.42142857142857143,0.21212121212121204,0.75,26.557936930022883,Low Priority,954.3769943701245,Low,Low
7629,1977,Graduation,Married,22108.0,1,1,2014-05-08,46,5,3,9,6,2,6,2,2,0,3,7,0,0,0,0,0,0,0,49,2,31,4460,5,5.166666666666667,0,Low-Value Customers,105.08560000000034,0.037032202674363496,0.0024097371091548426,0.030646558465777157,0.010317460317460317,0.5353535353535352,0.25,6.821253359692903,Low Priority,3.8915512373571053,Low,Low
10640,1974,Graduation,Together,44392.0,1,1,2013-09-05,71,87,5,71,7,12,29,5,4,1,4,7,0,0,0,0,0,0,0,52,2,211,4705,9,21.1,2,Dormant Customers,609.1698666666664,0.2484748170373461,0.014284862782754823,0.06415955821312126,0.08174603174603173,0.28282828282828276,0.5,16.164717867066134,Low Priority,151.36337116466447,Low,Low
3498,1976,PhD,Married,55424.0,0,1,2012-11-25,6,462,61,184,10,53,107,4,7,5,9,6,1,0,0,0,0,0,1,50,1,877,4989,21,39.86363636363637,1,Loyal Customers,17303.943800000055,0.766295558866408,0.40757731735914965,0.08075062863192849,0.346031746031746,0.9393939393939394,0.75,53.4111384605319,Email Nurture Campaign,13259.935284813959,Medium,Low
6742,1979,Graduation,Married,17688.0,1,0,2013-01-13,82,2,2,1,3,1,2,1,1,0,2,8,0,0,0,0,0,1,0,47,1,11,4940,3,2.75,2,Dormant Customers,8.671500000000016,0.04347243508164242,0.00013843123845576114,0.023999302188481297,0.002380952380952381,0.1717171717171716,0.5,7.442619155787902,Low Priority,0.3769712208104629,Low,Low
1172,1983,PhD,Married,92491.0,0,0,2013-05-01,71,979,44,935,29,25,22,1,7,5,12,3,0,1,1,1,0,0,1,43,0,2034,4832,24,81.36,3,Premium VIP Customers,12216.59450000002,0.9561776621606467,0.2877304657950433,0.13649584320897049,0.8051587301587302,0.28282828282828276,1.0,62.17372463728277,Cross-Sell Campaign,11681.234768574634,Medium,Medium
569,1991,Graduation,Single,90273.0,0,0,2013-12-14,32,704,129,853,120,74,111,1,5,6,7,2,0,1,1,1,0,0,1,35,0,1991,4605,18,104.78947368421052,3,Premium VIP Customers,24042.87663333327,0.801401968426755,0.5663318740743654,0.13316018383724149,0.7880952380952381,0.6767676767676767,1.0,67.56888406867299,Cross-Sell Campaign,19268.00866059492,High,Medium
4686,1962,PhD,Widow,82571.0,0,0,2014-04-02,28,861,31,558,62,95,79,0,6,5,13,2,0,0,1,0,0,0,0,64,0,1686,4496,24,67.44,3,Premium VIP Customers,26783.240066666694,0.4878690323332421,0.6308888585193716,0.12157711418843317,0.667063492063492,0.7171717171717171,1.0,58.370318834273704,Email Nurture Campaign,13066.713414073598,Medium,Medium
1381,1982,PhD,Single,38513.0,1,0,2014-01-28,20,172,3,115,16,0,18,5,6,1,5,8,0,0,0,0,0,0,1,44,1,324,4560,12,24.923076923076923,0,Low-Value Customers,3209.2793666666753,0.8592689530872858,0.07553777051938726,0.05531810580266371,0.12658730158730158,0.797979797979798,0.25,36.98609127993535,Low Priority,2757.6341215603015,Low,Low
2634,1979,Master,Single,16653.0,1,0,2014-04-18,10,5,7,31,15,4,7,3,2,1,3,6,0,0,0,0,0,0,1,47,1,69,4480,6,9.857142857142858,0,Low-Value Customers,379.1117333333343,0.8007079582951677,0.008865195028328164,0.02244276140861677,0.025396825396825397,0.898989898989899,0.25,31.88752408969292,Low Priority,303.5577819630762,Low,Low
10905,1955,Graduation,Together,42586.0,1,1,2012-10-29,7,194,2,56,0,0,0,5,4,1,6,8,0,0,0,0,0,0,1,71,2,252,5016,11,21.0,0,Low-Value Customers,2688.8779666666605,0.9108823335557928,0.06327824877993161,0.0614435073450678,0.09801587301587303,0.9292929292929293,0.25,38.45595528522516,Low Priority,2449.251436924083,Low,Low
1744,1965,Basic,Single,23529.0,0,1,2013-01-07,67,9,7,13,3,2,20,1,1,1,2,6,0,0,0,0,0,0,0,61,1,54,4946,4,10.8,2,Dormant Customers,77.53266666666673,0.13195450815453283,0.0017606501059573762,0.03278360624180372,0.019444444444444445,0.3232323232323232,0.5,11.247119093061025,Low Priority,10.23078489590935,Low,Low
1000,1961,Master,Together,74881.0,1,1,2013-03-08,48,505,72,270,36,27,54,4,9,2,12,5,0,0,0,0,0,0,0,65,2,964,4886,23,40.16666666666666,1,Loyal Customers,11479.322866666624,0.05765541214500523,0.27036195445603756,0.11001209138924649,0.38055555555555554,0.5151515151515151,0.75,26.724732821014662,Low Priority,661.8450910232472,Low,Low
3828,1951,Graduation,Married,71107.0,0,1,2013-02-17,61,533,10,217,198,174,195,2,7,6,13,4,0,0,0,0,0,0,0,75,1,1327,4905,26,49.14814814814815,3,Premium VIP Customers,13341.983733333274,0.11829726517177,0.3142421811197868,0.10433635718324771,0.5246031746031746,0.38383838383838376,1.0,33.80778649881873,Low Priority,1578.3201876195683,Low,Low
8605,1964,PhD,Together,46910.0,1,1,2014-03-23,36,48,0,14,0,0,6,2,2,0,3,6,0,0,0,0,0,0,0,62,2,68,4506,5,11.333333333333334,0,Low-Value Customers,207.50306666666586,0.07619975953614005,0.004822469202304331,0.06794638882539071,0.025,0.6363636363636364,0.25,9.166948932225422,Low Priority,15.811683783011578,Low,Low
10304,1959,Graduation,Married,18690.0,0,0,2012-12-28,77,6,1,7,23,4,19,1,1,1,2,8,0,0,0,0,0,0,0,67,0,60,4956,4,12.0,2,Dormant Customers,54.23653333333362,0.12759883095986618,0.0012118440246415949,0.025506214131886376,0.021825396825396824,0.2222222222222222,0.5,10.557874454346162,Low Priority,6.920518248649184,Low,Low
4351,1955,Graduation,Divorced,37244.0,1,1,2013-04-27,90,18,2,10,0,0,25,1,1,1,2,7,1,0,0,0,0,0,0,71,2,55,4836,4,11.0,2,Dormant Customers,19.58066666666666,0.0983943850156747,0.00039542740700823,0.05340965145517764,0.01984126984126984,0.09090909090909083,0.5,9.249955389396765,Low Priority,1.926627654863587,Low,Low
10129,1966,Graduation,Together,82427.0,0,0,2014-03-12,35,482,147,509,104,107,107,1,3,5,12,1,0,0,1,0,0,0,0,60,0,1456,4517,20,69.33333333333333,3,Premium VIP Customers,19228.05653333333,0.3937324183103986,0.45290521594562927,0.12136055199297376,0.5757936507936507,0.6464646464646464,1.0,48.48196254183856,Email Nurture Campaign,7570.709198278391,Medium,Low
2499,1958,2n Cycle,Single,75342.0,0,1,2013-05-06,38,204,97,97,21,118,26,1,5,2,10,4,0,0,0,0,0,0,0,68,1,563,4827,17,31.27777777777778,1,Loyal Customers,7749.739400000007,0.11197294045290954,0.18250110398808642,0.11070539119554362,0.22142857142857145,0.6161616161616161,0.75,23.84351189742197,Low Priority,867.7611083617676,Low,Low
10092,1954,Graduation,Divorced,70044.0,0,1,2013-02-18,46,1073,0,250,153,14,14,4,7,10,5,5,0,0,0,0,0,0,0,72,1,1504,4904,22,65.3913043478261,3,Premium VIP Customers,18200.078899999946,0.5766456920950379,0.4286883054155569,0.10273770708759941,0.5948412698412698,0.5353535353535352,1.0,52.786783720580566,Email Nurture Campaign,10494.997093474765,Medium,Low
7500,1967,Graduation,Single,79146.0,1,1,2014-04-24,33,245,16,223,21,43,16,2,8,1,8,6,0,0,0,0,0,0,0,59,2,564,4474,17,31.33333333333333,1,Loyal Customers,6600.988899999977,0.22397291830390825,0.15543904818277823,0.11642624252559644,0.22182539682539684,0.6666666666666666,0.75,26.707335705570845,Low Priority,1478.4427476247,Low,Low
5796,1963,Graduation,Married,77437.0,0,0,2013-11-26,70,560,21,442,29,44,29,1,4,5,13,1,0,0,1,0,0,0,0,63,0,1125,4623,22,48.91304347826087,3,Premium VIP Customers,7760.111866666667,0.10912954570156508,0.18274545667543832,0.11385607035865106,0.4444444444444445,0.2929292929292928,1.0,28.026123906209737,Low Priority,846.8574826026576,Low,Low
10556,1959,Graduation,Married,54984.0,0,1,2014-05-24,51,173,13,131,32,3,6,4,6,1,6,7,0,0,0,1,0,0,0,67,1,358,4444,13,25.571428571428573,1,Loyal Customers,2442.7253666666656,0.32204755415185465,0.05747943050057383,0.08008891081246917,0.14007936507936508,0.48484848484848475,0.75,24.212131548130447,Low Priority,786.6737297996921,Low,Low
1064,1971,PhD,Married,42403.0,1,0,2013-12-11,18,22,1,11,0,5,3,1,1,0,3,8,0,0,0,0,0,0,0,55,1,42,4608,4,8.4,0,Low-Value Customers,134.44059999999982,0.1716815382700855,0.003101276871848993,0.061168292888338124,0.014682539682539682,0.8181818181818181,0.25,12.666314569288604,Low Priority,23.080969013953226,Low,Low
48,1964,Graduation,Together,55761.0,0,1,2014-04-24,97,136,1,12,0,3,32,2,4,1,3,6,0,1,0,0,0,0,0,62,1,184,4474,8,20.444444444444443,2,Dormant Customers,206.86696666666654,0.11272789216741444,0.004807484073942918,0.08125744432546891,0.07103174603174603,0.02020202020202011,0.5,10.505122021981702,Low Priority,23.319677111400104,Low,Low
7610,1983,Graduation,Together,37292.0,1,0,2013-04-18,32,275,0,86,10,23,66,5,6,3,5,8,0,0,0,0,0,0,0,43,1,460,4845,14,30.666666666666668,0,Low-Value Customers,4995.379733333315,0.5023725357713622,0.11761439881823263,0.05348183885366411,0.18055555555555555,0.6767676767676767,0.25,27.726598143396195,Low Priority,2509.5415837755286,Low,Low
263,1945,PhD,Single,45576.0,0,0,2014-05-28,9,56,19,29,2,14,25,1,3,1,3,8,0,0,0,0,0,0,1,81,0,145,4440,7,18.125,0,Low-Value Customers,903.5456333333307,0.8478052866712744,0.021219713670970707,0.06594018070912087,0.05555555555555555,0.9090909090909091,0.25,34.60893969614644,Low Priority,766.0307646887426,Low,Low
10814,1947,Graduation,Together,70321.0,0,0,2013-01-16,6,303,23,751,82,26,191,1,6,5,13,4,0,0,0,0,0,0,1,79,0,1376,4937,24,55.04,1,Loyal Customers,27297.578899999902,0.8768599958470187,0.643005559413517,0.10315428853303175,0.544047619047619,0.9393939393939394,0.75,66.98519352583038,Cross-Sell Campaign,23936.15492088758,High,Medium
9710,1969,PhD,Divorced,58086.0,0,1,2013-01-20,80,708,7,62,0,0,15,2,11,3,7,8,0,0,0,0,0,0,0,57,1,792,4933,21,36.0,1,Loyal Customers,3614.891933333342,0.2903381990856897,0.08509311775489865,0.08475402143965735,0.3123015873015873,0.19191919191919182,0.75,25.254599488733998,Low Priority,1049.5412138133895,Low,Low
9292,1952,Graduation,Married,81795.0,0,0,2012-10-26,74,324,132,693,27,118,88,1,4,11,7,2,0,0,0,0,0,0,0,74,0,1382,5019,22,60.08695652173913,3,Premium VIP Customers,7886.071966666677,0.417890794262283,0.18571280185216937,0.12041008457956856,0.5464285714285715,0.2525252525252525,1.0,38.771263563284094,Low Priority,3295.516877759862,Low,Low
10250,1947,Basic,Together,28389.0,0,0,2012-11-20,49,1,5,3,7,4,8,1,1,0,2,7,0,0,0,0,0,0,0,79,0,28,4994,3,7.0,2,Dormant Customers,39.42930000000007,0.12120953346266222,0.000863017908971672,0.0400925803385589,0.009126984126984128,0.505050505050505,0.5,11.725259631691893,Low Priority,4.779207057759356,Low,Low
7881,1946,Master,Married,66835.0,0,0,2013-09-28,21,620,26,195,34,17,141,1,6,4,13,2,0,0,0,0,0,0,0,80,0,1033,4682,23,43.04166666666666,1,Loyal Customers,18973.34970000006,0.14249619342999736,0.446904878589817,0.0979116787179518,0.40793650793650793,0.7878787878787878,0.75,36.2195905062155,Low Priority,2703.630108866191,Low,Low
5847,1969,Graduation,Divorced,69901.0,0,1,2013-05-29,95,312,21,206,102,92,149,3,7,3,10,5,0,0,0,0,0,0,0,57,1,882,4804,20,42.0,1,Loyal Customers,991.6248333333335,0.09851361083035572,0.02329466748007627,0.10252264879627512,0.348015873015873,0.04040404040404033,0.75,17.60173313453401,Low Priority,97.68854292071637,Low,Low
737,1949,PhD,Married,80360.0,0,0,2013-03-03,56,1493,86,454,112,43,43,2,4,4,5,2,0,1,1,1,0,0,0,77,0,2231,4891,13,159.35714285714286,3,Premium VIP Customers,10639.117399999966,0.5617561860462136,0.25056854655166017,0.11825198214565011,0.8833333333333333,0.43434343434343425,1.0,50.97397897110988,Email Nurture Campaign,5976.590013521889,Medium,Low
3571,1961,PhD,Together,63342.0,0,1,2012-10-16,48,918,21,118,13,10,21,3,8,3,5,6,0,1,0,0,0,0,1,65,1,1101,5029,16,64.76470588235294,1,Loyal Customers,9260.826133333318,0.6242119430591346,0.21809901102196874,0.0926585415739259,0.43492063492063493,0.5151515151515151,0.75,42.795481137739465,Email Nurture Campaign,5780.718275020803,Medium,Low
7807,1974,Graduation,Married,44989.0,0,1,2012-09-12,26,98,0,106,49,10,106,5,5,1,5,6,0,0,0,0,0,0,0,52,1,369,5063,11,30.75,0,Low-Value Customers,2906.032366666672,0.25929249141400956,0.06839393272624404,0.06505738898179675,0.14444444444444446,0.7373737373737373,0.25,18.834701967560928,Low Priority,753.5123724827519,Low,Low
3878,1980,2n Cycle,Single,31859.0,1,0,2014-02-27,3,3,4,7,15,8,11,1,1,0,3,7,0,0,0,0,0,0,0,46,1,48,4530,4,9.6,0,Low-Value Customers,175.96866666666642,0.10500747267356669,0.004079587529924756,0.045311127687476686,0.017063492063492065,0.9696969696969697,0.25,11.33016031241674,Low Priority,18.478024956403942,Low,Low
5092,1949,PhD,Widow,51569.0,0,1,2013-02-12,39,380,0,47,6,0,34,4,7,1,7,8,0,1,0,0,0,0,1,77,1,467,4910,15,29.1875,1,Loyal Customers,4758.7927000000145,0.3887244731619046,0.11204092442246269,0.07495307819098379,0.18333333333333335,0.606060606060606,0.75,29.052795739743885,Low Priority,1849.8591851942233,Low,Low
2154,1971,Graduation,Widow,30372.0,1,1,2012-12-25,33,15,0,12,7,3,7,3,2,0,3,7,0,0,0,0,0,0,0,55,2,44,4959,5,7.333333333333333,0,Low-Value Customers,156.26560000000038,0.05308986383731206,0.003615426261077421,0.04307482223853123,0.015476190476190477,0.6666666666666666,0.25,8.197383115813187,Low Priority,8.296119426455892,Low,Low
5394,1979,Basic,Single,16014.0,1,1,2013-03-17,42,3,9,4,7,8,7,4,1,1,4,3,0,0,0,0,0,0,0,47,2,38,4877,6,5.428571428571429,0,Low-Value Customers,187.3481666666665,0.11394303294878602,0.004347663725788434,0.021481766666265625,0.013095238095238096,0.5757575757575757,0.25,9.338755017116341,Low Priority,21.347018327394636,Low,Low
3798,1968,Graduation,Married,41120.0,1,1,2013-11-06,80,24,2,23,0,8,24,3,2,1,3,6,0,0,0,0,0,0,0,58,2,81,4643,6,11.571428571428571,2,Dormant Customers,94.66966666666696,0.08045493059526408,0.002164360441957718,0.059238783882960167,0.030158730158730156,0.19191919191919182,0.5,9.482943481923167,Low Priority,7.616641461143476,Low,Low
3524,1971,Master,Single,39763.0,1,0,2013-08-04,9,80,1,60,4,6,16,2,5,1,2,9,0,0,0,0,0,0,1,55,1,167,4737,8,18.55555555555556,0,Low-Value Customers,1510.435300000005,0.959776423441778,0.03551671030078545,0.057197985971582224,0.06428571428571428,0.9090909090909091,0.25,38.44051413173299,Low Priority,1449.680190074214,Low,Low
5247,1955,PhD,Married,38725.0,1,1,2014-05-10,52,31,0,6,2,1,5,2,1,0,4,4,0,0,0,0,0,0,0,71,2,45,4458,5,7.5,2,Dormant Customers,126.88013333333323,0.007493057892168371,0.002923168770178963,0.0556369334793123,0.015873015873015872,0.4747474747474747,0.5,8.480688746496154,Low Priority,0.9507201844327078,Low,Low
5883,1972,Graduation,Married,77981.0,1,0,2013-05-26,78,138,120,204,16,126,60,3,7,4,7,5,0,0,0,0,0,0,0,54,1,664,4807,18,34.94736842105263,1,Loyal Customers,3856.154466666647,0.23287491084237505,0.09077673673116526,0.1146741942081644,0.2615079365079365,0.21212121212121204,0.75,23.339516477512962,Low Priority,898.0016276194217,Low,Low
2118,1964,2n Cycle,Married,62905.0,0,1,2013-09-10,68,166,75,96,119,107,59,3,7,2,8,4,0,0,0,0,0,0,0,62,1,622,4700,17,34.55555555555556,1,Loyal Customers,3453.105866666681,0.07478458756189482,0.0812817909570828,0.092001335466872,0.24484126984126986,0.31313131313131304,0.75,18.34028032351366,Low Priority,258.2390980462271,Low,Low
8812,1979,2n Cycle,Divorced,13533.0,1,0,2013-03-10,45,12,3,8,8,0,17,2,2,0,3,7,0,0,0,0,0,0,0,47,1,48,4884,5,8.0,0,Low-Value Customers,123.18143333333323,0.07516536904931574,0.002836035466814054,0.017750580506996162,0.017063492063492065,0.5454545454545454,0.25,8.000773048778964,Low Priority,9.258977896523676,Low,Low
6616,1975,Graduation,Together,59481.0,0,1,2013-10-23,47,178,3,85,71,66,58,2,3,3,8,2,0,0,0,0,0,0,0,51,1,461,4657,14,30.73333333333333,1,Loyal Customers,4043.4218333333406,0.03346771566028603,0.09518834737006993,0.08685196770817041,0.18095238095238095,0.5252525252525252,0.75,17.568749908540727,Low Priority,135.3240922125927,Low,Low
2797,1977,Graduation,Married,72117.0,0,1,2013-08-20,34,707,20,171,65,60,50,1,9,7,9,5,0,0,0,0,0,0,0,49,1,1073,4721,25,41.26923076923077,3,Premium VIP Customers,19730.23556666667,0.16756732855645975,0.464735458478122,0.10585530035973387,0.4238095238095238,0.6565656565656566,1.0,39.66760775460593,Low Priority,3306.142865695982,Low,Low
4328,1986,2n Cycle,Married,21955.0,1,0,2013-09-07,81,5,1,7,17,14,11,2,2,1,3,6,0,0,0,0,0,0,0,40,1,55,4703,6,7.857142857142857,2,Dormant Customers,65.22903333333365,0.08325215034952944,0.0014708033447375106,0.03041646113310153,0.01984126984126984,0.18181818181818177,0.5,9.052563178868981,Low Priority,5.4304572902211605,Low,Low
9167,1956,Graduation,Married,67131.0,0,1,2013-03-26,72,465,71,250,93,35,62,3,9,2,12,6,0,0,0,0,0,0,0,70,1,976,4868,23,40.66666666666666,1,Loyal Customers,5518.0513333333065,0.08493715598723361,0.1299274015172949,0.09835683434195171,0.38531746031746034,0.2727272727272727,0.75,22.072903336953644,Low Priority,468.6875868448935,Low,Low
10560,1980,PhD,Single,36802.0,1,0,2014-06-16,23,16,1,2,0,0,1,1,1,0,3,5,0,0,0,0,0,0,0,46,1,20,4421,4,4.0,0,Low-Value Customers,133.36259999999996,0.037239857807971864,0.003075881543482984,0.05274492582744805,0.005952380952380952,0.7676767676767676,0.25,8.164590991487678,Low Priority,4.966404260901427,Low,Low
2631,1982,Graduation,Together,71853.0,0,0,2013-05-08,29,358,108,413,141,97,32,1,2,8,6,1,0,0,0,0,0,0,0,44,0,1149,4825,16,67.58823529411765,3,Premium VIP Customers,13632.649366666705,0.1627831399894246,0.3210896293602484,0.10545826966805828,0.45396825396825397,0.7070707070707071,1.0,35.91564312204812,Low Priority,2219.165470280847,Low,Low
8312,1961,Basic,Married,28249.0,0,0,2014-06-15,80,1,9,7,2,14,10,1,2,0,3,6,0,0,0,0,0,0,0,65,0,43,4422,5,7.166666666666667,2,Dormant Customers,44.22093333333333,0.020323759884063874,0.0009758983374591776,0.03988203375964003,0.015079365079365078,0.19191919191919182,0.5,7.2235965200285275,Low Priority,0.8987356309158628,Low,Low
5534,1975,Master,Married,47808.0,0,1,2013-10-20,30,123,1,26,2,0,72,2,3,2,3,7,1,0,0,0,0,0,0,51,1,224,4660,8,24.88888888888889,0,Low-Value Customers,1014.1125999999994,0.26713640833487834,0.023824430206159996,0.06929689473874177,0.0869047619047619,0.696969696969697,0.25,16.71021401703848,Low Priority,270.906397611145,Low,Low
5093,1974,PhD,Divorced,25509.0,1,0,2012-09-18,15,40,3,30,10,7,11,3,3,0,3,9,0,0,0,0,0,0,1,52,1,101,5057,6,14.428571428571429,0,Low-Value Customers,455.91173333333535,0.8926226292160806,0.010674435490767695,0.03576133642937065,0.0380952380952381,0.8484848484848485,0.25,34.77037811935197,Low Priority,406.9571300984624,Low,Low
7592,1946,PhD,Married,51012.0,0,0,2013-04-18,86,102,9,63,2,9,24,1,4,1,4,6,0,0,0,0,0,0,0,80,0,209,4845,9,20.9,2,Dormant Customers,294.9480666666648,0.08059511423568207,0.006882482642903559,0.07411540358771371,0.08095238095238094,0.13131313131313127,0.5,10.236333313086076,Low Priority,23.771373126593417,Low,Low
8895,1985,Graduation,Single,70596.0,0,0,2012-10-05,68,347,44,534,17,0,26,1,3,5,12,2,0,0,0,0,0,0,0,41,0,968,5040,20,46.095238095238095,3,Premium VIP Customers,7083.112366666646,0.058628421507687704,0.16679682531539466,0.10356786217019383,0.3821428571428572,0.31313131313131304,1.0,25.09623544919383,Low Priority,415.2716974192476,Low,Low
8584,1952,PhD,Together,85431.0,0,0,2013-06-08,54,376,53,462,168,53,53,1,2,7,7,0,0,0,0,0,0,0,0,74,0,1165,4794,16,68.52941176470588,3,Premium VIP Customers,9209.728166666633,0.2463328548722455,0.21689525439642512,0.12587828001491871,0.46031746031746035,0.4545454545454545,1.0,34.33311525569847,Low Priority,2268.6586318923232,Low,Low
2694,1967,Graduation,Married,42664.0,0,1,2014-03-18,44,21,0,3,0,0,0,1,1,0,3,6,0,0,0,0,0,0,0,59,1,24,4511,4,4.8,0,Low-Value Customers,68.69173333333326,0.006435041160242293,0.0015523770029313723,0.06156081186760831,0.007539682539682541,0.5555555555555556,0.25,6.246103679444309,Low Priority,0.4420341313683871,Low,Low
8910,1955,Graduation,Together,42586.0,1,1,2012-10-29,7,194,2,56,0,0,0,5,4,1,6,8,0,0,0,0,0,0,1,71,2,252,5016,11,21.0,0,Low-Value Customers,2688.8779666666605,0.9108823335557928,0.06327824877993161,0.0614435073450678,0.09801587301587303,0.9292929292929293,0.25,38.45595528522516,Low Priority,2449.251436924083,Low,Low
7433,1985,Graduation,Single,29760.0,1,0,2012-08-29,87,64,4,68,7,5,17,4,3,1,4,8,0,0,0,0,0,0,0,41,1,165,5077,8,18.33333333333333,2,Dormant Customers,167.36469999999926,0.1298299084753462,0.003876896844627686,0.04215443290782872,0.06349206349206349,0.1212121212121211,0.5,10.99119004711906,Low Priority,21.728943683003678,Low,Low
164,1977,PhD,Married,28973.0,0,0,2012-10-13,59,206,0,46,3,2,12,2,5,1,5,8,0,0,0,0,0,0,0,49,0,269,5032,11,22.416666666666668,2,Dormant Customers,1520.6254666666644,0.286414056957,0.035756768397820896,0.04097086035347763,0.10476190476190475,0.404040404040404,0.5,18.666463955809995,Low Priority,435.52850902013074,Low,Low
10477,1973,PhD,Together,39435.0,1,0,2013-08-06,16,71,0,18,0,0,13,1,3,1,2,7,0,0,0,0,0,0,0,53,1,102,4735,6,14.571428571428571,0,Low-Value Customers,615.0456999999979,0.7159145194964303,0.014423284598083131,0.05670470541525801,0.038492063492063494,0.8383838383838383,0.25,29.746481321288126,Low Priority,440.32014678384405,Low,Low
2681,1984,2n Cycle,Married,65370.0,0,0,2013-08-01,1,71,22,112,138,89,29,1,2,3,13,1,0,0,0,0,0,0,0,42,0,461,4740,18,24.26315789473684,1,Loyal Customers,18518.44193333334,0.2292481955551882,0.43618824397873074,0.0957084591599793,0.18095238095238095,0.98989898989899,0.75,36.083958441398025,Low Priority,4245.319397710198,Low,Low
5150,1979,Basic,Single,20194.0,1,0,2012-12-17,64,0,4,7,11,10,15,2,2,0,3,6,0,0,0,0,0,0,0,47,1,47,4967,5,7.833333333333333,2,Dormant Customers,93.8058666666663,0.03782903191576843,0.0021440111983189623,0.02776808595112913,0.016666666666666666,0.3535353535353535,0.5,8.494548920610681,Low Priority,3.5485851240196378,Low,Low
5283,1976,PhD,Single,42473.0,1,1,2014-02-17,72,93,1,21,0,4,25,3,2,1,4,5,0,0,0,0,0,0,0,50,2,144,4540,7,18.0,2,Dormant Customers,252.08126666666655,0.11425373453080799,0.0058726343479126916,0.061273566177797556,0.05515873015873016,0.2727272727272727,0.5,11.407544044156912,Low Priority,28.801226121923136,Low,Low
9645,1968,Graduation,Married,64590.0,0,0,2012-10-14,98,920,138,168,36,46,30,1,9,4,10,6,0,0,0,0,0,0,0,58,0,1338,5031,23,55.75,3,Premium VIP Customers,574.4808333333337,0.39143775701924866,0.013467664830807191,0.09453541393457415,0.528968253968254,0.010101010101010055,1.0,31.077545654876275,Low Priority,224.87348885054897,Low,Low
10678,1959,Graduation,Together,71232.0,0,1,2013-11-28,91,653,17,170,34,26,17,2,11,2,10,7,0,0,0,0,0,0,0,67,1,917,4621,23,38.208333333333336,1,Loyal Customers,2544.9597000000003,0.150548582339137,0.0598878483718915,0.10452434520013956,0.3619047619047619,0.08080808080808077,0.75,20.690948205944085,Low Priority,383.1400749452355,Low,Low
7261,1971,Graduation,Together,34600.0,1,1,2013-01-01,8,199,33,60,8,3,15,5,5,2,5,8,0,0,0,0,0,0,1,55,2,318,4952,12,24.46153846153846,0,Low-Value Customers,3243.6942999999874,0.8931122833845192,0.07634851127327771,0.0494333289218812,0.12420634920634921,0.9191919191919192,0.25,38.53721196300756,Low Priority,2896.9832228743385,Low,Low
9648,1967,Graduation,Single,46904.0,1,1,2012-11-03,20,153,4,56,0,9,31,4,5,1,4,8,0,0,0,0,0,0,0,59,2,253,5011,10,23.0,0,Low-Value Customers,2031.3706666666676,0.5292796045282642,0.04778881113007043,0.0679373654005799,0.09841269841269842,0.797979797979798,0.25,25.957515589845304,Low Priority,1075.16306310365,Low,Low
2870,1973,Graduation,Married,49094.0,0,1,2012-09-21,6,376,0,38,11,8,69,5,6,3,6,6,0,0,0,0,0,0,0,53,1,502,5054,15,31.375,1,Loyal Customers,8400.931599999998,0.5053367155066766,0.1978417716582034,0.07123091545652514,0.19722222222222222,0.9393939393939394,0.75,36.96296679981469,Low Priority,4245.299181940249,Low,Low
8008,1983,Graduation,Together,36075.0,1,0,2013-12-09,54,46,0,30,12,1,30,1,2,0,4,6,0,0,0,0,0,0,0,43,1,119,4610,6,17.0,0,Low-Value Customers,288.3652666666674,0.19239293633228807,0.006727406235141294,0.05165158752120505,0.04523809523809524,0.4545454545454545,0.25,11.941424853533631,Low Priority,55.47944039024342,Low,Low
1513,1979,2n Cycle,Together,60839.0,1,1,2012-08-28,72,600,21,128,223,150,128,13,2,2,12,8,0,0,0,0,0,0,0,47,2,1250,5078,16,73.52941176470588,3,Premium VIP Customers,5218.786699999996,0.21367190736103733,0.12287737959537108,0.08889426952368348,0.49404761904761907,0.2727272727272727,1.0,29.759771953279735,Low Priority,1115.1081082994128,Low,Low
6173,1979,Graduation,Together,77298.0,0,1,2013-11-02,46,425,115,292,23,35,79,1,6,6,11,3,0,0,0,0,0,0,0,47,1,969,4647,23,40.375,3,Premium VIP Customers,15128.039733333342,0.05532138873431239,0.35631776423675265,0.11364702768386732,0.38253968253968257,0.5353535353535352,1.0,31.900507780833543,Low Priority,836.9041668758573,Low,Low
1419,1950,Graduation,Together,34026.0,1,1,2013-08-05,11,18,6,15,12,8,17,3,2,1,3,5,0,0,0,0,0,0,0,76,2,76,4736,6,10.857142857142858,0,Low-Value Customers,448.733566666665,0.18457860149208322,0.010505333543118289,0.04857008794831382,0.028174603174603175,0.8888888888888888,0.25,13.705282422602677,Low Priority,82.82661417788752,Low,Low
9150,1963,PhD,Single,48918.0,1,1,2014-04-12,21,52,0,9,0,0,1,2,1,0,4,4,0,0,0,0,0,0,0,63,2,62,4486,5,10.333333333333334,0,Low-Value Customers,249.34536666666676,0.00851440899543841,0.005808182512220141,0.07096622832874142,0.02261904761904762,0.7878787878787878,0.25,7.918019682196825,Low Priority,2.123028432917556,Low,Low
7960,1962,2n Cycle,Together,82122.0,0,0,2013-08-15,89,734,22,350,151,25,100,1,3,9,13,1,0,0,1,0,0,0,0,64,0,1382,4726,25,53.15384615384615,3,Premium VIP Customers,3641.3798666666667,0.23859853312619483,0.08571711568137068,0.12090186123175764,0.5464285714285715,0.10101010101010088,1.0,29.639967153023612,Low Priority,868.8278947419255,Low,Low
1250,1976,Graduation,Single,37697.0,1,0,2014-02-07,82,34,6,21,11,4,8,1,2,1,3,6,0,0,0,0,0,0,0,50,1,84,4550,6,12.0,2,Dormant Customers,90.55086666666693,0.09207526918778873,0.0020673304990319902,0.05409092002839371,0.03134920634920635,0.1717171717171716,0.5,9.694011144712514,Low Priority,8.337495423520924,Low,Low
9905,1952,Graduation,Together,34074.0,1,1,2013-07-13,69,135,1,41,10,1,67,5,3,3,3,6,1,0,0,0,0,0,0,74,2,255,4759,9,25.5,2,Dormant Customers,1420.9619666666717,0.3293553132828818,0.03340891375161873,0.048642275346800296,0.09920634920634921,0.303030303030303,0.5,19.372596317749768,Low Priority,468.00137369456155,Low,Low
10691,1960,Master,Married,28520.0,1,1,2013-06-14,55,11,0,10,0,2,20,1,1,1,2,6,0,0,0,0,0,0,0,66,2,43,4788,4,8.6,2,Dormant Customers,73.64813333333326,0.2035800236174875,0.0016691389746505804,0.040289591780261556,0.015079365079365078,0.4444444444444444,0.5,14.008783493979458,Low Priority,14.993288723383854,Low,Low
7002,1955,Graduation,Single,62535.0,0,1,2013-10-03,13,163,48,90,0,45,52,1,3,2,8,3,0,0,0,0,0,0,0,71,1,398,4677,13,28.428571428571427,1,Loyal Customers,5362.788566666644,0.06090732193473482,0.1262697494370393,0.09144489093687212,0.15595238095238095,0.8686868686868687,0.75,20.712481108242002,Low Priority,326.6330896978804,Low,Low
2952,1977,Master,Single,36273.0,1,0,2014-04-16,80,29,3,30,3,2,9,2,3,0,3,6,0,0,0,0,0,0,0,49,1,76,4482,6,10.857142857142858,2,Dormant Customers,60.655533333333324,0.1049096837869514,0.001363061661730119,0.05194936053996174,0.028174603174603175,0.19191919191919182,0.5,10.089890976075068,Low Priority,6.363352821928889,Low,Low
8439,1964,Graduation,Together,63404.0,0,2,2014-06-06,97,734,26,70,11,44,17,2,6,3,4,4,0,0,0,1,0,0,0,62,2,902,4431,13,64.42857142857143,1,Loyal Customers,500.8296666666662,0.16585816040155832,0.011732604012588299,0.09275178363030427,0.35595238095238096,0.02020202020202011,0.75,19.19553658402326,Low Priority,83.0666871878589,Low,Low
762,1981,2n Cycle,Together,75774.0,1,0,2014-05-02,27,340,21,134,258,14,56,1,7,5,8,4,0,0,0,0,0,0,0,45,1,823,4466,20,39.19047619047619,1,Loyal Customers,12700.246733333275,0.3270533394199712,0.2991242573353527,0.11135507778192187,0.3246031746031746,0.7272727272727273,0.75,35.90428993589019,Low Priority,4153.658105594229,Low,Low
2831,1976,Graduation,Together,78416.0,0,1,2014-06-27,99,453,38,279,188,38,183,2,7,7,10,3,0,0,0,0,0,0,0,50,1,1179,4410,24,47.16,3,Premium VIP Customers,432.92083333333505,0.1943793396554488,0.010132820040925234,0.11532839250694804,0.4658730158730159,0.0,1.0,24.27674395405594,Low Priority,84.15086570642028,Low,Low
6977,1974,Graduation,Together,75702.0,0,1,2012-10-14,87,1073,0,629,145,37,37,1,10,5,13,6,0,0,1,0,0,0,0,52,1,1921,5031,28,66.24137931034483,3,Premium VIP Customers,5887.09653333331,0.1821582067291447,0.13862130136506945,0.11124679668419216,0.7603174603174603,0.1212121212121211,1.0,32.746675720490856,Low Priority,1072.3829473533601,Low,Low
6289,1951,Master,Together,59385.0,1,1,2013-04-28,85,135,0,10,0,4,36,2,3,1,4,5,0,0,0,0,0,0,0,75,2,185,4835,8,20.55555555555556,2,Dormant Customers,237.42153333333331,0.062047436732098775,0.005527283010474674,0.08670759291119746,0.07142857142857142,0.14141414141414133,0.5,9.672816799888457,Low Priority,14.73139756833788,Low,Low
4168,1966,Graduation,Single,37070.0,1,1,2013-03-20,30,231,7,137,4,15,39,9,5,1,8,7,0,0,0,0,0,0,1,60,2,433,4874,14,28.866666666666667,1,Loyal Customers,4397.209766666665,0.7570070082787062,0.10352281929857905,0.05314797213566418,0.16984126984126985,0.696969696969697,0.75,39.87984208114273,Low Priority,3328.7186102382398,Low,Low
8397,1951,Graduation,Married,44689.0,1,1,2014-01-10,82,18,0,5,0,0,11,2,1,1,2,7,1,0,0,0,0,0,0,75,2,34,4578,4,6.8,2,Dormant Customers,33.1757333333332,0.16322257761291378,0.0007156975203271844,0.0646062177412563,0.011507936507936509,0.1717171717171716,0.5,11.595415337614698,Low Priority,5.415028708865309,Low,Low
9284,1958,Graduation,Together,53977.0,0,1,2013-06-08,21,620,16,165,0,24,82,5,5,5,12,5,0,0,0,0,0,0,0,68,1,907,4794,22,39.43478260869565,1,Loyal Customers,15755.816466666714,0.12657786958478132,0.3711068145925448,0.07857447934838842,0.35793650793650794,0.7878787878787878,0.75,32.52472687724522,Low Priority,1994.3376819194893,Low,Low
6237,1966,PhD,Single,7144.0,0,2,2013-12-07,92,81,4,33,5,2,291,0,23,1,1,0,0,0,0,0,0,0,0,60,2,416,4612,25,16.0,1,Loyal Customers,1855.6310333333327,0.20453986880778965,0.04364876874099553,0.00814213698761986,0.1630952380952381,0.07070707070707061,0.75,17.827044421303682,Low Priority,379.550528113663,Low,Low
3130,1964,Graduation,Single,18701.0,1,1,2013-06-04,95,12,4,2,10,6,10,4,2,0,4,5,0,0,0,0,0,0,0,62,2,44,4798,6,6.285714285714286,2,Dormant Customers,19.991433333333266,0.014119130269796915,0.00040510417359618093,0.02552275707737286,0.015476190476190477,0.04040404040404033,0.5,6.125117663238581,Low Priority,0.28226165151329274,Low,Low
1619,1956,Graduation,Married,90369.0,0,0,2014-04-28,2,292,51,981,224,23,17,1,4,6,6,1,0,0,0,0,0,0,1,70,0,1588,4470,16,93.41176470588236,3,Premium VIP Customers,22630.92433333331,0.9194108563427329,0.5330693580301668,0.13330455863421442,0.6281746031746032,0.9797979797979798,1.0,69.22906096413809,Cross-Sell Campaign,20807.11752113757,High,Medium
1990,1974,PhD,Single,63159.0,0,0,2012-11-05,74,965,34,586,89,86,37,1,3,5,8,3,1,0,0,0,0,0,0,52,0,1797,5009,16,105.70588235294116,3,Premium VIP Customers,6619.857833333338,0.42538839521835053,0.15588355908993695,0.09238332711719624,0.7111111111111111,0.2525252525252525,1.0,40.291284829713526,Email Nurture Campaign,2816.0107002952955,Low,Low
5513,1966,Graduation,Together,37758.0,1,1,2012-10-04,49,27,2,10,0,0,1,2,1,0,3,8,0,0,0,0,0,0,0,60,2,40,5041,4,8.0,0,Low-Value Customers,80.57506666666643,0.010895497613542863,0.0018323224130267176,0.05418265818063693,0.013888888888888888,0.505050505050505,0.25,6.157247041189315,Low Priority,0.8779054465777212,Low,Low
269,1963,PhD,Single,46757.0,0,1,2012-11-16,71,777,30,163,0,51,122,6,4,4,7,9,0,0,0,0,0,0,0,63,1,1143,4998,15,71.4375,1,Loyal Customers,4240.6975000000175,0.28827563285170915,0.09983573172408139,0.06771629149271509,0.4515873015873016,0.28282828282828276,0.75,28.008454790151806,Low Priority,1222.489755545166,Low,Low
8093,1969,Master,Married,79734.0,0,0,2014-06-28,72,572,8,232,23,62,17,1,4,3,6,1,0,0,0,1,0,0,0,57,0,914,4409,13,65.28571428571429,1,Loyal Customers,3541.1216666666587,0.14030117651834798,0.0833552512004935,0.11731053815705572,0.3607142857142857,0.2727272727272727,0.75,22.15714886248645,Low Priority,496.82353602794547,Low,Low
10513,1992,Graduation,Together,63207.0,0,0,2013-01-20,68,438,169,565,91,169,70,1,2,3,6,7,0,0,0,1,0,0,0,34,0,1502,4933,11,125.16666666666669,3,Premium VIP Customers,5198.957400000011,0.2716780713696252,0.12241024454456607,0.09245551451568271,0.594047619047619,0.31313131313131304,1.0,33.22357547395342,Low Priority,1412.442719564844,Low,Low
10177,1954,Graduation,Divorced,72071.0,0,1,2013-02-14,4,531,69,300,150,138,150,3,5,4,8,2,0,0,0,0,0,0,0,72,1,1338,4908,17,74.33333333333333,1,Loyal Customers,21528.169066666742,0.23349869422191008,0.5070908495845753,0.10578612076951767,0.528968253968254,0.9595959595959596,0.75,43.508051129393344,Email Nurture Campaign,5026.799366055201,Medium,Low
2549,1983,PhD,Together,21840.0,1,0,2013-07-21,80,17,0,9,0,0,1,1,1,0,3,9,0,0,0,0,0,0,0,43,1,27,4751,4,5.4,2,Dormant Customers,23.66980000000006,0.09078096831076331,0.000491758467984492,0.030243512157561027,0.00873015873015873,0.19191919191919182,0.5,9.131165265486384,Low Priority,2.1487673637221105,Low,Low
5782,1982,2n Cycle,Together,58582.0,0,1,2013-09-28,15,402,35,106,101,77,42,2,9,2,9,5,0,1,0,0,0,0,0,44,1,763,4682,20,36.333333333333336,1,Loyal Customers,11968.148900000002,0.23994601954029698,0.2818776294378156,0.08549995789068421,0.3007936507936508,0.8484848484848485,0.75,32.76403805257922,Low Priority,2871.709689820584,Low,Low
10057,1951,Graduation,Single,72282.0,0,0,2013-07-19,70,503,27,419,90,139,153,1,5,7,9,7,0,0,0,0,0,0,1,75,0,1331,4753,21,60.5,3,Premium VIP Customers,8497.694899999993,0.38772546283475773,0.20012130391913002,0.1061034445420311,0.5261904761904762,0.2929292929292928,1.0,38.05394105554055,Low Priority,3294.7726881310577,Low,Low
10307,1956,Graduation,Married,50387.0,0,2,2013-08-31,91,369,9,87,12,14,34,3,6,2,8,5,0,0,0,0,0,0,0,70,2,525,4710,16,30.88235294117647,1,Loyal Customers,941.7183000000001,0.09997737198527284,0.022118978424780007,0.07317546350325445,0.20634920634920637,0.08080808080808077,0.75,15.393923646612631,Low Priority,94.15052078443878,Low,Low
8566,1961,PhD,Together,32583.0,1,1,2014-06-15,10,5,0,3,0,0,1,1,1,0,2,7,0,0,0,0,0,0,0,65,2,9,4422,3,2.25,0,Low-Value Customers,32.407899999999955,0.01649718984718985,0.0006976090420058782,0.04639995428131429,0.0015873015873015873,0.898989898989899,0.25,7.998602528248034,Low Priority,0.5346392788487432,Low,Low
2415,1962,Graduation,Together,62568.0,0,1,2014-04-07,99,362,17,398,80,35,61,3,5,3,5,4,0,0,0,1,0,0,0,64,1,953,4491,13,68.07142857142857,1,Loyal Customers,239.54793333333316,0.22226100601978724,0.005577376355778465,0.09149451977333156,0.3761904761904762,0.0,0.75,20.89295381185743,Low Priority,53.24216465262755,Low,Low
5684,1971,Master,Divorced,44635.0,1,1,2013-10-11,25,56,0,9,0,0,3,2,2,0,3,7,0,0,0,0,0,0,0,55,2,68,4669,5,11.333333333333334,0,Low-Value Customers,223.2995999999999,0.06543319202373854,0.0051946010678374345,0.06452500691795902,0.025,0.7474747474747474,0.25,9.376457599300608,Low Priority,14.611205605624,Low,Low
8334,1971,Master,Single,33316.0,1,1,2013-10-04,34,79,1,31,4,4,12,3,2,1,4,6,0,0,0,0,0,0,0,55,2,131,4676,7,16.375,0,Low-Value Customers,560.9916666666683,0.29147745545205217,0.013149889490469671,0.04750231601236811,0.05,0.6565656565656566,0.25,16.146671791227618,Low Priority,163.5164235298063,Low,Low
9166,1968,Graduation,Married,63967.0,0,1,2013-08-09,57,387,84,141,73,35,162,3,4,4,12,2,0,0,0,0,0,0,0,58,1,882,4732,20,42.0,3,Premium VIP Customers,7961.378599999989,0.028345377417724478,0.18748686185368924,0.09359848165838516,0.348015873015873,0.4242424242424242,1.0,24.75240221117648,Low Priority,225.66828118239462,Low,Low
1440,1978,2n Cycle,Together,52513.0,0,0,2012-09-04,84,367,17,241,104,188,232,2,9,5,9,7,0,0,0,0,0,0,0,48,0,1149,5071,23,47.875,3,Premium VIP Customers,4536.938933333329,0.20699489946998653,0.10681453364905148,0.07637276369455105,0.45396825396825397,0.1515151515151515,1.0,27.745110197616217,Low Priority,939.1232184068004,Low,Low
78,1969,Graduation,Married,25293.0,1,0,2013-09-15,51,15,0,11,0,2,9,1,1,1,2,8,0,0,0,0,0,0,0,57,1,37,4695,4,7.4,0,Low-Value Customers,73.61703333333361,0.460934902661124,0.0016684063264945745,0.03543649313618153,0.012698412698412698,0.48484848484848475,0.25,19.347182815708987,Low Priority,33.93266009370085,Low,Low
5441,1965,PhD,Widow,54111.0,0,1,2013-08-25,97,267,6,54,8,3,50,2,5,2,6,5,0,0,0,0,0,0,0,61,1,388,4716,13,27.714285714285715,2,Dormant Customers,169.10603333333316,0.20727663392262957,0.003917918859279539,0.07877600250249649,0.151984126984127,0.02020202020202011,0.5,14.504368614254245,Low Priority,35.05172936534129,Low,Low
5302,1986,Graduation,Together,78394.0,0,0,2013-02-15,13,298,27,697,216,24,166,1,4,6,5,2,0,0,0,0,0,0,1,40,0,1428,4907,15,89.25,3,Premium VIP Customers,21002.236833333365,0.9473849716205941,0.4947010334771804,0.11529530661597506,0.5646825396825397,0.8686868686868687,1.0,67.2292056577654,Cross-Sell Campaign,19897.203546316527,High,Medium
4687,1958,Master,Married,80739.0,0,0,2013-05-23,92,674,92,736,39,0,92,1,3,11,9,1,0,0,0,0,0,0,0,68,0,1633,4810,23,68.04166666666667,3,Premium VIP Customers,2740.2560333333226,0.22358421569534676,0.06448860395044255,0.1188219618128662,0.6460317460317461,0.07070707070707061,1.0,29.874415751513883,Low Priority,612.6779960172729,Low,Low
1087,1975,Master,Together,22669.0,1,0,2013-05-22,30,16,14,36,37,22,48,3,4,1,2,9,0,0,0,0,0,0,1,51,1,173,4811,7,21.625,0,Low-Value Customers,785.7858666666698,0.8171177748615123,0.018445550458721257,0.031490248685587786,0.06666666666666668,0.696969696969697,0.25,32.36665073131137,Low Priority,642.0795988882942,Low,Low
6859,1987,Graduation,Single,29236.0,1,0,2013-10-08,30,37,4,24,16,9,9,2,4,0,3,9,0,0,0,0,0,0,0,39,1,99,4672,7,12.375,0,Low-Value Customers,692.0602666666684,0.26180464125920705,0.016237579783116792,0.041366387141018084,0.0373015873015873,0.696969696969697,0.25,15.299302797052192,Low Priority,181.1845898444183,Low,Low
9860,1959,Graduation,Together,44911.0,0,1,2013-03-15,11,159,0,22,2,1,31,3,4,1,4,7,0,0,0,0,0,0,0,67,1,215,4879,9,21.5,0,Low-Value Customers,1680.110133333338,0.345623332842362,0.03951387923209203,0.06494008445925623,0.08333333333333334,0.8888888888888888,0.25,20.39796165127063,Low Priority,580.6852638248935,Low,Low
7129,1962,PhD,Married,54693.0,0,1,2013-02-17,72,686,17,142,23,26,35,8,6,4,13,6,0,0,0,0,0,0,0,64,1,929,4905,23,38.708333333333336,1,Loyal Customers,5772.629366666673,0.10937427396064778,0.13592470462608397,0.07965127470914495,0.3666666666666667,0.2727272727272727,0.75,22.519118468329765,Low Priority,631.3771458230814,Low,Low
5866,1974,Graduation,Together,48186.0,1,0,2014-03-20,39,97,3,66,12,7,34,3,4,1,4,7,0,0,0,0,0,0,0,52,1,219,4509,9,21.9,0,Low-Value Customers,1199.8308666666655,0.29923783049802294,0.028199547428392584,0.06986537050182273,0.08492063492063492,0.606060606060606,0.25,17.32588759692325,Low Priority,359.0347855058956,Low,Low
10521,1977,Graduation,Married,54809.0,1,1,2013-09-11,0,63,6,57,13,13,22,4,2,1,5,4,0,0,0,0,0,0,1,49,2,174,4699,8,19.33333333333333,0,Low-Value Customers,1436.2805666666663,0.6937193097075449,0.03376978655041972,0.07982572758882057,0.06706349206349208,1.0,0.25,31.12888254457953,Low Priority,996.3755632543613,Low,Low
7393,1978,Graduation,Together,41580.0,1,1,2012-12-10,15,56,5,24,4,0,3,3,2,1,3,5,0,0,0,0,0,0,0,48,2,92,4974,6,13.142857142857142,0,Low-Value Customers,447.1654666666656,0.17739990512455495,0.010468392527894978,0.05993057978512217,0.034523809523809526,0.8484848484848485,0.25,13.495636112706105,Low Priority,79.32711136164382,Low,Low
7849,1970,PhD,Married,80336.0,0,0,2013-09-09,12,209,19,456,160,142,66,1,2,9,13,1,0,0,0,0,0,0,0,56,0,1052,4701,24,42.08,3,Premium VIP Customers,23103.004266666754,0.32473006398327964,0.544190531427206,0.11821588844640687,0.4154761904761905,0.8787878787878788,1.0,47.87585899786089,Email Nurture Campaign,7502.240053720678,Medium,Low
332,1957,Graduation,Married,47743.0,0,1,2013-03-22,56,198,2,43,0,12,20,3,4,1,6,6,0,1,0,0,0,0,0,69,1,275,4872,11,22.916666666666668,2,Dormant Customers,1290.743333333333,0.13923800430472727,0.030341246819454014,0.06919914096995801,0.10714285714285715,0.43434343434343425,0.5,14.558228972285047,Low Priority,179.72052580296466,Low,Low
9847,1955,2n Cycle,Married,62972.0,0,1,2012-08-03,39,313,15,47,20,0,192,2,7,4,3,6,0,0,0,0,0,0,0,71,1,587,5103,14,39.13333333333333,1,Loyal Customers,5759.007866666654,0.5746662877558507,0.13560381180109496,0.09210209704392604,0.23095238095238096,0.606060606060606,0.75,36.223712701736375,Low Priority,3309.5076718940672,Low,Low
531,1954,PhD,Divorced,57333.0,0,1,2012-09-22,55,941,14,397,76,58,176,11,8,5,9,6,0,0,0,0,0,0,1,72,1,1662,5053,22,72.26086956521739,3,Premium VIP Customers,13305.195499999969,0.44801356159030925,0.3133755305951998,0.08362158162590083,0.6575396825396825,0.4444444444444444,1.0,45.76320604214173,Email Nurture Campaign,5960.908023610342,Medium,Low
9576,1982,PhD,Together,32313.0,1,0,2013-02-11,60,86,4,56,2,4,7,3,4,0,4,9,0,0,0,0,0,0,0,44,1,159,4911,8,17.666666666666668,2,Dormant Customers,562.3137999999991,0.21851088339245328,0.013181036067597305,0.04599390016482789,0.06111111111111111,0.3939393939393939,0.5,15.297060221813435,Low Priority,122.8716851817671,Low,Low
6906,1953,Master,Widow,84953.0,0,0,2013-06-03,73,167,48,602,63,72,72,1,3,10,4,2,0,1,1,1,0,0,1,73,0,1024,4799,17,56.888888888888886,3,Premium VIP Customers,5660.366599999987,0.8790064681591695,0.13328003874224575,0.1251594138383243,0.40436507936507937,0.26262626262626254,1.0,48.99879684903321,Email Nurture Campaign,4975.498853552115,Low,Low
7419,1968,Master,Divorced,27071.0,1,0,2014-04-23,90,8,3,19,0,2,3,2,2,0,3,6,0,0,0,0,0,0,0,58,1,35,4475,5,5.833333333333333,2,Dormant Customers,30.201566666666736,0.03303860441233138,0.0006456326417416141,0.03811043468845122,0.011904761904761904,0.09090909090909083,0.5,7.024748341623585,Low Priority,0.9978176137326559,Low,Low
3170,1957,Master,Together,68148.0,0,0,2013-08-31,86,389,66,408,37,57,85,1,4,4,6,2,0,0,0,0,0,0,0,69,0,1042,4710,14,69.46666666666667,3,Premium VIP Customers,2145.384666666665,0.06035307132775104,0.050474732250963314,0.09988630484738381,0.4115079365079365,0.13131313131313127,1.0,21.152881860019974,Low Priority,129.48055381279661,Low,Low
8527,1965,Master,Together,65735.0,1,1,2013-12-07,37,239,7,119,4,15,11,5,6,2,6,7,0,0,0,0,0,0,0,61,2,395,4612,14,26.33333333333333,1,Loyal Customers,3929.7796333333363,0.3044819976433021,0.09251118504610312,0.09625738416930352,0.15476190476190477,0.6262626262626263,0.75,25.825111025116893,Low Priority,1196.5471530552975,Low,Low
7872,1975,PhD,Married,86836.0,0,0,2012-09-12,7,179,21,273,0,21,63,1,6,10,6,5,1,0,1,1,0,0,1,51,0,557,5063,22,24.217391304347824,3,Premium VIP Customers,17623.09383333332,0.6775403601239919,0.41509579592549684,0.12799126532478314,0.21904761904761905,0.9292929292929293,1.0,51.991176266911424,Email Nurture Campaign,11940.35734233556,Medium,Low
9931,1963,PhD,Married,4023.0,1,1,2014-06-23,29,5,0,1,1,1,1,15,0,0,0,19,0,0,0,0,0,0,0,63,2,9,4414,0,9.0,0,Low-Value Customers,104.92170000000007,0.11597131294631292,0.0024058759826991872,0.003448452181864119,0.0015873015873015873,0.7070707070707071,0.25,9.644963248852063,Low Priority,12.167907305559169,Low,Low
10595,1990,Graduation,Married,30093.0,0,0,2013-07-08,19,2,6,28,13,4,16,1,2,0,3,7,0,0,0,0,0,0,0,36,0,69,4764,5,11.5,0,Low-Value Customers,256.4635666666656,0.13978714540301704,0.005975871776018771,0.042655232984828616,0.025396825396825397,0.8080808080808081,0.25,11.720799266575781,Low Priority,35.85030988420954,Low,Low
4609,1966,PhD,Married,57705.0,0,1,2014-01-11,14,383,0,53,6,4,40,3,8,1,6,6,0,0,0,0,0,0,0,60,1,486,4577,15,30.375,1,Loyal Customers,5972.902633333307,0.23901279442978468,0.14064270589689398,0.08418103396417098,0.1908730158730159,0.8585858585858586,0.75,26.887499880466603,Low Priority,1427.6001492500131,Low,Low
5010,1988,Graduation,Single,25008.0,1,0,2014-02-02,72,2,8,8,6,1,9,2,1,0,3,8,0,0,0,0,0,0,0,38,1,34,4555,4,6.8,2,Dormant Customers,38.27466666666659,0.053032269041631,0.0008358172664463032,0.03500788045766811,0.011507936507936509,0.2727272727272727,0.5,8.502376805074412,Low Priority,2.0297924201454083,Low,Low
4427,1995,2n Cycle,Single,83257.0,0,0,2012-09-18,56,536,27,590,38,107,67,1,5,10,12,6,1,0,1,0,0,1,1,31,0,1365,5057,27,48.75,3,Premium VIP Customers,16717.579766666717,0.9292960677964641,0.39376385987443735,0.12260879242513564,0.5396825396825397,0.43434343434343425,1.0,61.18484102133366,Cross-Sell Campaign,15535.58114023711,High,Medium
11148,1975,Graduation,Together,22280.0,1,0,2013-05-19,85,2,1,4,3,1,2,1,1,0,2,8,0,0,0,0,0,0,0,51,1,13,4814,3,3.25,2,Dormant Customers,8.157099999999966,0.03695668808354247,0.00012631309660837868,0.030905229977020346,0.0031746031746031746,0.14141414141414133,0.5,7.176232089864483,Low Priority,0.30145940036626306,Low,Low
1168,1978,PhD,Married,72159.0,0,0,2012-10-29,62,322,53,899,34,40,53,1,4,6,10,2,0,0,0,0,0,0,0,48,0,1401,5016,20,66.71428571428571,3,Premium VIP Customers,11317.303466666703,0.22056563145215652,0.26654513083390174,0.10591846433340953,0.553968253968254,0.3737373737373737,1.0,35.85071819012652,Low Priority,2496.2081854610215,Low,Low
9595,1961,Graduation,Together,64260.0,0,0,2013-01-11,1,539,169,816,20,0,30,1,4,5,4,3,0,0,0,0,0,0,1,65,0,1574,4942,13,112.42857142857144,3,Premium VIP Customers,17632.518166666607,0.9171463621997327,0.415317812659847,0.09403912556997966,0.6226190476190476,0.98989898989899,1.0,65.20309716526785,Cross-Sell Campaign,16171.599892978978,High,Medium
10163,1984,PhD,Single,82733.0,0,0,2013-09-10,28,712,50,420,65,38,38,1,8,4,7,4,0,0,0,0,0,0,1,42,0,1323,4700,19,66.15,3,Premium VIP Customers,20627.502466666672,0.9428919037816089,0.4858731092735343,0.12182074665832501,0.523015873015873,0.7171717171717171,1.0,65.51225453933422,Cross-Sell Campaign,19449.505071055173,High,Medium
2886,1971,Master,Divorced,74290.0,0,1,2013-08-12,70,1121,0,72,0,12,12,4,10,8,10,6,0,1,0,1,0,0,0,55,1,1217,4729,28,41.96551724137931,3,Premium VIP Customers,8766.719899999998,0.31669506206399023,0.2064589460468357,0.10912328404538181,0.48095238095238096,0.2929292929292928,1.0,35.46478526271078,Low Priority,2776.3769028281176,Low,Low
6710,1951,Master,Single,58217.0,2,1,2012-11-17,84,68,1,13,3,5,13,1,2,0,4,6,0,0,0,0,0,0,0,75,3,103,4997,6,14.714285714285714,2,Dormant Customers,130.56070000000003,0.0727045911054852,0.003009874891768021,0.08495103288136001,0.03888888888888889,0.1515151515151515,0.5,9.461853399640288,Low Priority,9.492362307945923,Low,Low
5316,1976,Master,Together,21024.0,0,0,2013-07-04,89,36,4,18,6,2,18,1,2,0,4,7,0,0,0,0,0,0,0,50,0,84,4768,6,12.0,2,Dormant Customers,55.84743333333344,0.11828706599038176,0.0012497933144976297,0.029016326383291026,0.03134920634920635,0.10101010101010088,0.5,9.851557643267892,Low Priority,6.606029032093459,Low,Low
9029,1972,PhD,Married,70116.0,0,0,2013-01-26,73,707,44,603,95,58,29,1,2,8,12,1,0,0,0,0,0,0,0,54,0,1536,4927,22,66.78260869565217,3,Premium VIP Customers,8386.00633333334,0.40576347256243267,0.19749016493468755,0.10284598818532911,0.6075396825396826,0.26262626262626254,1.0,39.552295557993446,Low Priority,3402.735050743889,Low,Low
521,1985,Graduation,Together,54006.0,1,0,2012-09-18,42,174,77,203,6,24,97,2,8,1,7,7,0,0,0,0,0,0,0,41,1,581,5057,16,34.1764705882353,1,Loyal Customers,5834.98626666666,0.2492714667685365,0.13739369715983749,0.07861809256830732,0.2285714285714286,0.5757575757575757,0.75,26.193495150893597,Low Priority,1454.4955852662654,Low,Low
1459,1966,PhD,Married,69063.0,0,1,2012-11-07,16,666,35,124,69,8,26,1,5,3,5,3,0,0,0,0,0,0,0,60,1,928,5007,13,66.28571428571429,1,Loyal Customers,15269.213499999993,0.09201857948624254,0.3596435102118607,0.10126237713103216,0.3662698412698413,0.8383838383838383,0.75,31.74845327322023,Low Priority,1405.051336142157,Low,Low
10241,1975,2n Cycle,Divorced,11448.0,0,0,2013-12-15,16,0,0,0,6,2,6,1,1,0,2,6,0,0,0,0,0,0,0,51,0,14,4604,3,3.5,0,Low-Value Customers,36.820833333333375,0.11948204005767028,0.0008015681246193531,0.014614940385240081,0.0035714285714285718,0.8383838383838383,0.25,10.50014826981171,Low Priority,4.399428283290139,Low,Low
1630,1979,Graduation,Single,61825.0,0,1,2013-08-07,56,162,50,100,55,30,27,1,4,2,8,4,0,0,0,0,0,0,0,47,1,424,4734,14,28.266666666666666,1,Loyal Customers,2716.476499999997,0.040046075009975396,0.06392841001965373,0.0903771190009264,0.1662698412698413,0.43434343434343425,0.75,16.18877053166293,Low Priority,108.7842216818353,Low,Low
3254,1971,Graduation,Married,70886.0,1,0,2013-10-14,65,407,70,239,103,88,53,1,5,4,4,2,0,0,0,0,0,0,0,55,1,960,4666,13,68.57142857142857,1,Loyal Customers,5117.969433333331,0.13734206388276382,0.12050234472341946,0.10400399436938292,0.37896825396825395,0.3434343434343434,0.75,23.677067728574855,Low Priority,702.9124848628989,Low,Low
9064,1982,Graduation,Married,69109.0,0,0,2012-11-09,10,823,25,459,124,29,95,1,6,6,7,4,0,0,1,0,0,0,1,44,0,1555,5005,19,77.75,3,Premium VIP Customers,26148.662466666665,0.9668251818380321,0.6159395945808585,0.10133155672124836,0.6150793650793651,0.898989898989899,1.0,72.21739883091917,Cross-Sell Campaign,25281.185344156325,High,High
3678,1973,Graduation,Widow,60208.0,1,1,2012-10-07,13,488,23,71,15,0,59,11,8,3,7,7,0,1,0,0,0,0,1,53,2,656,5038,18,34.526315789473685,1,Loyal Customers,13412.943233333337,0.8225934722874498,0.3159138321431539,0.08794530601441342,0.25833333333333336,0.8686868686868687,0.75,50.75310653649658,Email Nurture Campaign,11033.399547902125,Medium,Low
4227,1968,Master,Together,32889.0,1,1,2013-09-06,78,28,0,13,4,2,8,3,2,1,3,5,0,0,0,0,0,0,0,58,2,55,4704,6,7.857142857142857,2,Dormant Customers,100.18753333333348,0.019873458854476857,0.0022943493435160418,0.04686014894666554,0.01984126984126984,0.21212121212121204,0.5,7.491860843631551,Low Priority,1.9910728214315314,Low,Low
9467,1984,Graduation,Single,34738.0,1,0,2014-05-11,51,3,2,10,3,0,2,1,1,0,3,6,0,0,0,0,0,0,0,42,1,20,4457,4,4.0,0,Low-Value Customers,50.17200000000017,0.04241271837683265,0.0011160924860009567,0.04964086769252981,0.005952380952380952,0.48484848484848475,0.25,6.815801141338445,Low Priority,2.127930906402455,Low,Low
8486,1971,Master,Together,30538.0,1,0,2012-10-01,27,284,0,52,8,3,20,4,9,0,4,10,0,0,0,0,0,0,0,55,1,367,5044,13,26.214285714285715,1,Loyal Customers,4001.0601333333243,0.32778330657686194,0.09419039812921376,0.04332447032496361,0.14365079365079367,0.7272727272727273,0.75,26.38358138555745,Low Priority,1311.480720316857,Low,Low
2186,1977,2n Cycle,Together,82326.0,0,0,2014-03-10,30,938,142,754,159,81,183,1,5,10,6,2,0,1,1,1,0,0,1,49,0,2257,4519,21,102.5909090909091,3,Premium VIP Customers,29073.48946666678,0.9421566356057003,0.6848421382531992,0.12120865767532514,0.8936507936507937,0.696969696969697,1.0,76.91166018213063,Cross-Sell Campaign,27391.78102123254,High,High
3286,1967,PhD,Divorced,26642.0,1,0,2014-03-01,71,13,2,15,2,2,8,2,2,0,3,6,0,0,0,0,0,0,0,59,1,42,4528,5,7.0,2,Dormant Customers,67.90880000000001,0.053123287087360686,0.0015339328015503938,0.03746525981447839,0.014682539682539682,0.28282828282828276,0.5,8.648748704191625,Low Priority,3.60753867815816,Low,Low
8602,1964,Graduation,Divorced,69932.0,0,1,2013-06-12,97,412,172,153,150,105,57,2,7,6,11,4,0,0,0,0,0,0,0,62,1,1049,4790,24,41.96,3,Premium VIP Customers,926.6919333333336,0.05739469325504941,0.02176499000581145,0.10256926982446431,0.4142857142857143,0.02020202020202011,1.0,19.715779011366287,Low Priority,53.18719925559538,Low,Low
3722,1972,Graduation,Single,44503.0,1,1,2014-04-16,83,31,1,8,0,0,8,2,2,0,3,6,0,0,0,0,0,0,0,54,2,48,4482,5,8.0,2,Dormant Customers,45.906566666666485,0.007144554130845672,0.0010156081816193746,0.06432649157212122,0.017063492063492065,0.16161616161616155,0.5,6.952102974128352,Low Priority,0.32798195051127427,Low,Low
6715,1948,PhD,Single,60200.0,0,1,2013-01-02,3,502,19,132,0,6,26,6,6,2,11,6,0,0,0,0,0,0,0,78,1,685,4951,19,34.25,1,Loyal Customers,11984.147866666692,0.3998758934745761,0.28225453019107855,0.08793327478133234,0.2698412698412698,0.9696969696969697,0.75,37.739349353886865,Low Priority,4792.171835714778,Low,Low
4796,1952,Graduation,Divorced,49638.0,0,1,2014-04-19,71,18,10,3,3,5,0,1,1,0,3,2,0,0,0,0,0,0,0,74,1,39,4479,4,7.8,2,Dormant Customers,48.18743333333322,0.0030652734125726395,0.0010693404246241006,0.07204903930603848,0.013492063492063493,0.28282828282828276,0.5,7.461051174698653,Low Priority,0.14770765821678286,Low,Low
9612,1987,2n Cycle,Single,23830.0,0,0,2014-02-07,3,1,8,6,4,8,16,1,1,0,3,7,0,0,0,0,0,0,0,39,0,43,4550,4,8.6,0,Low-Value Customers,142.53433333333297,0.0572824617541496,0.0032919475728758387,0.0332362813864793,0.015079365079365078,0.9696969696969697,0.25,9.72427041835088,Low Priority,8.164717497819856,Low,Low
3766,1959,Master,Widow,33051.0,0,0,2012-08-16,15,100,71,243,108,94,219,3,9,1,8,9,0,0,0,0,0,0,1,67,0,835,5090,18,43.94736842105263,1,Loyal Customers,11350.86213333334,0.8858087321265882,0.2673356998130528,0.04710378141655738,0.32936507936507936,0.8484848484848485,0.75,51.748271205255236,Email Nurture Campaign,10054.692794871706,Medium,Low
1399,1958,Graduation,Married,72905.0,0,0,2014-01-21,52,407,114,445,181,165,203,1,3,7,9,1,0,0,0,1,0,0,0,68,0,1515,4567,19,75.75,3,Premium VIP Customers,12412.68499999996,0.3795074149045389,0.29234993020780226,0.1070403768182201,0.5992063492063492,0.4747474747474747,1.0,42.58795673338505,Email Nurture Campaign,4710.70599637433,Low,Low
1570,1951,PhD,Together,69702.0,0,1,2013-02-19,8,664,9,240,50,19,57,2,7,7,10,4,0,0,0,0,0,0,0,75,1,1039,4903,24,41.56,1,Loyal Customers,22599.13870000005,0.1045004666488317,0.5323205578485157,0.1022233718733833,0.4103174603174603,0.9191919191919192,0.75,38.37758595437576,Low Priority,2361.620540011677,Low,Low
3426,1975,Graduation,Divorced,70300.0,1,0,2013-07-15,89,1045,61,338,60,46,46,3,5,5,13,8,0,0,0,0,0,0,0,51,1,1596,4757,23,66.5,3,Premium VIP Customers,3370.2198333333276,0.21473216062804576,0.07932917682586127,0.10312270654619392,0.6313492063492063,0.10101010101010088,1.0,29.82835578936775,Low Priority,723.6945866031577,Low,Low
3074,1984,PhD,Married,70643.0,0,0,2012-10-15,66,1218,107,304,23,143,33,1,5,8,4,6,0,0,0,0,0,0,1,42,0,1828,5030,17,101.55555555555556,3,Premium VIP Customers,9426.323799999995,0.9106516287233013,0.22199777501900883,0.10363854566454515,0.7234126984126984,0.33333333333333326,1.0,57.533724711771896,Email Nurture Campaign,8584.097121343213,Medium,Medium
8341,1969,PhD,Married,30396.0,1,0,2014-04-30,22,15,0,6,0,1,12,2,1,1,2,7,1,0,0,0,0,0,1,57,1,34,4468,4,6.8,0,Low-Value Customers,130.13350000000074,0.8714822282945518,0.002999810991695718,0.04311091593777446,0.011507936507936509,0.7777777777777778,0.25,33.22707827447311,Low Priority,113.4090325557697,Low,Low
5180,1968,PhD,Divorced,50616.0,0,1,2014-04-18,56,128,0,16,0,1,4,2,4,0,4,7,0,0,0,0,0,0,0,58,1,149,4480,8,16.555555555555557,2,Dormant Customers,636.1363333333342,0.20168757326215972,0.014920133910650156,0.07351985755020032,0.05714285714285714,0.43434343434343425,0.5,15.262289819546329,Low Priority,128.3007933338885,Low,Low
6461,1969,Master,Single,62772.0,0,1,2013-05-19,74,581,49,157,43,8,108,1,5,6,11,2,0,1,0,0,0,0,0,57,1,946,4814,22,41.130434782608695,3,Premium VIP Customers,5486.8470333333535,0.03926046649454768,0.1291922962808103,0.09180131621689906,0.3734126984126984,0.2525252525252525,1.0,22.83541278424647,Low Priority,215.41617411289246,Low,Low
7679,1985,PhD,Single,30298.0,0,0,2014-05-19,48,6,3,12,6,1,0,1,1,1,3,3,0,0,0,0,0,0,0,41,0,28,4449,5,4.666666666666667,0,Low-Value Customers,104.32866666666641,0.06369680677976597,0.002391905411055403,0.04296353333253125,0.009126984126984128,0.5151515151515151,0.25,7.624959036712292,Low Priority,6.645402922257261,Low,Low
10702,1984,Graduation,Single,52413.0,1,0,2012-11-03,67,185,8,133,56,56,12,2,7,1,7,7,0,0,0,0,0,0,0,42,1,450,5011,15,28.125,1,Loyal Customers,3123.8825333333375,0.22866473226408723,0.07352600741742271,0.07622237328103758,0.1765873015873016,0.3232323232323232,0.75,21.592917063226814,Low Priority,714.3217631091262,Low,Low
7505,1957,PhD,Married,44155.0,1,1,2014-01-19,24,22,1,9,0,0,14,1,1,1,2,4,0,0,0,0,0,0,0,69,2,46,4569,4,9.2,0,Low-Value Customers,149.61683333333275,0.13974133306226658,0.0034587958225532787,0.06380313293309431,0.01626984126984127,0.7575757575757576,0.25,11.465961602801944,Low Priority,20.90765573855488,Low,Low
5113,1971,PhD,Divorced,86979.0,0,0,2013-11-07,67,584,100,835,65,83,35,1,5,5,5,2,1,0,0,0,0,0,1,55,0,1702,4642,15,106.375,3,Premium VIP Customers,6664.626466666659,0.9244900699380345,0.1569382104294521,0.12820632361610743,0.6734126984126985,0.3232323232323232,1.0,55.442263739537765,Email Nurture Campaign,6161.380988279536,Medium,Medium
10858,1975,Graduation,Together,76532.0,1,1,2013-09-09,38,355,30,177,90,138,30,4,9,5,7,5,0,0,0,0,0,0,0,51,2,820,4701,21,37.27272727272727,1,Loyal Customers,13014.527266666615,0.18597625715710336,0.3065280211044119,0.11249503711635406,0.32341269841269843,0.6161616161616161,0.75,31.332077276007553,Low Priority,2420.393069723724,Low,Low
2961,1982,Graduation,Married,42081.0,1,0,2013-02-26,86,175,10,110,54,6,27,2,6,3,4,6,1,0,0,0,0,0,0,44,1,382,4896,13,27.285714285714285,2,Dormant Customers,1206.2385333333298,0.21044486278005417,0.028350498076871147,0.06068403575682471,0.1496031746031746,0.13131313131313127,0.5,15.67131445888928,Low Priority,253.8467026273464,Low,Low
2747,1988,PhD,Married,67546.0,0,0,2012-08-31,90,864,134,768,150,38,172,1,4,10,5,3,0,0,0,0,0,0,0,38,0,2126,5075,19,106.3,3,Premium VIP Customers,3854.4942000000065,0.227124565477903,0.09073762447033551,0.09898095455803266,0.8416666666666667,0.09090909090909083,1.0,33.605220698572936,Low Priority,875.4503203120988,Low,Low
3010,1989,Master,Together,88420.0,0,0,2014-05-02,87,957,153,612,99,95,153,1,4,7,8,1,1,0,1,1,0,0,0,37,0,2069,4466,19,103.45,3,Premium VIP Customers,4333.689200000005,0.5034285177708391,0.10202641331667271,0.13037344947483667,0.819047619047619,0.1212121212121211,1.0,42.35915731914861,Email Nurture Campaign,2181.702730435496,Low,Low
5790,1985,Graduation,Married,31158.0,1,0,2013-01-27,62,25,6,16,20,0,5,2,2,0,3,8,0,0,0,0,0,0,0,41,1,72,4926,5,12.0,2,Dormant Customers,128.2751333333333,0.1266823582616281,0.002956031927016244,0.04425689088874719,0.026587301587301587,0.3737373737373737,0.5,11.599217007043192,Low Priority,16.25019639699144,Low,Low
6892,1968,Graduation,Divorced,61671.0,0,1,2014-06-03,23,641,7,56,0,0,28,8,10,4,6,8,0,1,0,1,0,0,0,58,1,732,4434,20,34.857142857142854,1,Loyal Customers,16347.935600000024,0.44793635887910244,0.3850558496786286,0.09014551776411564,0.2884920634920635,0.7676767676767676,0.75,41.556986225137884,Email Nurture Campaign,7322.834747854065,Medium,Low
1743,1974,Graduation,Single,69719.0,0,0,2014-05-26,99,273,86,208,177,14,43,1,2,3,5,1,0,0,0,0,0,0,0,52,0,801,4442,10,72.81818181818181,2,Dormant Customers,495.5708333333329,0.036772862569152964,0.011608717371287621,0.10224893824368059,0.31587301587301586,0.0,0.5,12.212032018745262,Low Priority,18.22355814744726,Low,Low
3578,1949,Graduation,Divorced,49160.0,0,1,2013-10-20,29,122,21,43,25,10,15,2,3,1,6,6,0,0,0,0,0,0,0,77,1,236,4660,10,21.454545454545453,1,Loyal Customers,1796.5036333333271,0.11994439408004903,0.042255856182156264,0.07133017312944404,0.09166666666666667,0.7070707070707071,0.75,17.989662774514137,Low Priority,215.4805397627725,Low,Low
8462,1978,Basic,Together,24882.0,1,0,2012-09-09,52,1,4,10,29,0,36,1,1,1,2,6,1,0,0,0,0,0,0,48,1,80,5066,4,16.0,0,Low-Value Customers,137.67479999999935,0.4687795744292386,0.0031774675685107253,0.03481838853664112,0.02976190476190476,0.4747474747474747,0.25,19.827061090464838,Low Priority,64.53913415363024,Low,Low
5558,1954,PhD,Single,90933.0,0,0,2014-03-31,90,1020,31,430,62,63,79,1,4,6,4,1,0,0,1,0,0,0,0,72,0,1685,4498,14,112.33333333333331,3,Premium VIP Customers,2580.935866666666,0.41705438529896044,0.06073536837731856,0.13415276056643044,0.6666666666666666,0.09090909090909083,1.0,36.129765670498124,Low Priority,1076.390621368706,Low,Low
4619,1945,PhD,Single,113734.0,0,0,2014-05-28,9,6,2,3,1,262,3,0,27,0,0,1,0,0,0,0,0,0,0,81,0,277,4440,27,9.892857142857142,1,Loyal Customers,8073.402166666645,0.20331806249306245,0.1901258927073364,0.16844327875163925,0.10793650793650794,0.9090909090909091,0.75,27.152253608030524,Low Priority,1641.4684862539546,Low,Low
8780,1950,PhD,Together,59292.0,0,1,2013-06-13,71,378,14,68,19,14,14,2,3,5,8,3,0,0,0,0,0,0,0,76,1,507,4789,16,29.823529411764707,1,Loyal Customers,2691.5639999999908,0.0451168464460472,0.0633415258657405,0.08656772982662993,0.19920634920634922,0.28282828282828276,0.75,16.021665119856586,Low Priority,121.43487968770818,Low,Low
10789,1964,PhD,Married,45759.0,1,1,2013-02-23,13,42,1,18,3,0,4,2,2,0,3,7,0,0,0,0,0,0,0,62,2,68,4899,5,11.333333333333334,0,Low-Value Customers,292.08323333333476,0.10228546845278405,0.006814993419143062,0.06621539516585055,0.025,0.8686868686868687,0.25,11.153602151250661,Low Priority,29.875870348703977,Low,Low
10779,1983,Graduation,Single,22148.0,0,0,2014-04-13,16,15,5,14,0,4,11,1,1,0,3,7,0,0,0,0,0,0,0,43,0,49,4485,4,9.8,0,Low-Value Customers,111.75756666666673,0.0433242157654452,0.002566914089068651,0.030706714631182554,0.01746031746031746,0.8383838383838383,0.25,8.637624995771196,Low Priority,4.841808931687796,Low,Low
5896,1987,Master,Married,73395.0,0,0,2014-03-18,94,272,7,80,20,7,11,1,4,4,6,2,0,0,0,0,0,0,0,39,0,397,4511,14,26.466666666666665,2,Dormant Customers,1124.0900666666666,0.07294601639751074,0.026415259407330912,0.10777728984443616,0.15555555555555556,0.050505050505050386,0.5,11.644469758448196,Low Priority,81.9978924353456,Low,Low
2337,1971,Graduation,Divorced,29819.0,1,0,2013-10-24,77,9,1,24,2,1,2,3,3,0,3,6,0,0,0,0,0,0,0,55,1,39,4656,6,5.571428571428571,2,Dormant Customers,90.1480333333331,0.05778582434163655,0.0020578406244709624,0.04224316325180168,0.013492063492063493,0.2222222222222222,0.5,8.531233644993307,Low Priority,5.209278418943983,Low,Low
10951,1968,Graduation,Married,45688.0,0,1,2014-01-25,20,279,0,18,0,0,9,2,3,1,8,4,0,1,0,0,0,0,0,58,1,306,4563,12,23.53846153846154,0,Low-Value Customers,3519.714266666659,0.08663547493277537,0.08285093955627962,0.06610861797225598,0.11944444444444444,0.797979797979798,0.25,14.027244270959867,Low Priority,304.9321171203312,Low,Low
544,1954,Graduation,Married,62820.0,0,0,2013-05-11,51,398,61,265,138,61,53,1,3,4,6,1,0,0,0,0,0,0,0,72,0,976,4822,13,69.71428571428571,1,Loyal Customers,6410.836900000043,0.04853935433073853,0.15095948187530847,0.09187350361538554,0.38531746031746034,0.48484848484848475,0.75,22.607704451339593,Low Priority,311.1778838456754,Low,Low
17,1971,PhD,Married,60491.0,0,1,2013-09-06,81,637,47,237,12,19,76,4,6,11,7,5,0,0,0,0,0,0,0,55,1,1028,4704,24,41.12,3,Premium VIP Customers,4697.504300000001,0.2276646339195341,0.1105971034177986,0.08837091088465657,0.40595238095238095,0.18181818181818177,1.0,28.029937852343174,Low Priority,1069.4555967949375,Low,Low
10680,1986,Graduation,Together,33235.0,1,0,2014-02-05,71,45,0,16,2,1,6,1,3,0,3,7,0,0,0,0,0,0,0,40,1,70,4552,6,10.0,2,Dormant Customers,174.74140000000006,0.1412110118223519,0.00405067580451413,0.04738049977742219,0.025793650793650792,0.28282828282828276,0.5,11.632701802626379,Low Priority,24.67540990125433,Low,Low
3265,1959,Graduation,Married,35701.0,0,0,2013-03-19,36,21,1,9,7,3,5,1,1,0,3,6,0,0,0,0,0,0,0,67,0,46,4875,4,9.2,0,Low-Value Customers,106.08946666666621,0.026752236656950094,0.0024333860179077873,0.05108912737466463,0.01626984126984127,0.6363636363636364,0.25,7.312325754858184,Low Priority,2.838130519076273,Low,Low
5623,1980,Master,Married,31535.0,1,0,2013-09-26,95,15,4,13,0,0,19,1,1,1,2,7,1,0,0,0,0,0,0,46,1,51,4684,4,10.2,2,Dormant Customers,11.78906666666663,0.19806153436201218,0.00021187430821729625,0.04482386274769301,0.018253968253968255,0.04040404040404033,0.5,11.872270613413539,Low Priority,2.334960632696045,Low,Low
5832,1960,2n Cycle,Together,92556.0,0,0,2014-04-20,32,493,183,352,184,23,28,0,3,5,13,0,0,0,0,0,0,0,0,66,0,1263,4478,21,57.40909090909091,3,Premium VIP Customers,21235.129566666612,0.26073116744208935,0.5001874782239858,0.13659359697775425,0.4992063492063492,0.6767676767676767,1.0,45.065428961693414,Email Nurture Campaign,5536.660122701015,Medium,Low
5544,1970,Graduation,Single,67384.0,0,1,2012-11-10,32,957,40,175,158,53,107,2,7,8,5,5,0,1,0,0,0,0,0,56,1,1490,5004,20,70.95238095238095,3,Premium VIP Customers,19347.657466666664,0.5320812555324639,0.4557227530280798,0.09873732208814082,0.5892857142857143,0.6767676767676767,1.0,52.844617575821815,Email Nurture Campaign,10294.525876476047,Medium,Low
6417,1971,Master,Together,80573.0,0,0,2012-10-14,85,829,138,430,60,92,15,1,4,6,13,2,0,0,0,0,0,0,0,55,0,1564,5031,23,65.16666666666667,3,Premium VIP Customers,5124.157433333355,0.1100277574496156,0.12064812050443012,0.11857231372643381,0.6186507936507937,0.14141414141414133,1.0,28.092832087718318,Low Priority,563.7995512084472,Low,Low
5831,1967,Graduation,Married,77870.0,0,1,2012-08-22,93,1017,50,500,65,50,133,3,5,5,5,8,0,1,0,1,0,0,1,59,1,1815,5084,15,113.4375,3,Premium VIP Customers,1054.1712333333314,0.8767961803905941,0.024768124220439842,0.11450726084916443,0.7182539682539683,0.06060606060606055,1.0,49.26884157366249,Email Nurture Campaign,924.2933108643068,Low,Low
7101,1963,PhD,Widow,52278.0,0,1,2013-01-25,24,953,0,71,0,0,174,6,10,5,10,8,0,0,0,0,0,0,0,63,1,1198,4928,25,46.07692307692308,1,Loyal Customers,21117.53586666666,0.7648544958265405,0.49741722718013304,0.07601934622279437,0.4734126984126984,0.7575757575757576,0.75,57.01741441649742,Email Nurture Campaign,16151.842248398216,High,Medium
10176,1968,Graduation,Single,57107.0,0,1,2012-08-24,44,159,0,120,0,0,137,7,4,4,8,8,0,1,0,0,1,0,1,58,1,416,5082,16,24.47058823529412,1,Loyal Customers,5072.63766666668,0.35687015747961987,0.11943442719103442,0.08328169929136037,0.1630952380952381,0.5555555555555556,0.75,27.846160882239584,Low Priority,1810.2730029403897,Low,Low
2326,1990,Graduation,Married,18929.0,0,0,2013-02-16,15,32,0,8,23,4,18,1,1,0,4,6,0,0,0,0,0,0,0,36,0,85,4906,5,14.166666666666666,0,Low-Value Customers,360.852,0.062482952048060175,0.00843503554421327,0.025865647220183596,0.031746031746031744,0.8484848484848485,0.25,9.604810818584758,Low Priority,22.54709821244661,Low,Low
4385,1981,PhD,Single,36038.0,1,0,2013-05-31,82,23,0,15,0,2,7,2,3,0,3,6,0,0,0,0,0,0,0,45,1,47,4802,6,6.714285714285714,2,Dormant Customers,55.08960000000009,0.05615526763114156,0.0012319404143615346,0.05159594306820506,0.016666666666666666,0.1717171717171716,0.5,8.346161530633003,Low Priority,3.093571231692541,Low,Low
2929,1976,Graduation,Single,20180.0,0,0,2013-02-20,27,18,42,24,15,20,18,1,2,1,4,7,0,0,0,0,0,0,0,50,0,137,4902,7,17.125,0,Low-Value Customers,676.6710333333375,0.37262444070988043,0.01587504301706751,0.027747031293237245,0.05238095238095238,0.7272727272727273,0.25,18.854532746818734,Low Priority,252.14416534041175,Low,Low
10686,1965,PhD,Together,34230.0,1,1,2012-12-26,72,15,0,4,0,0,2,1,1,0,2,7,0,0,0,0,0,0,0,61,2,21,4958,3,5.25,2,Dormant Customers,18.58820000000003,0.01450107904218326,0.00037204705738641064,0.04887688439188132,0.006349206349206349,0.2727272727272727,0.5,7.393837085780362,Low Priority,0.2695489574519113,Low,Low
2546,1977,2n Cycle,Single,31878.0,0,1,2014-06-22,7,23,4,5,10,5,23,1,1,0,4,3,0,0,0,0,0,0,0,49,1,70,4415,5,11.666666666666666,0,Low-Value Customers,329.71143333333333,0.05765456220869909,0.007701431726028006,0.04533970186604425,0.025793650793650792,0.9292929292929293,0.25,9.947446245071664,Low Priority,19.00936834403601,Low,Low
3283,1972,2n Cycle,Married,70932.0,0,1,2014-01-19,57,200,193,100,46,185,185,2,6,2,12,3,0,0,0,0,0,0,0,54,1,909,4569,20,43.285714285714285,1,Loyal Customers,7713.419399999967,0.033843667154722666,0.18164548401939012,0.10407317395959911,0.35873015873015873,0.4242424242424242,0.75,22.507570776983876,Low Priority,261.0503987983795,Low,Low
3138,1956,Graduation,Single,91249.0,0,0,2012-10-20,84,1324,27,119,71,108,27,0,7,9,6,4,0,1,1,1,1,0,1,70,0,1676,5025,22,72.8695652173913,3,Premium VIP Customers,5104.44183333334,0.9256730851706931,0.12018366397759028,0.13462799427313304,0.6630952380952381,0.1515151515151515,1.0,53.425986746184165,Email Nurture Campaign,4725.044419936022,Low,Low
4994,1943,Master,Single,77598.0,0,0,2013-10-01,53,1193,33,281,129,66,33,1,7,5,13,3,0,0,1,0,0,0,0,83,0,1735,4679,25,66.73076923076923,3,Premium VIP Customers,18257.059500000003,0.24153447853081658,0.43003064404959573,0.11409819892440776,0.6865079365079365,0.46464646464646464,1.0,43.90878703750782,Email Nurture Campaign,4409.709345838592,Low,Low
7966,1959,Graduation,Single,80982.0,1,1,2013-01-08,48,505,137,401,104,22,22,3,11,5,11,5,0,0,0,0,0,1,0,67,2,1191,4945,27,42.535714285714285,1,Loyal Customers,16669.530566666654,0.24375575700187913,0.39263192554073995,0.11918741051770396,0.47063492063492063,0.5151515151515151,0.75,37.418785966737,Low Priority,4063.2940421437934,Low,Low
3112,1977,Master,Married,22701.0,1,0,2013-09-05,2,2,4,9,0,4,5,1,1,0,3,5,0,0,0,0,0,0,0,49,1,24,4705,4,4.8,0,Low-Value Customers,107.99713333333395,0.1072136691080963,0.0024783264830403706,0.0315383736179121,0.007539682539682541,0.9797979797979798,0.25,11.118228740998358,Low Priority,11.578768917823023,Low,Low
10872,1969,PhD,Married,55212.0,0,1,2012-11-23,65,1103,0,45,0,0,34,3,4,2,11,8,0,1,0,0,1,0,0,57,1,1182,4991,17,65.66666666666667,1,Loyal Customers,6427.169966666642,0.22621478686825572,0.15134425329573728,0.08043180095527991,0.46706349206349207,0.3434343434343434,0.75,28.354213312596688,Low Priority,1453.9208841755485,Low,Low
2181,1970,Graduation,Married,70617.0,0,0,2013-06-23,45,353,61,753,40,46,27,1,3,3,7,2,0,0,0,0,0,0,0,56,0,1280,4779,13,91.42857142857144,3,Premium VIP Customers,8522.850133333335,0.26800172991872584,0.20071390634085903,0.10359944415703165,0.5059523809523809,0.5454545454545454,1.0,35.4140219709163,Low Priority,2284.138579571377,Low,Low
1867,1957,Graduation,Single,64849.0,0,0,2012-11-13,42,652,48,350,94,84,108,1,9,3,6,5,0,0,0,0,0,0,1,69,0,1336,5001,18,70.3157894736842,1,Loyal Customers,12984.585266666623,0.8507246962945432,0.3058226529022459,0.09492492510557407,0.5281746031746032,0.5757575757575757,0.75,53.94707665336633,Email Nurture Campaign,11046.307357495563,Medium,Low
1518,1965,Master,Married,62694.0,1,1,2013-06-17,29,379,6,157,25,91,91,5,9,3,7,7,0,0,0,0,0,0,0,61,2,749,4785,19,37.45,1,Loyal Customers,14069.981433333342,0.3310235710839127,0.331392218820347,0.09168401169435855,0.29523809523809524,0.7070707070707071,0.75,36.253238777996344,Low Priority,4657.495499146352,Low,Low
5734,1974,PhD,Married,61917.0,1,1,2013-11-20,83,46,4,36,2,2,1,1,2,0,4,5,0,0,0,0,0,0,0,52,2,91,4629,6,13.0,2,Dormant Customers,151.99759999999984,0.03019168902443322,0.003514881491628296,0.09051547818135881,0.034126984126984124,0.16161616161616155,0.5,8.236337467281004,Low Priority,4.5890642716601855,Low,Low
2878,1947,PhD,Married,67472.0,0,1,2013-09-28,93,162,31,127,8,17,69,2,4,2,7,3,0,0,0,0,0,0,0,79,1,414,4682,13,29.571428571428573,1,Loyal Customers,493.98753333333366,0.06994253591674428,0.011571418277222788,0.09886966565203267,0.1623015873015873,0.06060606060606055,0.75,13.671669394893451,Low Priority,34.5507407925906,Low,Low
1458,1982,Master,Married,21059.0,1,0,2014-01-07,40,8,3,19,3,3,8,3,3,0,3,6,0,0,0,0,0,0,0,44,1,44,4581,6,6.285714285714286,0,Low-Value Customers,175.79196666666715,0.10597881647383461,0.004075424863392051,0.02906896302802074,0.015476190476190477,0.5959595959595959,0.25,9.304257707337843,Low Priority,18.63022457294117,Low,Low
7007,1968,Master,Married,29543.0,2,0,2014-04-01,47,17,3,18,3,4,18,2,3,1,2,7,0,0,0,0,0,0,0,58,2,63,4497,6,9.0,0,Low-Value Customers,241.89179999999877,0.396257089492506,0.00563259274135001,0.04182808571050447,0.023015873015873017,0.5252525252525252,0.25,17.946472045621444,Low Priority,95.85134064010288,Low,Low
6200,1951,Graduation,Married,75903.0,0,1,2013-04-08,50,340,108,185,130,38,100,2,6,6,9,3,0,0,0,0,0,0,0,75,1,901,4855,21,40.95454545454545,3,Premium VIP Customers,10473.530699999998,0.06451898541458811,0.24666768512351206,0.11154908141535426,0.35555555555555557,0.4949494949494949,1.0,28.259171738377354,Low Priority,675.7415744725407,Low,Low
1403,1975,2n Cycle,Together,34984.0,1,1,2012-09-06,40,8,4,15,3,5,3,2,1,0,3,7,0,0,0,0,0,0,0,51,2,38,5069,4,7.6,0,Low-Value Customers,78.77843333333324,0.013279067282479174,0.00178999765101065,0.05001082810977297,0.013095238095238096,0.5959595959595959,0.25,6.628406780328976,Low Priority,1.0461041166416323,Low,Low
4827,1956,PhD,Single,54998.0,0,1,2013-03-10,3,154,22,202,39,30,8,5,4,2,9,4,0,0,0,0,0,0,1,70,1,455,4884,15,28.4375,1,Loyal Customers,6630.134366666663,0.7329536199940244,0.156125651797232,0.08010996547036106,0.17857142857142858,0.9696969696969697,0.75,42.50053408549759,Email Nurture Campaign,4859.580985095119,Low,Low
6250,1949,PhD,Widow,54356.0,0,1,2012-11-19,62,710,15,30,20,0,0,3,11,2,8,8,0,0,0,0,0,0,1,77,1,775,4995,21,35.22727272727273,1,Loyal Customers,6368.792766666663,0.7207543291527205,0.14996901381235336,0.0791444590156045,0.3055555555555556,0.3737373737373737,0.75,40.86516508112846,Email Nurture Campaign,4590.33495805153,Low,Low
9291,1959,Master,Married,34242.0,0,1,2014-03-23,25,8,2,4,0,0,1,1,0,0,3,5,0,0,0,0,0,0,0,67,1,15,4506,3,3.75,0,Low-Value Customers,35.708666666666666,0.008068404120111467,0.0007753679041205266,0.04889493124150294,0.003968253968253968,0.7474747474747474,0.25,7.051160020039536,Low Priority,0.2881119532570203,Low,Low
2478,1973,Graduation,Married,25410.0,1,0,2013-08-31,48,2,2,4,13,13,4,1,1,0,4,4,0,0,0,0,0,0,0,53,1,38,4710,5,6.333333333333333,0,Low-Value Customers,121.67413333333333,0.07262024570638627,0.002800526766956829,0.0356124499199923,0.013095238095238096,0.5151515151515151,0.25,7.890933820586363,Low Priority,8.83600545877827,Low,Low
1139,1984,PhD,Married,73356.0,0,0,2014-02-06,56,1050,14,322,0,14,112,1,5,11,5,2,1,0,1,1,0,0,1,42,0,1512,4551,21,68.72727272727273,3,Premium VIP Customers,14188.931533333278,0.8806560852140883,0.3341944236892416,0.1077186375831659,0.598015873015873,0.43434343434343425,1.0,58.664656909886816,Email Nurture Campaign,12495.568897516016,Medium,Medium
5138,1950,Graduation,Together,28320.0,0,1,2013-01-14,68,19,1,14,3,2,4,1,1,0,3,8,0,0,0,0,0,0,0,76,1,43,4939,4,8.6,2,Dormant Customers,51.02446666666688,0.03354679031149748,0.0011361747410297894,0.039988810953234595,0.015079365079365078,0.31313131313131304,0.5,8.232224102955204,Low Priority,1.7117070840226667,Low,Low
5393,1977,Graduation,Single,23763.0,1,0,2012-08-07,64,22,0,6,6,2,6,1,1,0,3,7,0,0,0,0,0,0,0,49,1,42,5099,4,8.4,2,Dormant Customers,53.84139999999984,0.025523760724372725,0.0012025355452831823,0.033135519809425265,0.014682539682539682,0.3535353535353535,0.5,8.121058949098794,Low Priority,1.3742350106652375,Low,Low
10413,1984,Graduation,Married,72570.0,0,0,2014-04-25,67,274,83,216,151,141,224,1,4,6,12,1,0,0,0,0,0,0,0,42,0,1089,4473,22,47.34782608695652,3,Premium VIP Customers,7865.125899999983,0.10652080434813553,0.18521935821489935,0.10653656893294994,0.4301587301587302,0.3232323232323232,1.0,27.886113134763114,Low Priority,837.7995371673516,Low,Low
5015,1976,Master,Married,34529.0,1,0,2012-09-14,94,68,6,38,3,6,41,2,2,2,3,7,0,0,0,0,0,0,0,50,1,162,5061,7,20.25,2,Dormant Customers,60.87883333333364,0.18395244727682888,0.0013683221226059434,0.04932655172828663,0.062301587301587295,0.050505050505050386,0.5,12.239937661314974,Low Priority,11.19881037902491,Low,Low
10868,1951,Graduation,Widow,70792.0,0,0,2013-02-06,82,344,45,654,104,11,114,2,3,4,10,3,0,0,0,0,0,0,0,75,0,1272,4916,17,70.66666666666667,3,Premium VIP Customers,4337.4941666666655,0.13835349640975914,0.10211605003088567,0.10386262738068025,0.5027777777777778,0.1717171717171716,1.0,26.65296519227867,Low Priority,600.1074836152677,Low,Low
10676,1982,Graduation,Married,63211.0,0,0,2012-11-02,3,145,193,459,205,26,145,2,3,8,7,2,0,0,0,0,0,0,1,44,0,1173,5012,18,61.73684210526316,3,Premium VIP Customers,19974.99943333337,0.850287566842373,0.4705015612296395,0.09246153013222325,0.4634920634920635,0.9696969696969697,1.0,62.349154944348406,Cross-Sell Campaign,16984.493665846814,High,Medium
2495,1974,Master,Married,83891.0,0,1,2014-06-20,24,217,38,350,111,85,15,1,4,7,10,1,0,0,0,0,0,0,0,52,1,816,4417,21,37.09090909090909,3,Premium VIP Customers,27767.798633333292,0.2480775835589478,0.6540829105565416,0.12356226764681111,0.32182539682539685,0.7575757575757576,1.0,46.915697240192536,Email Nurture Campaign,6888.568385708776,Medium,Low
7842,1968,Graduation,Single,36065.0,1,1,2013-03-31,54,18,7,34,10,2,3,3,3,0,3,8,0,0,0,0,0,0,0,58,2,74,4863,6,10.571428571428571,2,Dormant Customers,202.6720333333331,0.13931492187263383,0.004708660595767096,0.0516365484798537,0.02738095238095238,0.4545454545454545,0.5,12.520514517292124,Low Priority,28.23523848960114,Low,Low
9955,1954,Graduation,Together,39898.0,0,1,2013-02-12,20,69,8,26,12,7,12,2,3,0,4,7,0,0,0,0,0,0,0,72,1,134,4910,7,16.75,0,Low-Value Customers,734.1789333333296,0.07817022934584776,0.017229803688811135,0.05740101302982543,0.05119047619047619,0.797979797979798,0.25,10.693767254094155,Low Priority,57.39093559955625,Low,Low
6663,1940,PhD,Single,51141.0,0,0,2013-07-08,96,144,0,7,0,0,6,1,3,1,4,5,0,0,0,0,0,0,0,86,0,157,4764,8,17.444444444444443,2,Dormant Customers,90.63373333333371,0.08640868231980534,0.0020692826569267955,0.0743094072211461,0.06031746031746032,0.030303030303030276,0.5,9.45371007779048,Low Priority,7.831541471057984,Low,Low
2162,1976,Graduation,Married,56939.0,0,1,2013-09-18,19,256,34,103,90,29,49,2,3,3,10,3,0,0,0,0,0,0,0,50,1,561,4692,16,33.0,1,Loyal Customers,8661.707100000029,0.10233868934197293,0.20398507356201784,0.08302904339665772,0.22063492063492063,0.8080808080808081,0.75,24.86993117101415,Low Priority,886.4277520780643,Low,Low
3434,1951,Graduation,Single,80872.0,0,0,2014-05-12,60,483,72,567,94,12,108,1,4,4,10,1,0,0,0,0,0,0,0,75,0,1336,4456,18,70.3157894736842,3,Premium VIP Customers,9773.354766666685,0.14394228949718008,0.2301730675530306,0.11902198106283912,0.5281746031746032,0.3939393939393939,1.0,32.305996539450724,Low Priority,1406.7990611821808,Low,Low
7919,1976,PhD,Together,72335.0,0,0,2012-08-13,2,1285,105,653,28,21,0,1,10,4,8,8,0,0,0,0,0,0,1,50,0,2092,5093,22,90.95652173913044,3,Premium VIP Customers,26069.878166666647,0.9416441099795759,0.6140836083391267,0.10618315146119325,0.8281746031746032,0.9797979797979798,1.0,75.05527201078195,Cross-Sell Campaign,24548.547223526795,High,High
5626,1964,PhD,Single,61798.0,0,0,2013-11-23,13,338,4,89,11,8,13,1,4,2,9,4,0,0,0,0,0,0,0,62,0,463,4626,15,28.9375,1,Loyal Customers,6888.373899999997,0.22860155077160196,0.16220921185853623,0.09033651358927776,0.18174603174603177,0.8686868686868687,0.75,27.19731283442175,Low Priority,1574.6929558346271,Low,Low
6428,1950,PhD,Widow,76842.0,0,0,2014-05-03,37,605,10,345,84,54,32,1,1,8,7,0,0,0,0,0,0,0,0,76,0,1130,4465,16,66.47058823529412,3,Premium VIP Customers,13000.018266666628,0.1615046888040936,0.30618622071548596,0.11296124739824584,0.44642857142857145,0.6262626262626263,1.0,34.98808146231154,Low Priority,2099.563904605526,Low,Low
8514,1976,Graduation,Together,29478.0,1,0,2014-01-17,59,8,0,7,3,1,1,1,1,0,3,6,0,0,0,0,0,0,0,50,1,20,4571,4,4.0,2,Dormant Customers,40.896933333333266,0.017251499963671965,0.0008975921486942161,0.041730331941720704,0.005952380952380952,0.404040404040404,0.5,8.071263817275927,Low Priority,0.7055334439142936,Low,Low
10448,1956,Graduation,Single,46998.0,0,1,2012-10-22,55,172,41,86,45,6,27,5,5,3,5,7,1,0,0,0,0,0,0,70,1,377,5023,13,26.928571428571427,1,Loyal Customers,2480.533533333328,0.35831549179829525,0.05837010842953193,0.06807873238928258,0.14761904761904762,0.4444444444444444,0.75,25.11786326723558,Low Priority,888.8135929184944,Low,Low
2109,1990,Graduation,Single,96843.0,0,0,2013-04-23,60,448,71,951,40,17,17,1,6,11,10,2,0,0,1,0,0,0,1,36,0,1544,4840,27,55.142857142857146,3,Premium VIP Customers,17550.429000000073,0.9182104942152086,0.4133839709689482,0.14304083400507717,0.6107142857142858,0.3939393939393939,1.0,62.50865355098673,Cross-Sell Campaign,16114.988085778996,High,Medium
7530,1950,PhD,Widow,56551.0,1,1,2014-05-07,48,67,4,32,17,2,16,3,2,1,4,4,0,0,0,0,0,0,0,76,2,138,4461,7,17.25,2,Dormant Customers,505.1102000000033,0.10104962225300719,0.011833444040029636,0.08244552859222541,0.05277777777777778,0.5151515151515151,0.5,12.578371517137601,Low Priority,51.04119490614125,Low,Low
8925,1965,Master,Married,70053.0,0,1,2013-07-03,38,512,53,98,81,179,89,3,8,5,10,5,0,0,0,0,0,0,0,61,1,1012,4769,23,42.16666666666666,1,Loyal Customers,15786.615033333344,0.09133139033432369,0.3718323616367949,0.10275124222481562,0.3996031746031746,0.6161616161616161,0.75,31.49728068123741,Low Priority,1441.8134996670701,Low,Low
3009,1962,PhD,Widow,71670.0,0,0,2013-07-09,8,1462,16,128,0,0,160,1,5,3,6,6,0,1,1,0,1,0,1,64,0,1766,4763,14,117.73333333333332,1,Loyal Customers,21652.10630000004,0.9164813653077001,0.510010540435479,0.1051830552113286,0.6988095238095238,0.9191919191919192,0.75,66.42469017751111,Cross-Sell Campaign,19843.75194361149,High,Medium
6355,1978,Graduation,Married,44359.0,1,1,2014-06-17,19,20,0,14,7,3,1,3,2,0,4,3,0,0,0,0,0,0,0,48,2,45,4420,6,6.428571428571429,0,Low-Value Customers,248.03576666666558,0.02709905619220675,0.005777331193084556,0.06410992937666181,0.015873015873015872,0.8080808080808081,0.25,8.405890193824636,Low Priority,6.721535178577053,Low,Low
3517,1952,Graduation,Single,40887.0,1,1,2013-05-06,32,50,4,44,10,10,43,3,3,1,3,9,0,0,0,0,0,0,1,74,2,161,4827,7,20.125,0,Low-Value Customers,714.5559666666636,0.8555362074671718,0.016767529401227364,0.05888837421947375,0.0619047619047619,0.6767676767676767,0.25,33.57040566065653,Low Priority,611.3285017450363,Low,Low
1158,1966,Graduation,Divorced,48877.0,0,1,2014-01-05,27,102,1,15,2,0,24,1,3,0,4,7,0,0,0,0,0,0,0,60,1,144,4583,7,18.0,0,Low-Value Customers,725.9160999999975,0.08639168040000142,0.017035149360672356,0.07090456825920088,0.05515873015873016,0.7272727272727273,0.25,10.775595164156812,Low Priority,62.713111708415255,Low,Low
6203,1947,Graduation,Together,74485.0,0,0,2013-08-24,58,499,149,815,173,49,49,1,6,7,12,3,0,0,0,0,0,0,0,79,0,1734,4717,25,66.6923076923077,3,Premium VIP Customers,15635.972799999996,0.2822474303092407,0.36828355924227735,0.10941654535173309,0.6861111111111111,0.41414141414141414,1.0,42.97246887743661,Email Nurture Campaign,4413.213143185182,Low,Low
7165,1972,Graduation,Together,64474.0,0,1,2013-10-22,59,381,35,172,56,86,93,2,8,2,10,5,0,0,0,0,0,0,0,54,1,823,4658,20,39.19047619047619,1,Loyal Customers,6539.32266666669,0.05957811625099576,0.15398632624901756,0.09436096105489851,0.3246031746031746,0.404040404040404,0.75,21.73979252479902,Low Priority,389.60052603743964,Low,Low
3595,1963,Graduation,Together,77226.0,0,1,2014-02-28,29,631,43,239,128,76,21,2,6,8,12,3,0,0,0,0,0,0,0,63,1,1138,4529,26,42.14814814814815,3,Premium VIP Customers,20408.396900000076,0.12700123197059468,0.48071146009698557,0.1135387465861376,0.4496031746031746,0.7070707070707071,1.0,39.64616938228994,Low Priority,2591.891548844875,Low,Low
8537,1949,Graduation,Widow,72643.0,0,0,2013-02-27,60,526,80,553,123,94,53,1,3,10,7,2,0,0,0,1,0,0,1,77,0,1429,4895,20,68.04761904761905,3,Premium VIP Customers,11725.754866666672,0.49950693069540963,0.27616735478989146,0.10664635393481478,0.5650793650793651,0.3939393939393939,1.0,44.782579549794626,Email Nurture Campaign,5857.095823535431,Medium,Low
4331,1978,Master,Together,85738.0,0,0,2014-01-23,41,913,26,376,17,26,13,1,3,6,11,1,0,1,1,0,0,0,0,48,0,1371,4565,20,65.28571428571429,3,Premium VIP Customers,17685.255366666614,0.5081329345893298,0.4165601860467712,0.12633997858440513,0.542063492063492,0.5858585858585859,1.0,50.064438715172386,Email Nurture Campaign,8986.460708426,Medium,Low
6281,1966,Graduation,Divorced,55686.0,0,1,2013-02-14,27,673,0,199,37,47,26,2,6,3,5,4,1,0,0,0,0,0,0,60,1,982,4908,14,65.46666666666667,1,Loyal Customers,8435.966333333346,0.12938213111630506,0.19866711354801422,0.0811446515153338,0.3876984126984127,0.7272727272727273,0.75,27.604763681922744,Low Priority,1091.4633022320702,Low,Low
4338,1983,Graduation,Single,39062.0,1,0,2014-03-25,28,23,0,9,0,0,12,1,1,0,3,4,1,0,0,0,0,0,0,43,1,44,4504,4,8.8,0,Low-Value Customers,122.55563333333329,0.011873977962432102,0.002821292983983396,0.056143749172852725,0.015476190476190477,0.7171717171717171,0.25,7.320297063122435,Low Priority,1.4552228893719086,Low,Low
2452,1971,Graduation,Together,34600.0,1,1,2013-01-01,8,199,33,60,8,3,15,5,5,2,5,8,0,0,0,0,0,0,1,55,2,318,4952,12,24.46153846153846,0,Low-Value Customers,3243.6942999999874,0.8931122833845192,0.07634851127327771,0.0494333289218812,0.12420634920634921,0.9191919191919192,0.25,38.53721196300756,Low Priority,2896.9832228743385,Low,Low
9507,1975,Graduation,Married,40794.0,0,1,2013-04-07,18,261,23,73,4,23,50,2,6,3,5,7,0,0,0,0,0,0,0,51,1,434,4856,14,28.933333333333334,1,Loyal Customers,5287.110533333337,0.3859715824518421,0.12448694006172074,0.058748511134906214,0.17023809523809524,0.8181818181818181,0.75,30.045721306236466,Low Priority,2040.674419148471,Low,Low
8360,1971,2n Cycle,Married,54690.0,1,1,2013-11-07,76,111,16,37,7,9,18,3,3,1,5,3,0,0,0,0,0,0,0,55,2,198,4642,9,19.8,2,Dormant Customers,456.7037333333306,0.06689698474306065,0.01069309328303649,0.07964676299673953,0.07658730158730159,0.23232323232323226,0.5,10.434595656175997,Low Priority,30.552102680898656,Low,Low
10311,1969,Graduation,Married,4428.0,0,1,2013-10-05,0,16,4,12,2,4,321,0,25,0,0,1,0,0,0,0,0,0,0,57,1,359,4675,25,13.807692307692308,1,Loyal Customers,8367.180166666663,0.26702459027670294,0.19704666151690134,0.004057533356593717,0.14047619047619048,1.0,0.75,28.569855744516925,Low Priority,2234.2428557755206,Low,Low
5117,1963,2n Cycle,Married,32632.0,0,0,2012-08-02,32,63,151,137,153,19,53,2,4,4,8,5,0,0,0,0,0,0,0,63,0,576,5104,16,33.88235294117647,1,Loyal Customers,6435.460766666637,0.3073187291446594,0.15153956645753397,0.0464736455839359,0.2265873015873016,0.6767676767676767,0.75,28.513133231553073,Low Priority,1977.7376242723064,Low,Low
4867,1968,PhD,Single,38236.0,1,1,2013-09-20,2,58,0,18,2,0,10,4,3,0,4,7,0,0,0,0,0,0,0,58,2,88,4690,7,11.0,0,Low-Value Customers,557.8867666666664,0.16258805559493128,0.013076744819742695,0.05490152435723137,0.03293650793650794,0.9797979797979798,0.25,13.711996774050053,Low Priority,90.70572463447641,Low,Low
9289,1979,Graduation,Married,36781.0,1,0,2014-04-10,16,29,1,17,0,3,13,1,2,1,2,8,0,0,0,0,0,0,1,47,1,63,4488,5,10.5,0,Low-Value Customers,316.0202666666673,0.8576082102425935,0.007378897706349162,0.05271334384061022,0.023015873015873017,0.8383838383838383,0.25,33.51390396403167,Low Priority,271.02157529638765,Low,Low
10913,1984,Master,Single,31385.0,1,0,2012-12-05,56,3,2,12,0,1,9,1,1,0,2,8,1,0,0,0,0,0,1,42,1,27,4979,3,6.75,0,Low-Value Customers,31.136266666666696,0.6858551150873909,0.0006676521347135168,0.044598277127422786,0.00873015873015873,0.43434343434343425,0.25,25.84433534060691,Low Priority,21.354967758058383,Low,Low
3032,1984,Graduation,Married,24570.0,1,0,2013-02-27,97,28,34,62,11,14,44,3,4,0,4,9,0,0,0,0,0,0,0,42,1,193,4895,8,21.444444444444443,2,Dormant Customers,65.25399999999983,0.16554514962193043,0.0014713915049399157,0.03434917044647906,0.07460317460317462,0.02020202020202011,0.5,11.57404565832862,Low Priority,10.80248319342942,Low,Low
8524,1974,PhD,Divorced,25509.0,1,0,2012-09-18,15,40,3,30,10,7,11,3,3,0,3,9,0,0,0,0,0,0,1,52,1,101,5057,6,14.428571428571429,0,Low-Value Customers,455.91173333333535,0.8926226292160806,0.010674435490767695,0.03576133642937065,0.0380952380952381,0.8484848484848485,0.25,34.77037811935197,Low Priority,406.9571300984624,Low,Low
3334,1951,Graduation,Married,94642.0,0,0,2014-02-12,35,879,143,797,106,143,143,0,5,7,9,1,0,0,1,1,0,0,0,75,0,2211,4545,21,100.5,3,Premium VIP Customers,30657.67310000011,0.5127859427547253,0.722162048791755,0.13973074100364546,0.8753968253968254,0.6464646464646464,1.0,64.80902276970647,Cross-Sell Campaign,15720.82380324974,High,Medium
4470,1962,Master,Married,58646.0,0,1,2013-06-10,3,62,1,44,6,5,22,1,2,1,4,4,0,0,0,0,0,0,0,64,1,140,4792,7,17.5,0,Low-Value Customers,960.2355666666678,0.15315882700838193,0.022555204832424763,0.08559620775533285,0.05357142857142857,0.9696969696969697,0.25,14.279439309833808,Low Priority,147.06855304239576,Low,Low
1406,1975,Graduation,Single,53201.0,1,1,2013-02-12,49,280,7,81,20,0,27,8,6,3,5,7,0,0,0,0,0,0,0,51,2,415,4910,14,27.666666666666668,1,Loyal Customers,3637.9225666666575,0.3567423717981241,0.08563566923539662,0.0774074497395238,0.1626984126984127,0.505050505050505,0.75,26.511144444129574,Low Priority,1297.8011248505827,Low,Low
8619,1957,Graduation,Together,21994.0,0,1,2012-12-24,4,9,0,6,3,1,3,1,0,0,3,5,0,0,0,0,0,0,0,69,1,22,4960,3,5.5,0,Low-Value Customers,62.72786666666686,0.02367848788638262,0.0014118813143125302,0.03047511339437179,0.006746031746031746,0.9595959595959596,0.25,8.456632484134847,Low Priority,1.4853010310052956,Low,Low
10821,1978,Graduation,Married,57113.0,1,1,2013-02-06,45,182,4,33,0,2,42,6,4,1,5,7,0,0,0,0,0,0,0,48,2,263,4916,10,23.90909090909091,0,Low-Value Customers,1422.5998999999997,0.22415386008071442,0.03344749988783533,0.08329072271617118,0.10238095238095238,0.5454545454545454,0.25,15.32393503920522,Low Priority,318.88125893543827,Low,Low
4552,1991,Graduation,Married,51373.0,0,0,2013-06-22,37,83,2,101,64,26,117,1,3,5,3,4,0,0,0,0,0,0,0,35,0,393,4780,11,32.75,0,Low-Value Customers,4047.136466666663,0.2486881922237044,0.09527585602800968,0.07465831298049737,0.15396825396825398,0.6262626262626263,0.25,19.006341518193334,Low Priority,1006.475051577963,Low,Low
898,1986,Graduation,Married,23477.0,1,0,2013-10-21,39,38,15,54,3,8,29,3,3,0,4,8,0,0,0,0,0,0,0,40,1,147,4659,7,18.375,0,Low-Value Customers,570.0390666666674,0.1643299352609409,0.013363026497759693,0.03270540322677671,0.05634920634920635,0.606060606060606,0.25,12.033384010569911,Low Priority,93.67448292154062,Low,Low
9797,1956,Graduation,Married,58116.0,0,1,2014-04-13,38,228,19,130,4,11,51,2,3,3,8,2,0,0,0,0,0,0,0,70,1,443,4485,14,29.53333333333333,1,Loyal Customers,5004.605000000005,0.05221549451276948,0.11783172597617755,0.0847991385637114,0.1738095238095238,0.6161616161616161,0.75,19.13735893825646,Low Priority,261.317924916079,Low,Low
10949,1963,PhD,Divorced,72968.0,0,0,2013-12-16,8,1092,37,592,145,37,55,1,5,5,8,3,0,0,0,1,0,0,1,63,0,1958,4603,18,103.05263157894736,3,Premium VIP Customers,27940.00696666678,0.8438710954637719,0.6581397632210756,0.10713512277873359,0.775,0.9191919191919192,1.0,72.35263658429236,Cross-Sell Campaign,23577.764286226517,High,High
8212,1971,Master,Married,39791.0,0,1,2013-03-28,89,85,15,27,13,13,21,2,3,1,4,7,0,0,0,0,0,0,0,55,1,174,4866,8,19.33333333333333,2,Dormant Customers,150.91746666666688,0.21551682543747536,0.00348943590658278,0.057240095287366004,0.06706349206349208,0.10101010101010088,0.5,13.653591679198291,Low Priority,32.52525331906605,Low,Low
6248,1947,Master,Single,91712.0,0,0,2013-10-17,47,1276,24,746,94,29,48,0,9,7,11,3,0,0,1,0,0,0,1,79,0,2217,4663,27,79.17857142857143,3,Premium VIP Customers,29356.503833333187,0.7419724428383704,0.6915093393420605,0.13532430188770048,0.8777777777777778,0.5252525252525252,1.0,70.1506257772192,Cross-Sell Campaign,21781.71686241221,High,High
10164,1958,Graduation,Single,94472.0,0,1,2014-04-03,75,1017,33,417,108,100,16,1,5,5,5,5,0,1,1,0,0,0,0,68,1,1691,4495,15,105.6875,3,Premium VIP Customers,6579.283266666666,0.5595075570581892,0.1549277108118212,0.13947507730067255,0.669047619047619,0.24242424242424232,1.0,44.07564430694253,Email Nurture Campaign,3681.1587077264894,Low,Low
4547,1960,Graduation,Together,13672.0,1,1,2013-04-17,86,6,2,9,2,1,5,2,1,0,3,8,0,0,0,0,0,0,0,66,2,25,4846,4,5.0,2,Dormant Customers,18.422366666666647,0.03379515848424107,0.00036814038581495267,0.0179596231817799,0.007936507936507936,0.13131313131313127,0.5,6.980108473532755,Low Priority,0.6225868011547993,Low,Low
6815,1980,2n Cycle,Married,96547.0,0,0,2014-05-23,4,448,21,125,52,101,62,0,7,6,8,2,1,0,1,1,0,0,1,46,0,809,4445,21,36.77272727272727,3,Premium VIP Customers,22892.49170000008,0.865821106764123,0.5392313145852093,0.14259567838107728,0.3190476190476191,0.9595959595959596,1.0,63.16122350798483,Cross-Sell Campaign,19820.80250028257,High,Medium
4122,1975,Graduation,Married,79205.0,0,0,2012-08-29,73,504,23,117,179,28,44,1,6,5,4,4,0,0,0,1,0,0,1,51,0,895,5077,15,55.9375,3,Premium VIP Customers,4906.681666666667,0.7251454095773193,0.11552486586050534,0.1165149728695694,0.3531746031746032,0.26262626262626254,1.0,42.99600835258078,Email Nurture Campaign,3558.057686840524,Low,Low
10841,1975,PhD,Together,56559.0,0,1,2012-12-25,46,226,22,133,41,31,31,3,4,3,8,4,0,0,0,0,0,0,0,51,1,484,4959,15,30.25,1,Loyal Customers,5087.349833333344,0.09392834224492745,0.11978101374342351,0.08245755982530649,0.1900793650793651,0.5353535353535352,0.75,20.26381443086175,Low Priority,477.8463362650089,Low,Low
5370,1973,PhD,Married,32644.0,1,0,2013-01-16,38,239,3,141,0,7,23,4,7,1,6,8,1,0,0,0,0,0,0,53,1,413,4937,14,27.53333333333333,1,Loyal Customers,3827.6043333333296,0.43838842635317576,0.0901041578713387,0.04649169243355752,0.1619047619047619,0.6161616161616161,0.75,29.32907396045052,Low Priority,1677.9774403925949,Low,Low
176,1980,2n Cycle,Single,67506.0,0,1,2014-01-02,73,90,38,67,33,36,67,1,4,1,6,3,0,0,0,0,0,0,0,46,1,331,4586,11,27.58333333333333,2,Dormant Customers,1191.3080000000034,0.051740748670501054,0.027998767282177713,0.09892079839262725,0.12936507936507938,0.26262626262626254,0.5,11.63500096611414,Low Priority,61.63916781715744,Low,Low
4860,1970,Graduation,Single,24206.0,1,0,2013-03-08,66,7,2,8,3,2,3,1,1,0,3,6,0,0,0,0,0,0,0,56,1,25,4886,4,5.0,2,Dormant Customers,39.425766666666625,0.03333158893004108,0.0008629346713462273,0.03380174934128999,0.007936507936507936,0.33333333333333326,0.5,8.149567487168804,Low Priority,1.3141234477850479,Low,Low
10757,1967,PhD,Divorced,28420.0,1,0,2013-12-24,36,4,2,5,2,0,0,1,1,0,2,6,0,0,0,0,0,0,0,59,1,13,4595,3,3.25,0,Low-Value Customers,29.995199999999944,0.039174294234525106,0.0006407710932594223,0.040139201366748076,0.0031746031746031746,0.6363636363636364,0.25,7.325281202938247,Low Priority,1.1750407904234252,Low,Low
4023,1970,Graduation,Married,22979.0,1,0,2012-09-06,29,16,17,19,20,21,22,3,3,2,2,8,0,0,0,0,0,0,1,56,1,115,5069,7,14.375,0,Low-Value Customers,572.1887999999992,0.8965926422418427,0.013413669525495615,0.031956458967479576,0.04365079365079365,0.7070707070707071,0.25,34.30986938281039,Low Priority,513.0202680531886,Low,Low
6679,1966,Graduation,Single,33279.0,0,0,2014-06-12,29,10,3,3,0,0,0,1,0,0,3,3,0,0,0,0,0,0,0,60,0,16,4425,3,4.0,0,Low-Value Customers,35.88743333333334,0.016112653105146122,0.0007795792568115263,0.04744667155936812,0.004365079365079365,0.7070707070707071,0.25,7.082063412282135,Low Priority,0.5782417641340579,Low,Low
9923,1972,Master,Single,46423.0,1,1,2013-09-18,6,68,0,16,0,0,8,3,2,0,4,7,0,0,0,0,0,0,0,54,2,92,4692,6,13.142857142857142,0,Low-Value Customers,497.17510000000175,0.10978748652490317,0.011646510394280852,0.06721398751158006,0.034523809523809526,0.9393939393939394,0.25,12.02998662251816,Low Priority,54.583604591767575,Low,Low
7181,1977,Graduation,Married,30368.0,0,1,2013-11-07,97,35,0,13,2,0,2,2,2,0,3,8,0,0,0,0,0,0,0,49,1,52,4642,5,8.666666666666666,2,Dormant Customers,8.211433333333336,0.023308491016732463,0.00012759307141470608,0.04306880662199069,0.01865079365079365,0.02020202020202011,0.5,6.514542594636327,Low Priority,0.19139612008449755,Low,Low
3599,1970,Graduation,Married,63684.0,0,1,2012-11-26,61,575,80,428,208,93,80,3,8,4,8,5,0,0,0,0,0,0,0,56,1,1464,4988,20,69.71428571428571,3,Premium VIP Customers,8431.240899999999,0.4162418203700931,0.1985557926471125,0.09317287678814201,0.578968253968254,0.38383838383838376,1.0,39.97937288711332,Low Priority,3509.4350601947817,Low,Low
405,1964,Graduation,Divorced,41638.0,0,1,2013-02-13,68,315,0,31,4,0,91,4,5,5,3,8,1,0,0,0,0,0,0,62,1,441,4909,13,31.5,2,Dormant Customers,2642.153900000009,0.46622218787420366,0.06217753169681928,0.06001780622496,0.173015873015873,0.31313131313131304,0.5,25.613064310274947,Low Priority,1231.830771958364,Low,Low
6870,1959,PhD,Divorced,68805.0,0,1,2013-09-17,73,182,2,49,17,13,20,1,3,1,7,2,0,0,0,0,0,0,0,67,1,283,4693,11,23.58333333333333,2,Dormant Customers,1369.2893000000042,0.02504611506477419,0.032191618447771284,0.10087436986416738,0.11031746031746031,0.26262626262626254,0.5,10.693768921911257,Low Priority,34.295377364764214,Low,Low
832,1966,PhD,Together,65814.0,0,1,2014-03-02,90,561,14,113,10,14,35,3,8,2,10,5,0,0,0,0,0,0,0,60,1,747,4527,20,35.57142857142857,1,Loyal Customers,1588.414733333335,0.06822475513354762,0.037353735639649575,0.09637619259597915,0.29444444444444445,0.09090909090909083,0.75,16.50232877036783,Low Priority,108.36920623218612,Low,Low
2002,1958,Graduation,Divorced,71964.0,0,0,2013-05-20,81,587,51,932,180,34,86,1,5,6,5,3,0,0,0,0,0,0,0,68,0,1870,4813,16,110.0,3,Premium VIP Customers,5882.58966666669,0.4520065136597483,0.1385151294180373,0.10562520302705825,0.7400793650793651,0.18181818181818177,1.0,40.78218270788553,Email Nurture Campaign,2658.9688465208715,Low,Low
3657,1986,Graduation,Single,39146.0,1,0,2013-02-14,1,94,1,33,13,12,12,3,4,0,4,8,0,0,0,0,0,0,0,40,1,165,4908,8,18.33333333333333,0,Low-Value Customers,1520.5659333333342,0.2751373282237943,0.03575536592235833,0.05627007712020405,0.06349206349206349,0.98989898989899,0.25,18.29135749746252,Low Priority,418.36444828545365,Low,Low
500,1977,Graduation,Together,96876.0,0,0,2013-08-06,79,908,43,735,40,194,21,1,7,7,9,2,0,1,1,1,0,0,1,49,0,1941,4735,23,80.875,3,Premium VIP Customers,9696.610699999983,0.9525518541778318,0.22836514475790623,0.14309046284153662,0.7682539682539683,0.202020202020202,1.0,59.392325130398035,Email Nurture Campaign,9236.524501525588,Medium,Medium
1951,1981,Basic,Married,34445.0,0,0,2013-01-27,92,228,122,122,208,129,30,6,11,2,8,9,0,0,0,0,0,0,0,45,0,839,4926,21,38.13636363636363,1,Loyal Customers,2022.7690333333383,0.20351714968108953,0.047586175413016685,0.04920022378093531,0.33095238095238094,0.07070707070707061,0.75,20.842923058453607,Low Priority,411.6681881271738,Low,Low
3262,1958,Graduation,Single,68281.0,0,0,2012-08-07,31,995,112,417,42,48,41,1,2,9,13,5,0,0,0,0,0,0,1,68,0,1655,5099,24,66.2,3,Premium VIP Customers,18600.76880000001,0.8513035187112297,0.4381276853630954,0.10008632409735674,0.6547619047619048,0.6868686868686869,1.0,62.93957136897532,Cross-Sell Campaign,15834.899930174064,High,Medium
4102,1975,2n Cycle,Married,37284.0,1,1,2013-03-29,46,11,1,2,2,1,6,1,0,0,3,6,0,0,0,0,0,0,0,51,2,23,4865,3,5.75,0,Low-Value Customers,36.58080000000015,0.018008911274713876,0.000795913462913615,0.05346980762058303,0.0071428571428571435,0.5353535353535352,0.25,6.382753352245188,Low Priority,0.6587803815580561,Low,Low
7042,1983,Graduation,Married,36790.0,0,0,2013-03-01,14,3,3,14,15,21,10,1,2,1,2,9,0,0,0,0,0,0,1,43,0,66,4893,5,11.0,0,Low-Value Customers,325.1522333333347,0.9399918217758771,0.00759402691982551,0.052726878977826436,0.024206349206349207,0.8585858585858586,0.25,36.11086878167388,Low Priority,305.6404401654964,Low,Low
10598,1967,Graduation,Together,27943.0,1,1,2013-04-15,89,12,1,16,4,1,3,3,2,0,3,8,0,0,0,0,0,0,0,59,2,37,4848,5,6.166666666666667,2,Dormant Customers,30.440733333333434,0.03611669073414596,0.0006512668866713038,0.03942183909428877,0.012698412698412698,0.10101010101010088,0.5,7.1927838150941,Low Priority,1.0994185515206116,Low,Low
255,1951,Graduation,Divorced,22263.0,1,1,2014-03-30,31,17,0,2,0,0,2,2,1,0,3,6,0,0,0,0,0,1,0,75,2,21,4499,4,4.2,0,Low-Value Customers,60.74519999999978,0.02299241396469834,0.0013651740127908615,0.030879663606723055,0.006349206349206349,0.6868686868686869,0.25,7.069105804973436,Low Priority,1.3966787847683884,Low,Low
2375,1972,Graduation,Together,30261.0,1,2,2012-09-25,75,8,0,5,0,3,6,1,0,0,3,8,0,0,0,0,0,0,0,54,3,22,5050,3,5.5,2,Dormant Customers,20.113399999999995,0.04902989580916724,0.0004079774421951694,0.042907888879531265,0.006746031746031746,0.24242424242424232,0.5,8.225526774647873,Low Priority,0.9861579063681041,Low,Low
9829,1978,Graduation,Together,28587.0,1,0,2014-02-12,42,22,4,17,12,10,13,3,2,0,4,6,0,0,0,0,0,0,0,48,1,78,4545,6,11.142857142857142,0,Low-Value Customers,249.27693333333403,0.11690208700263349,0.005806570372172678,0.04039035335731559,0.02896825396825397,0.5757575757575757,0.25,9.89847494312903,Low Priority,29.140993748283083,Low,Low
6214,1982,Master,Married,43815.0,1,0,2013-04-05,53,14,10,29,4,7,15,1,2,0,3,6,0,0,0,0,0,0,0,44,1,79,4858,5,13.166666666666666,0,Low-Value Customers,168.72836666666723,0.16313341307915588,0.0039090218564846605,0.06329180552714847,0.029365079365079365,0.46464646464646464,0.25,10.907899617049214,Low Priority,27.5252343376047,Low,Low
4954,1956,Graduation,Married,48195.0,1,1,2014-01-21,53,106,27,68,52,7,5,6,4,2,5,6,0,0,0,0,0,0,0,70,2,265,4567,11,22.08333333333333,2,Dormant Customers,1448.6692333333328,0.21867248028796396,0.03406163651147452,0.06987890563903894,0.10317460317460317,0.46464646464646464,0.5,17.151663931224917,Low Priority,316.7840943698631,Low,Low
7861,1952,Master,Married,77027.0,0,1,2014-02-05,23,820,57,242,45,0,11,2,8,3,6,4,0,0,0,0,0,0,0,74,1,1175,4552,17,65.27777777777777,1,Loyal Customers,14219.952899999986,0.373694030690413,0.3349252194154601,0.11323946966324579,0.4642857142857143,0.7676767676767676,0.75,40.69364175247821,Email Nurture Campaign,5313.911515428822,Medium,Low
4837,1965,PhD,Married,71322.0,0,1,2013-02-16,57,753,43,226,69,10,204,2,8,5,13,4,0,0,0,0,0,0,0,61,1,1305,4906,26,48.333333333333336,3,Premium VIP Customers,14131.649466666622,0.11040985746758589,0.3328449831581808,0.10465969657230169,0.5158730158730159,0.4242424242424242,1.0,34.203549543803376,Low Priority,1560.2734033965478,Low,Low
9423,1979,Master,Married,32765.0,1,0,2014-02-23,49,13,3,17,7,3,3,2,2,0,4,5,0,0,0,0,0,0,0,47,1,46,4534,6,6.571428571428571,0,Low-Value Customers,182.09393333333364,0.023470743006493662,0.004223885450452962,0.04667366483390883,0.01626984126984127,0.505050505050505,0.25,6.566875646347631,Low Priority,4.273879912308264,Low,Low
4198,1965,Graduation,Together,29672.0,1,1,2013-03-12,6,9,1,3,0,4,8,1,0,0,3,6,0,0,0,0,0,0,0,61,2,25,4882,3,6.25,0,Low-Value Customers,68.76533333333336,0.010036474510040888,0.0015541108583745457,0.04202208934393686,0.007936507936507936,0.9393939393939394,0.25,8.08395577050915,Low Priority,0.6901615151744652,Low,Low
153,1953,Graduation,Divorced,23272.0,0,0,2013-10-17,29,19,3,6,4,2,12,1,1,0,3,4,0,0,0,0,0,0,0,73,0,46,4663,4,9.2,0,Low-Value Customers,112.79826666666646,0.013991740647221895,0.0025914307108038112,0.032397102879074074,0.01626984126984127,0.7070707070707071,0.25,7.1008673239326665,Low Priority,1.5782440926561718,Low,Low
9323,1949,Master,Together,49912.0,0,1,2012-09-07,5,520,8,223,32,49,42,4,10,5,7,8,1,0,0,0,0,0,1,77,1,874,5068,22,38.0,1,Loyal Customers,18081.93159999997,0.9356541655811881,0.4259050127633702,0.07246110903906541,0.34484126984126984,0.9494949494949495,0.75,58.99148023582119,Email Nurture Campaign,16918.43462329409,High,Medium
10001,1985,2n Cycle,Together,7500.0,1,0,2012-08-01,98,5,17,17,13,14,34,4,2,1,3,9,0,0,0,0,0,0,0,41,1,100,5105,6,14.285714285714286,2,Dormant Customers,13.040400000000016,0.17512039058027873,0.00024135299179367728,0.008677526859727853,0.037698412698412696,0.010101010101010055,0.5,10.963608816740692,Low Priority,2.2836399413230697,Low,Low
3945,1947,PhD,Widow,68117.0,0,1,2013-03-10,80,618,44,215,0,17,36,2,11,8,4,6,1,0,0,0,0,0,1,79,1,930,4884,23,38.75,1,Loyal Customers,5374.154333333333,0.7734222576523253,0.12653750210552914,0.09983968381919463,0.3670634920634921,0.19191919191919182,0.75,41.962737971475924,Email Nurture Campaign,4156.490577458693,Low,Low
3799,1955,Graduation,Married,67225.0,0,1,2013-11-26,4,315,35,322,46,7,143,3,7,2,11,5,0,0,0,0,0,0,0,71,1,868,4623,20,41.333333333333336,1,Loyal Customers,14969.73870000001,0.2029495380617434,0.3525885372217442,0.09849820133065437,0.34246031746031746,0.9595959595959596,0.75,35.086008831695736,Low Priority,3038.1015540700055,Low,Low
8625,1976,Graduation,Married,17649.0,1,0,2013-11-12,70,15,1,23,0,5,1,3,3,0,3,8,0,0,0,0,0,0,0,50,1,45,4637,6,6.428571428571429,2,Dormant Customers,109.95313333333324,0.19002732348559437,0.00252440557606811,0.023940649927211042,0.015873015873015872,0.2929292929292928,0.5,12.718700073863687,Low Priority,20.894099636188006,Low,Low
3491,1975,Graduation,Together,55914.0,0,1,2013-04-29,32,384,60,364,119,101,232,4,11,6,8,7,0,0,0,0,0,0,0,51,1,1260,4834,25,48.46153846153846,1,Loyal Customers,19280.547566666668,0.5106255916435551,0.4541417901828941,0.08148754165814454,0.498015873015873,0.6767676767676767,0.75,48.1119733504514,Email Nurture Campaign,9845.141008440874,Medium,Low
983,1984,Graduation,Married,40059.0,1,0,2013-09-28,82,110,29,92,28,10,145,1,6,2,3,8,1,0,0,0,0,0,0,42,1,414,4682,11,34.5,2,Dormant Customers,813.9628000000012,0.28309981493561753,0.01910933754067599,0.057643141595582134,0.1623015873015873,0.1717171717171716,0.5,17.935815658354297,Low Priority,230.43271804447738,Low,Low
9119,1950,Graduation,Together,60905.0,0,1,2013-12-05,27,208,17,76,36,17,38,2,3,3,7,2,0,0,0,0,0,0,0,76,1,392,4614,13,28.0,1,Loyal Customers,5167.119666666674,0.030618670950801744,0.12166021700056825,0.08899352719660238,0.15357142857142858,0.7272727272727273,0.75,18.898236975442188,Low Priority,158.21033683708328,Low,Low
4786,1977,Graduation,Married,75330.0,1,1,2012-10-04,94,555,82,257,93,61,61,4,10,3,12,6,0,0,0,0,0,0,0,49,2,1109,5041,25,42.65384615384615,3,Premium VIP Customers,1322.4096000000009,0.1209270289946345,0.031087234982835974,0.110687344345922,0.4380952380952381,0.050505050505050386,1.0,22.491255186737156,Low Priority,159.91506404198313,Low,Low
5872,1951,Graduation,Single,60689.0,0,1,2013-06-01,23,240,90,216,63,6,24,4,4,4,10,3,0,0,0,0,0,0,0,75,1,639,4801,18,33.63157894736842,1,Loyal Customers,10068.328033333353,0.1022838448140257,0.23712199423781308,0.08866868390341326,0.2515873015873016,0.7676767676767676,0.75,26.18105537278266,Low Priority,1029.8273020981733,Low,Low
6568,1984,Graduation,Married,38680.0,1,0,2013-03-28,97,11,0,36,15,5,12,1,2,0,3,7,0,0,0,0,0,0,0,42,1,79,4866,5,13.166666666666666,2,Dormant Customers,10.393999999999965,0.07613177004029006,0.0001790095808587814,0.05556925779323123,0.029365079365079365,0.02020202020202011,0.5,8.386502258053067,Low Priority,0.7913136177987722,Low,Low
5628,1982,Graduation,Together,61416.0,0,0,2013-02-08,25,848,154,323,201,61,78,1,10,3,10,6,1,0,0,0,0,0,0,44,0,1665,4914,23,69.375,1,Loyal Customers,25030.876133333306,0.5154171156285545,0.5896069869945485,0.08976202220965626,0.6587301587301587,0.7474747474747474,0.75,55.16666941911578,Email Nurture Campaign,12901.341978298278,Medium,Medium
5631,1991,Graduation,Single,49767.0,0,0,2013-05-02,92,202,47,197,55,42,149,1,5,4,8,4,0,0,0,0,0,0,0,35,0,692,4831,17,38.44444444444444,3,Premium VIP Customers,1211.8436333333314,0.16240682535020848,0.02848254200546519,0.07224304293947087,0.27261904761904765,0.07070707070707061,1.0,20.891932517885987,Low Priority,196.81167731052844,Low,Low
4974,1970,Graduation,Single,83273.0,1,2,2012-09-25,98,433,89,650,16,102,102,10,4,6,9,7,0,0,0,0,0,0,0,56,3,1392,5050,19,69.6,3,Premium VIP Customers,567.9327333333337,0.22708360516841725,0.013313405879347552,0.1226328548912978,0.5503968253968254,0.010101010101010055,1.0,26.744696311803356,Low Priority,128.96821257848674,Low,Low
8416,1981,Graduation,Married,29009.0,1,0,2013-11-29,19,6,6,15,10,5,2,2,2,0,3,6,0,0,0,0,0,0,0,45,1,44,4620,5,7.333333333333333,0,Low-Value Customers,187.048866666666,0.07714827374486366,0.004340612870704983,0.041025000902342484,0.015476190476190477,0.8080808080808081,0.25,9.627463505037381,Low Priority,14.43049716926645,Low,Low
5454,1979,Master,Married,45057.0,1,0,2013-12-01,80,37,0,7,3,0,3,1,2,0,3,5,0,0,0,0,0,0,0,47,1,50,4618,5,8.333333333333334,2,Dormant Customers,53.90759999999996,0.008563636075553754,0.0012040950728692986,0.06515965446298591,0.017857142857142856,0.19191919191919182,0.5,7.172081581535653,Low Priority,0.4616450681065212,Low,Low
4095,1971,Graduation,Married,37150.0,1,0,2012-09-11,80,167,37,64,49,34,116,8,4,3,6,7,0,0,0,0,0,0,0,55,1,467,5064,13,33.357142857142854,2,Dormant Customers,2063.5278000000003,0.3321433808972462,0.048546363041303865,0.05326828446647497,0.18333333333333335,0.19191919191919182,0.5,20.66297112241721,Low Priority,685.3871000674566,Low,Low
5474,1970,Graduation,Single,43020.0,1,0,2013-11-30,79,45,7,99,4,25,43,3,4,1,4,6,0,0,0,0,0,0,0,56,1,223,4619,9,22.3,2,Dormant Customers,400.0539000000008,0.18173786282638038,0.009358546790105312,0.062096201739716306,0.0865079365079365,0.202020202020202,0.5,13.661574363611791,Low Priority,72.70494080135863,Low,Low
4268,1959,Graduation,Married,53154.0,0,1,2014-06-09,50,129,0,21,0,1,7,1,3,1,4,4,0,0,0,0,0,0,0,67,1,158,4428,8,17.555555555555557,2,Dormant Customers,640.2752333333332,0.056071268405576816,0.015017637365728139,0.07733676624517247,0.060714285714285714,0.4949494949494949,0.5,11.291496596052633,Low Priority,35.90104446167665,Low,Low
10701,1973,Graduation,Married,65308.0,0,0,2013-09-11,60,713,0,264,120,80,34,1,7,8,12,4,0,0,1,1,0,0,0,53,0,1211,4699,27,43.25,3,Premium VIP Customers,13640.165599999955,0.3519920093919788,0.32126669542107716,0.09561521710360095,0.4785714285714286,0.3939393939393939,1.0,40.302181713696086,Email Nurture Campaign,4801.22929798333,Low,Low
3507,1970,Graduation,Single,76467.0,1,0,2012-08-17,44,676,161,426,210,44,58,2,2,5,5,6,0,0,0,0,0,0,1,56,1,1575,5089,12,121.15384615384616,3,Premium VIP Customers,12073.866699999982,0.8721728884726273,0.2843681101846912,0.11239728334757029,0.623015873015873,0.5555555555555556,1.0,57.94321866621112,Email Nurture Campaign,10530.499194772454,Medium,Medium
2079,1947,2n Cycle,Married,81044.0,0,0,2013-12-27,0,450,26,535,73,98,26,1,5,6,10,1,0,0,0,0,0,0,0,79,0,1208,4592,21,54.90909090909091,3,Premium VIP Customers,25737.218299999993,0.44033612424625973,0.6062468675708579,0.11928065257408231,0.4773809523809524,1.0,1.0,54.75101056596865,Email Nurture Campaign,11333.026955101906,Medium,Low
626,1951,Graduation,Married,32871.0,1,1,2013-03-09,28,22,2,12,0,2,5,1,1,0,3,4,0,0,0,0,0,0,0,75,2,43,4885,4,8.6,0,Low-Value Customers,118.59759999999983,0.008970093237391147,0.002728050353015281,0.04683307867223312,0.015079365079365078,0.7171717171717171,0.25,7.131324156483587,Low Priority,1.0638315297308187,Low,Low
4426,1975,Graduation,Single,55801.0,1,1,2013-09-22,35,367,4,51,6,4,95,6,7,2,6,7,0,0,0,1,0,0,0,51,2,527,4688,15,32.9375,1,Loyal Customers,5030.287233333326,0.37974408626036643,0.11843674336826683,0.0813176004908743,0.20714285714285716,0.6464646464646464,0.75,29.598066983233828,Low Priority,1910.2218290493506,Low,Low
2591,1959,Graduation,Widow,76320.0,0,1,2014-06-22,49,526,35,214,69,53,35,2,6,3,4,2,0,0,0,0,0,0,0,67,1,932,4415,13,66.57142857142857,1,Loyal Customers,8242.264033333338,0.15311952798313888,0.1941039099174464,0.11217620943970548,0.3678571428571429,0.505050505050505,0.75,27.081574899524284,Low Priority,1262.0515782964032,Low,Low
10509,1955,Master,Single,36927.0,1,1,2014-06-02,46,51,0,16,0,0,4,2,3,0,3,8,0,0,0,0,0,0,0,71,2,71,4435,6,10.142857142857142,2,Dormant Customers,240.7286333333335,0.13032672053433497,0.005605191072106628,0.05293291384433991,0.02619047619047619,0.5353535353535352,0.5,12.676911306261465,Low Priority,31.37337332104575,Low,Low
6382,1953,Graduation,Together,48794.0,1,1,2014-06-26,97,25,0,11,3,0,15,1,1,0,3,4,0,0,0,0,0,0,0,73,2,54,4411,4,10.8,2,Dormant Customers,9.318233333333348,0.0032143383372891976,0.00015366686495413406,0.0707797442159847,0.019444444444444445,0.02020202020202011,0.5,6.201514365903914,Low Priority,0.02995195463913949,Low,Low
6673,1965,Graduation,Single,23478.0,0,0,2013-03-19,51,28,6,27,12,17,39,1,3,0,3,8,0,0,0,0,0,0,0,61,0,129,4875,6,18.428571428571427,2,Dormant Customers,330.65893333333247,0.5037512794009377,0.007723752759076963,0.032706907130911844,0.049206349206349205,0.48484848484848475,0.5,23.83365769844722,Low Priority,166.56986071201558,Low,Low
7441,1973,Graduation,Divorced,71128.0,1,0,2012-10-06,80,958,159,447,20,0,31,3,2,10,12,7,0,0,0,0,0,0,0,53,1,1615,5039,24,64.6,3,Premium VIP Customers,8048.3368666666665,0.48882153025409447,0.18953540891875378,0.10436793917008554,0.638888888888889,0.19191919191919182,1.0,41.937316859815596,Email Nurture Campaign,3934.200343164444,Low,Low
1071,1976,PhD,Divorced,70179.0,0,1,2013-07-21,10,532,88,168,69,44,133,3,7,3,13,5,0,0,0,0,0,0,0,50,1,1034,4751,23,43.083333333333336,1,Loyal Customers,21233.8674999999,0.14700539542484417,0.5001577466864895,0.10294073414584261,0.4083333333333333,0.898989898989899,0.75,38.564251099747935,Low Priority,3121.4930882362323,Low,Low
10061,1950,Graduation,Married,59462.0,0,1,2013-01-05,29,724,17,143,0,8,196,2,9,2,12,7,0,0,0,0,0,0,0,76,1,1088,4948,23,45.333333333333336,1,Loyal Customers,14539.33706666667,0.12561166835964774,0.34244921365238573,0.08682339352960285,0.4297619047619048,0.7070707070707071,0.75,32.39184250243914,Low Priority,1826.3103857872675,Low,Low
7187,1969,Master,Together,51381.5,1,1,2013-05-18,52,375,42,48,94,66,96,7,4,10,4,3,0,0,0,0,0,0,0,57,2,721,4815,18,37.94736842105263,3,Premium VIP Customers,6364.087033333309,0.4201004034974092,0.14985815700047633,0.07467109616564602,0.2841269841269841,0.4747474747474747,1.0,34.48110991223516,Low Priority,2673.555530595953,Low,Low
8775,1969,Graduation,Together,38361.0,1,0,2013-12-27,74,39,0,56,20,8,14,3,3,1,3,7,0,0,0,0,0,0,0,57,1,137,4592,7,17.125,2,Dormant Customers,247.62513333333175,0.2989890672054371,0.005767657567539062,0.055089512374123226,0.05238095238095238,0.2525252525252525,0.5,16.741937415271067,Low Priority,74.03720763195486,Low,Low
1612,1981,PhD,Single,51381.5,1,0,2013-05-31,82,23,0,15,0,2,7,2,3,0,3,6,0,0,0,0,0,0,0,45,1,47,4802,6,6.714285714285714,2,Dormant Customers,82.75483333333304,0.05791943527469578,0.0018836729605789327,0.07467109616564602,0.016666666666666666,0.1717171717171716,0.5,8.64939006730056,Low Priority,4.79311321291822,Low,Low
2345,1982,PhD,Together,70038.0,0,0,2013-10-25,54,587,54,348,71,54,130,1,4,4,8,2,0,0,0,0,0,0,0,44,0,1244,4655,16,73.17647058823529,3,Premium VIP Customers,9172.987599999993,0.221058152471299,0.21602972679452093,0.1027286836627886,0.4916666666666667,0.4545454545454545,1.0,33.78765048732975,Low Priority,2027.7636914981335,Low,Low
322,1978,Graduation,Together,42554.0,1,1,2013-01-12,93,29,1,11,0,0,0,2,2,0,3,4,0,0,0,0,0,0,0,48,2,41,4941,5,6.833333333333333,2,Dormant Customers,18.080666666666673,0.003828892192085419,0.0003600906792262087,0.06139538241274348,0.014285714285714287,0.06060606060606055,0.5,6.2569393275828,Low Priority,0.06922892342769912,Low,Low
10897,1974,Graduation,Married,67445.0,0,1,2012-08-12,63,757,80,217,29,80,11,5,9,6,12,6,0,0,0,0,0,0,0,52,1,1174,5094,27,41.92857142857143,3,Premium VIP Customers,11718.148166666586,0.0944236704751621,0.2759881575317431,0.09882906024038404,0.4638888888888889,0.36363636363636354,1.0,30.877160594126153,Low Priority,1106.4705610684507,Low,Low
123,1951,Graduation,Widow,67046.0,0,1,2013-01-06,92,544,35,133,23,151,107,2,4,5,4,2,0,0,0,0,0,0,0,75,1,993,4947,13,70.92857142857143,3,Premium VIP Customers,1206.0563999999947,0.08948741561029966,0.028346207412857753,0.09822900249046525,0.39206349206349206,0.07070707070707061,1.0,20.75178645008711,Low Priority,107.92687031626133,Low,Low
6103,1948,Graduation,Married,42192.0,0,0,2013-09-06,40,40,15,15,17,6,7,1,2,1,3,4,0,0,0,0,0,0,0,78,0,100,4704,6,14.285714285714286,2,Dormant Customers,365.02530000000013,0.13199208985642039,0.008533349388248413,0.060850969115824674,0.037698412698412696,0.5959595959595959,0.5,13.369547038772481,Low Priority,48.18045219746683,Low,Low
7899,1952,PhD,Married,77610.0,0,1,2012-10-29,70,1245,33,332,21,33,16,2,4,7,4,7,0,0,0,0,0,0,0,74,1,1680,5016,15,105.0,3,Premium VIP Customers,6953.445066666666,0.4639264011713645,0.16374214659384198,0.11411624577402937,0.6646825396825397,0.2929292929292928,1.0,41.406103450581035,Email Nurture Campaign,3225.8867455214454,Low,Low
10500,1984,Graduation,Married,31761.0,1,0,2014-04-05,96,19,1,20,16,14,28,2,3,0,4,5,0,0,0,0,0,0,0,42,1,98,4493,7,12.25,2,Dormant Customers,34.79729999999997,0.07190460708358012,0.000753898093580787,0.045163745082233475,0.036904761904761905,0.030303030303030276,0.5,8.336479186223743,Low Priority,2.502086184069461,Low,Low
1655,1979,Graduation,Together,34350.0,1,0,2013-10-19,81,16,3,15,2,1,11,1,1,0,3,7,0,0,0,0,0,0,0,47,1,48,4661,4,9.6,2,Dormant Customers,32.56586666666648,0.012282236201419536,0.0007013303920716305,0.049057352888097504,0.017063492063492065,0.18181818181818177,0.5,7.045123816729,Low Priority,0.3999816665039328,Low,Low
2406,1949,Graduation,Together,54591.0,0,1,2013-08-05,63,376,4,94,12,9,24,3,6,2,8,5,0,0,0,0,0,0,0,77,1,519,4736,16,30.529411764705884,1,Loyal Customers,3365.9103666666565,0.10636217509049672,0.07922765519220404,0.07949787648736119,0.20396825396825397,0.36363636363636354,0.75,18.740379301060262,Low Priority,358.00554775831694,Low,Low
2712,1956,Graduation,Married,71866.0,0,1,2013-12-25,85,184,178,178,103,39,33,1,6,3,10,3,0,0,0,0,0,0,0,70,1,715,4594,19,35.75,1,Loyal Customers,3043.7240999999954,0.043368928290486705,0.07163764959200028,0.10547782042181503,0.28174603174603174,0.14141414141414133,0.75,16.938236723953942,Low Priority,132.00305222892598,Low,Low
5517,1969,Graduation,Married,25293.0,1,0,2013-09-15,51,15,0,11,0,2,9,1,1,1,2,8,0,0,0,0,0,0,0,57,1,37,4695,4,7.4,0,Low-Value Customers,73.61703333333361,0.460934902661124,0.0016684063264945745,0.03543649313618153,0.012698412698412698,0.48484848484848475,0.25,19.347182815708987,Low Priority,33.93266009370085,Low,Low
10643,1987,PhD,Single,42000.0,0,0,2013-01-10,23,124,83,267,85,59,35,2,5,2,11,5,0,0,0,0,0,0,1,39,0,653,4943,18,34.36842105263158,1,Loyal Customers,9264.045666666701,0.8552270382263085,0.21817485620396004,0.06056221952187879,0.2571428571428572,0.7676767676767676,0.75,48.003205723653544,Email Nurture Campaign,7922.862337496631,Medium,Low
2254,1983,Graduation,Married,69520.0,0,0,2013-07-07,95,627,120,414,121,80,93,1,9,6,5,5,0,0,0,0,0,0,0,43,0,1455,4765,20,69.28571428571429,3,Premium VIP Customers,1060.4955999999986,0.2782473159081238,0.02491711250263565,0.10194966132078877,0.5753968253968254,0.04040404040404033,1.0,28.947402048503257,Low Priority,295.0800542323749,Low,Low
10281,1970,Graduation,Divorced,64713.0,1,0,2014-02-07,11,180,60,241,13,54,54,2,5,5,7,4,0,0,0,0,0,0,1,56,1,602,4550,17,33.44444444444444,1,Loyal Customers,11753.891066666622,0.7281482325805705,0.2768301822833706,0.09472039414319573,0.23690476190476192,0.8888888888888888,0.75,46.594572260366064,Email Nurture Campaign,8558.575006137857,Medium,Low
6958,1977,Master,Married,27889.0,1,0,2013-07-05,42,14,0,4,0,0,8,1,1,1,2,6,0,0,0,0,0,0,0,49,1,26,4767,4,5.2,0,Low-Value Customers,79.70356666666646,0.2529406485553359,0.0018117917741853637,0.039340628270991496,0.008333333333333333,0.5757575757575757,0.25,13.539767371383432,Low Priority,20.160271844840064,Low,Low
954,1960,Basic,Widow,22123.0,0,0,2014-03-27,77,3,3,24,34,7,31,1,2,1,3,5,0,0,0,0,0,0,0,66,0,102,4502,6,14.571428571428571,2,Dormant Customers,79.4187333333335,0.06876766569980862,0.0018050817222098753,0.03066911702780418,0.038492063492063494,0.2222222222222222,0.5,9.112365656430661,Low Priority,5.461440904168926,Low,Low
5079,1971,Graduation,Married,51381.5,1,1,2013-03-03,82,71,1,16,0,0,9,4,2,1,3,8,0,0,0,0,0,0,0,55,2,97,4891,6,13.857142857142858,2,Dormant Customers,108.31656666666628,0.1782459586039108,0.0024858516355366826,0.07467109616564602,0.03650793650793651,0.1717171717171716,0.5,12.574870175044788,Low Priority,19.306990258184342,Low,Low
10339,1954,Master,Together,51381.5,0,1,2013-06-23,83,161,0,22,0,0,24,2,4,1,4,6,0,0,0,0,0,0,0,72,1,207,4779,9,20.7,2,Dormant Customers,340.0095666666679,0.08830437916213593,0.007944033282203344,0.07467109616564602,0.08015873015873015,0.16161616161616155,0.5,10.644625095448399,Low Priority,30.02433369368698,Low,Low
4643,1973,Graduation,Married,27803.0,1,0,2012-08-26,40,8,26,46,38,9,49,2,3,0,4,8,0,0,0,0,0,0,0,53,1,176,5080,7,22.0,0,Low-Value Customers,649.3858333333347,0.2587589040723831,0.015232263227148766,0.0392112925153699,0.06785714285714287,0.5959595959595959,0.25,15.109503066794778,Low Priority,168.03436655346493,Low,Low
3117,1955,Graduation,Single,51381.5,0,1,2013-10-18,95,264,0,21,12,6,147,3,6,1,5,7,0,0,0,0,0,0,0,71,1,450,4662,12,34.61538461538461,2,Dormant Customers,309.1595666666671,0.160268476271226,0.007217274580819747,0.07467109616564602,0.1765873015873016,0.04040404040404033,0.5,13.622113213047557,Low Priority,49.54853267433925,Low,Low
6497,1960,Graduation,Married,51651.0,0,1,2012-11-07,32,293,6,23,13,6,92,4,6,2,5,8,0,0,0,0,0,0,0,66,1,433,5007,13,30.928571428571427,1,Loyal Customers,3337.842166666665,0.4718810508769271,0.07856642963038335,0.07507639833006485,0.16984126984126985,0.6767676767676767,0.75,30.695645829977398,Low Priority,1575.0644692679853,Low,Low
5396,1988,Graduation,Married,68487.0,0,0,2013-01-13,48,758,12,385,33,89,89,1,9,7,13,4,0,0,0,0,0,0,0,38,0,1366,4940,29,45.53333333333333,3,Premium VIP Customers,20211.11660000001,0.20597853893181983,0.47606396659174693,0.10039612834919451,0.540079365079365,0.5151515151515151,1.0,42.14218450114699,Email Nurture Campaign,4163.056267448652,Low,Low
5250,1943,Master,Widow,51381.5,0,0,2013-10-30,75,532,126,490,164,126,126,1,5,5,11,1,0,0,1,0,0,0,1,83,0,1564,4650,21,71.0909090909091,3,Premium VIP Customers,7618.74426666667,0.8014003637856795,0.17941514440983994,0.07467109616564602,0.6186507936507937,0.24242424242424232,1.0,50.663059324405154,Email Nurture Campaign,6105.664426896729,Medium,Low
1052,1969,Graduation,Married,56796.0,0,1,2013-02-16,24,656,38,161,62,47,37,3,8,9,7,7,0,0,0,0,0,0,0,57,1,1001,4906,24,40.04,3,Premium VIP Customers,17670.759400000068,0.3120609011011029,0.41621869269474926,0.08281398510533344,0.3952380952380952,0.7575757575757576,1.0,42.39297788137912,Email Nurture Campaign,5514.353101504806,Medium,Low
2802,1992,2n Cycle,Married,87000.0,0,0,2012-12-15,61,196,25,607,67,17,49,1,4,6,7,2,0,0,0,0,0,0,0,34,0,961,4969,17,53.388888888888886,3,Premium VIP Customers,8841.026166666676,0.5913597310835053,0.20820943959196817,0.12823790560294523,0.37936507936507935,0.38383838383838376,1.0,42.87912228596177,Email Nurture Campaign,5228.226856422239,Medium,Low
6343,1959,Graduation,Married,79823.0,0,1,2014-03-31,6,835,73,380,114,73,43,1,6,9,7,2,0,1,0,0,0,0,0,67,1,1518,4498,22,66.0,3,Premium VIP Customers,29102.30620000009,0.40786149201702465,0.6855209976274433,0.1174443856250827,0.6003968253968254,0.9393939393939394,1.0,57.67884062350696,Email Nurture Campaign,11869.710027868343,Medium,Medium
6507,1980,Graduation,Single,30828.0,1,0,2013-10-04,16,16,11,15,2,0,12,2,1,1,4,3,0,0,0,0,0,0,0,46,1,56,4676,6,8.0,0,Low-Value Customers,366.4877666666677,0.13367868767317745,0.00856780191257529,0.0437606025241527,0.02023809523809524,0.8383838383838383,0.25,11.70049133330473,Low Priority,48.991603696273806,Low,Low
7901,1971,Master,Married,34109.0,0,1,2013-11-06,39,9,1,5,2,1,4,1,0,0,3,4,0,0,0,0,0,0,0,55,1,22,4643,3,5.5,0,Low-Value Customers,40.71093333333347,0.006933132581121394,0.0008932103944492504,0.04869491199153001,0.006746031746031746,0.606060606060606,0.25,6.3532329156759255,Low Priority,0.2822542983011953,Low,Low
4865,1974,Master,Divorced,53367.0,1,1,2013-08-31,2,229,7,140,10,3,11,7,5,1,8,7,0,0,0,0,0,0,1,52,2,400,4710,14,26.666666666666668,1,Loyal Customers,6058.294699999993,0.837813328306674,0.14265435670659063,0.07765709782595619,0.15674603174603174,0.9797979797979798,0.75,44.940781903837866,Email Nurture Campaign,5075.720046469677,Medium,Low
2686,1969,Basic,Together,22390.0,0,0,2013-10-21,49,0,1,4,15,1,5,1,1,0,2,7,0,0,0,0,0,0,0,57,0,26,4659,3,6.5,0,Low-Value Customers,38.80056666666676,0.027124998368000496,0.0008482063232066839,0.031070659431885174,0.008333333333333333,0.505050505050505,0.25,6.3001552603075925,Low Priority,1.0524653075108303,Low,Low
3107,1976,Graduation,Together,71322.0,0,1,2014-05-02,31,121,24,124,24,15,42,1,4,1,7,2,0,0,0,0,0,0,0,50,1,350,4466,12,26.923076923076923,1,Loyal Customers,3184.298000000004,0.03463482995003149,0.07494926401703857,0.10465969657230169,0.13690476190476192,0.6868686868686869,0.75,17.322034647649982,Low Priority,110.28761974022551,Low,Low
7734,1993,Graduation,Absurd,79244.0,0,0,2012-12-19,58,471,102,125,212,61,245,1,4,10,7,1,0,0,1,1,0,0,1,33,0,1216,4965,21,55.27272727272727,3,Premium VIP Customers,11725.486966666707,0.819419048961491,0.2761610436503104,0.11657362513083966,0.48055555555555557,0.41414141414141414,1.0,53.31217943370283,Email Nurture Campaign,9608.087378836392,Medium,Low
1146,1949,Master,Together,49912.0,0,1,2012-09-07,5,520,8,223,32,49,42,4,10,5,7,8,1,0,0,0,0,0,1,77,1,874,5068,22,38.0,1,Loyal Customers,18081.93159999997,0.9356541655811881,0.4259050127633702,0.07246110903906541,0.34484126984126984,0.9494949494949495,0.75,58.99148023582119,Email Nurture Campaign,16918.43462329409,High,Medium
11031,1950,PhD,Married,48699.0,1,1,2013-05-21,90,26,1,10,2,0,1,1,1,0,3,5,0,0,0,0,0,0,0,76,2,40,4812,4,8.0,2,Dormant Customers,15.514766666666665,0.0007304528418757545,0.0002996436726822823,0.07063687332314689,0.013888888888888888,0.09090909090909083,0.5,6.400150416546999,Low Priority,0.01133280540270589,Low,Low
7428,1975,Graduation,Together,80144.0,0,0,2013-09-30,47,240,132,445,250,192,108,1,3,7,8,1,0,0,0,0,0,0,0,51,0,1367,4680,18,71.94736842105263,3,Premium VIP Customers,16186.65806666662,0.27129815460574547,0.38125650281678963,0.11792713885246099,0.5404761904761904,0.5252525252525252,1.0,41.489316594606144,Email Nurture Campaign,4391.410462720857,Low,Low
975,1956,Graduation,Single,54252.0,1,1,2013-05-28,25,178,4,26,8,4,44,5,4,1,5,6,0,0,0,0,0,0,0,70,2,264,4805,10,24.0,1,Loyal Customers,2026.2721666666655,0.2575363989224811,0.04766870159233929,0.07898805298555049,0.10277777777777777,0.7474747474747474,0.75,22.725073949340523,Low Priority,521.8388370401865,Low,Low
1103,1976,Master,Married,81929.0,1,0,2012-09-29,60,1486,55,278,49,0,185,2,4,4,10,6,1,0,1,0,0,0,1,50,1,2053,5046,18,108.05263157894736,3,Premium VIP Customers,12869.354933333383,0.8806757291820306,0.303108077621427,0.12061160773367663,0.8126984126984127,0.3939393939393939,1.0,60.879803441613646,Cross-Sell Campaign,11333.72854001574,Medium,Medium
3422,1975,Graduation,Married,76068.0,0,1,2012-11-29,67,1115,12,128,33,12,76,1,2,3,4,6,0,1,0,0,1,0,0,51,1,1376,4985,9,137.6,3,Premium VIP Customers,4381.177233333318,0.22722958118152475,0.10314512778787462,0.1117972255976515,0.544047619047619,0.3232323232323232,1.0,30.806089426934395,Low Priority,995.5330678123613,Low,Low
1055,1976,Master,Married,53204.0,1,1,2014-03-20,40,29,0,8,2,0,6,1,1,0,3,4,0,0,0,0,0,0,0,50,2,45,4509,4,9.0,0,Low-Value Customers,103.06223333333324,0.003065450445814523,0.0023620710044193545,0.0774119614519292,0.015873015873015872,0.5959595959595959,0.25,6.654838475919527,Low Priority,0.31593216911830674,Low,Low
6544,1949,PhD,Together,67911.0,0,1,2014-05-22,63,529,0,356,63,28,0,3,6,7,11,3,0,0,0,0,0,0,0,77,1,976,4446,24,39.04,3,Premium VIP Customers,9088.313466666606,0.040828961326821886,0.2140349889280006,0.09952987956735686,0.38531746031746034,0.36363636363636354,1.0,26.239161026261964,Low Priority,371.06639905656544,Low,Low
1241,1984,2n Cycle,Married,14796.0,1,0,2012-09-17,1,13,3,8,7,4,16,2,1,0,3,9,0,0,0,0,0,0,1,42,1,51,5058,4,10.2,0,Low-Value Customers,169.7571333333327,0.8660779481258644,0.003933257354918777,0.01965001142967143,0.018253968253968255,0.98989898989899,0.25,34.02014075202469,Low Priority,147.02290971706154,Low,Low
2909,1974,PhD,Married,78128.0,0,1,2014-02-19,89,934,24,230,16,24,36,2,8,4,6,3,0,1,1,0,0,0,0,52,1,1264,4538,18,66.52631578947368,3,Premium VIP Customers,3719.1503333333258,0.31551449953254557,0.08754921822142436,0.11489526811602921,0.4996031746031746,0.10101010101010088,1.0,31.239962337877508,Low Priority,1173.4458561079643,Low,Low
5802,1972,Basic,Married,14188.0,0,0,2013-02-28,40,2,7,11,16,12,27,1,2,0,4,6,0,0,0,0,0,0,0,54,0,75,4894,6,10.714285714285714,0,Low-Value Customers,235.09600000000015,0.1998007376576574,0.005472498518242667,0.018735637715509464,0.027777777777777776,0.5959595959595959,0.25,12.242018108896744,Low Priority,46.97235422036466,Low,Low
1407,1986,Basic,Married,20425.0,1,0,2012-10-29,5,4,12,5,3,16,17,2,2,0,3,7,0,0,0,0,0,0,0,40,1,57,5016,5,9.5,0,Low-Value Customers,280.8766333333332,0.1309997645230231,0.00655099037010169,0.028115487806345273,0.020634920634920634,0.9494949494949495,0.25,11.964676081855753,Low Priority,36.79477282668614,Low,Low
6183,1962,Master,Married,58646.0,0,1,2013-06-10,3,62,1,44,6,5,22,1,2,1,4,4,0,0,0,0,0,0,0,64,1,140,4792,7,17.5,0,Low-Value Customers,960.2355666666678,0.15315882700838193,0.022555204832424763,0.08559620775533285,0.05357142857142857,0.9696969696969697,0.25,14.279439309833808,Low Priority,147.06855304239576,Low,Low
340,1970,Graduation,Divorced,72967.0,0,1,2012-12-15,1,158,35,179,0,0,125,2,7,2,8,5,1,0,0,0,0,0,1,56,1,497,4969,17,27.61111111111111,1,Loyal Customers,9175.71749999997,0.7149333731699655,0.21609403728330182,0.10713361887459846,0.19523809523809524,0.98989898989899,0.75,44.38022488041039,Email Nurture Campaign,6560.026663529661,Medium,Low
5991,1949,Master,Married,48150.0,0,1,2013-06-08,24,173,2,39,3,2,47,3,5,1,4,7,0,0,0,0,0,0,0,77,1,266,4794,10,24.181818181818183,1,Loyal Customers,2156.149266666665,0.3270057976160214,0.05072832274421821,0.06981122995295788,0.10357142857142856,0.7575757575757576,0.75,24.871586126786983,Low Priority,705.0733107255323,Low,Low
3104,1961,Graduation,Single,82332.0,0,0,2012-09-17,89,830,59,968,51,79,19,1,5,3,12,2,0,0,1,0,0,0,1,65,0,2006,5058,20,95.52380952380952,3,Premium VIP Customers,3861.00713333332,0.847693443493312,0.09089105497184334,0.12121768110013595,0.794047619047619,0.10101010101010088,1.0,51.78547655572081,Email Nurture Campaign,3272.950432207563,Low,Low
9729,1955,Graduation,Widow,58275.0,1,1,2013-06-02,48,189,10,253,56,43,64,6,8,2,7,7,0,0,0,0,0,0,0,71,2,615,4800,17,34.166666666666664,1,Loyal Customers,5595.191800000018,0.22843213212660324,0.13174466263168136,0.08503825932119782,0.24206349206349206,0.5151515151515151,0.75,25.362396392670473,Low Priority,1278.121592531291,Low,Low
1008,1981,PhD,Together,44953.0,0,0,2012-12-21,31,728,17,133,11,8,124,1,7,3,13,6,1,0,0,0,0,0,0,45,0,1021,4963,23,42.54166666666666,1,Loyal Customers,16398.72159999996,0.33396711430364906,0.3862522570500523,0.06500324843293188,0.4031746031746032,0.6868686868686869,0.75,39.23857610690285,Low Priority,5476.6337310209055,Medium,Low
11091,1953,Graduation,Together,34587.0,1,1,2014-05-16,68,7,2,9,2,0,2,2,1,0,3,4,0,0,0,0,0,0,0,73,2,22,4452,4,4.4,2,Dormant Customers,49.191033333333365,0.005783691161530719,0.0010929830512921288,0.04941377816812445,0.006746031746031746,0.31313131313131304,0.5,7.367285049912972,Low Priority,0.28450574471656315,Low,Low
3969,1974,Master,Together,43018.0,0,1,2013-11-01,46,35,4,17,7,6,64,1,2,2,2,5,0,0,0,0,0,0,0,52,1,133,4648,6,19.0,0,Low-Value Customers,408.0269333333327,0.17041375331626304,0.0095463740624366,0.062093193931446036,0.050793650793650794,0.5353535353535352,0.25,11.958408199347888,Low Priority,69.53340116345787,Low,Low
1916,1954,Master,Married,45736.0,0,1,2013-07-24,92,188,3,180,20,3,43,5,7,1,6,7,0,0,0,0,0,0,0,72,1,437,4748,14,29.133333333333333,1,Loyal Customers,679.5750333333331,0.16954778220641495,0.015943454922053398,0.06618080537074245,0.17142857142857143,0.07070707070707061,0.75,16.651509092525398,Low Priority,115.22043974451714,Low,Low
9907,1969,Master,Together,66476.0,0,1,2013-12-04,80,742,28,152,25,9,57,2,6,8,10,4,0,0,0,0,0,0,0,57,1,1013,4615,24,40.52,3,Premium VIP Customers,5006.660466666654,0.09629455381801129,0.11788014828688716,0.0973717771334384,0.4,0.19191919191919182,1.0,24.358554794077296,Low Priority,482.1141357559417,Low,Low
87,1981,2n Cycle,Married,27733.0,1,0,2013-08-26,16,0,7,5,26,2,17,2,2,0,3,7,0,0,0,0,0,0,0,45,1,57,4715,5,9.5,0,Low-Value Customers,240.69193333333368,0.10919100775558241,0.005604326500166899,0.03910601922591046,0.020634920634920634,0.8383838383838383,0.25,10.836363221374585,Low Priority,26.281394759306163,Low,Low
8659,1952,PhD,Together,69805.0,0,1,2014-01-21,50,750,71,174,13,10,20,2,6,8,11,2,0,0,0,0,0,0,0,74,1,1038,4567,25,39.92307692307692,3,Premium VIP Customers,13269.05959999999,0.07011483108766137,0.3125242476208947,0.10237827399930219,0.4099206349206349,0.4949494949494949,1.0,31.126512099806703,Low Priority,930.3578725461108,Low,Low
6262,1962,Master,Single,72217.0,0,0,2013-04-10,93,816,42,450,55,56,154,1,3,10,8,2,0,0,0,0,0,0,0,64,0,1573,4853,21,71.5,3,Premium VIP Customers,1989.5357666666694,0.2257049414004834,0.04680327214801174,0.10600569077324735,0.6222222222222222,0.06060606060606055,1.0,28.871666950550967,Low Priority,449.0480536296664,Low,Low
6147,1971,Graduation,Divorced,25818.0,1,0,2012-10-18,51,5,2,8,2,2,9,1,0,1,2,7,0,0,0,0,0,0,0,55,1,28,5027,3,7.0,0,Low-Value Customers,52.868666666666634,0.3871122641408017,0.0011796200699468531,0.0362260428071273,0.009126984126984128,0.48484848484848475,0.25,17.072164140540913,Low Priority,20.466109255438653,Low,Low
8832,1976,Master,Together,37509.0,1,0,2012-09-12,24,37,5,56,12,8,5,2,3,0,4,7,0,0,0,0,0,0,0,50,1,123,5063,7,15.375,0,Low-Value Customers,659.4520999999968,0.12980394872241177,0.015469402510469483,0.05380818605098837,0.046825396825396826,0.7575757575757576,0.25,11.886542137756063,Low Priority,85.59948657328634,Low,Low
10067,1976,2n Cycle,Together,25176.0,1,1,2013-08-10,79,4,0,4,0,0,5,1,1,0,2,7,0,0,0,0,0,0,0,50,2,13,4731,3,3.25,2,Dormant Customers,10.864933333333354,0.01287508014686915,0.0001901037428611028,0.03526053635237075,0.0031746031746031746,0.202020202020202,0.5,6.802280937935673,Low Priority,0.13988688745705713,Low,Low
7532,1980,Graduation,Married,43586.0,0,1,2012-08-30,26,99,2,11,4,0,16,3,3,0,4,8,0,0,0,0,0,0,0,46,1,132,5076,7,16.5,0,Low-Value Customers,657.6991000000006,0.30900021302809316,0.015428105654601652,0.06294741148020261,0.0503968253968254,0.7373737373737373,0.25,17.305144743103938,Low Priority,203.22916200838534,Low,Low
4915,1956,2n Cycle,Married,53230.0,0,1,2012-08-03,86,176,72,98,136,21,229,4,5,2,12,5,0,0,0,0,0,0,0,70,1,732,5103,19,36.6,1,Loyal Customers,1899.612199999996,0.05392145009084778,0.044684869083685935,0.0774510629594427,0.2884920634920635,0.13131313131313127,0.75,16.216646813777047,Low Priority,102.42984443426533,Low,Low
2115,1957,Graduation,Together,50116.0,1,1,2014-06-20,68,54,0,10,0,0,2,2,1,0,4,5,0,1,0,0,0,0,0,69,2,66,4417,5,11.0,2,Dormant Customers,115.95386666666634,0.02502623415458143,0.0026657697629297733,0.07276790548263291,0.024206349206349207,0.31313131313131304,0.5,8.487190976103468,Low Priority,2.901888618329106,Low,Low
2088,1972,Graduation,Together,84906.0,0,0,2013-10-04,98,997,15,414,99,30,76,1,5,6,12,2,0,1,1,0,1,0,0,54,0,1631,4676,23,67.95833333333333,3,Premium VIP Customers,827.5769666666691,0.3255878322293203,0.019430057608328735,0.12508873034397294,0.6452380952380953,0.010101010101010055,1.0,31.33050047764568,Low Priority,269.4489905799173,Low,Low
2493,1966,Graduation,Married,61286.0,0,1,2013-08-02,34,356,0,107,19,9,117,2,7,1,8,5,0,0,0,0,0,0,0,60,1,608,4739,16,35.76470588235294,1,Loyal Customers,6342.5217333333185,0.10223696475345724,0.14935012557671815,0.08956651467208875,0.2392857142857143,0.6565656565656566,0.75,22.815391853740145,Low Priority,648.440170898835,Low,Low
6292,1986,PhD,Married,82333.0,0,0,2013-03-30,60,1311,0,359,46,89,17,1,4,3,10,2,0,0,1,0,0,0,1,40,0,1822,4864,17,101.22222222222224,3,Premium VIP Customers,11248.474533333378,0.6667064033089557,0.2649236713134173,0.12121918500427109,0.721031746031746,0.3939393939393939,1.0,51.946267248887054,Email Nurture Campaign,7499.42999883108,Medium,Low
1631,1965,PhD,Together,65220.0,0,0,2012-09-03,3,890,63,292,0,25,12,4,8,4,7,6,0,0,0,0,0,0,1,61,0,1282,5072,19,64.1,1,Loyal Customers,20800.512933333233,0.915964133293918,0.4899488584495588,0.09548287353970908,0.5067460317460317,0.9696969696969697,0.75,63.081893812376734,Cross-Sell Campaign,19052.52380104951,High,Medium
10104,1974,Graduation,Together,33590.0,2,1,2013-11-03,65,4,0,2,0,0,2,1,1,0,2,7,0,0,0,0,0,0,0,52,3,8,4646,3,2.0,2,Dormant Customers,13.526800000000028,0.021514857765453775,0.0002528115147224611,0.04791438574539505,0.0011904761904761906,0.3434343434343434,0.5,7.867202795888098,Low Priority,0.2910271780217407,Low,Low
3006,1976,Graduation,Divorced,30992.0,1,0,2013-04-22,83,17,0,14,7,3,2,1,1,0,3,7,0,0,0,0,0,0,0,50,1,43,4841,4,8.6,2,Dormant Customers,28.545666666666524,0.014038137370225384,0.0006066232500521094,0.04400724280231481,0.015079365079365078,0.16161616161616155,0.5,6.9136865309027575,Low Priority,0.4007279899913284,Low,Low
3919,1976,Master,Single,72309.0,0,0,2013-03-11,64,960,0,883,50,38,0,1,5,6,8,3,0,0,0,1,0,0,1,50,0,1931,4883,19,96.55,3,Premium VIP Customers,11660.32300000002,0.8429182611361882,0.2746259227494455,0.10614404995367975,0.7642857142857143,0.3535353535353535,1.0,57.81972849806829,Email Nurture Campaign,9828.699187446318,Medium,Medium
11181,1949,PhD,Married,156924.0,0,0,2013-08-29,85,2,1,2,1,1,1,0,0,0,0,0,0,0,0,0,0,0,0,77,0,8,4712,0,8.0,2,Dormant Customers,269.2888666666667,0.05563919891478031,0.006278007865900638,0.2333968983481117,0.0011904761904761906,0.14141414141414133,0.5,9.916413036829393,Low Priority,14.98301681800242,Low,Low
642,1980,Basic,Married,16005.0,1,0,2012-08-14,69,1,3,2,20,30,47,3,2,1,2,8,0,0,0,0,0,0,0,46,1,103,5092,5,17.166666666666668,2,Dormant Customers,156.0331666666673,0.35467042681897626,0.003609950638792449,0.021468231529049413,0.03888888888888889,0.303030303030303,0.5,18.0615784875084,Low Priority,55.34034981958335,Low,Low
4369,1957,Master,Absurd,65487.0,0,0,2014-01-10,48,240,67,500,199,0,163,3,3,5,6,2,0,0,0,0,0,0,0,69,0,1169,4578,14,77.93333333333334,3,Premium VIP Customers,8969.32359999998,0.20119885459105197,0.21123184724318886,0.09588441594379007,0.46190476190476193,0.5151515151515151,1.0,32.83609421879413,Low Priority,1804.6176347764867,Low,Low
10127,1965,Graduation,Married,58692.0,0,1,2014-04-06,21,301,11,61,4,7,11,1,8,2,4,7,0,0,0,0,0,0,0,61,1,395,4492,14,26.33333333333333,1,Loyal Customers,4884.922466666649,0.2752930668982098,0.11501226657573518,0.08566538734554904,0.15476190476190477,0.7878787878787878,0.75,26.32663638849635,Low Priority,1344.7852874086298,Low,Low
271,1969,Graduation,Widow,40590.0,1,1,2013-10-02,30,154,0,50,6,11,37,5,3,4,3,6,1,0,0,0,0,0,0,57,2,258,4678,10,23.454545454545453,0,Low-Value Customers,2157.333666666666,0.39026174311311373,0.05075622462447492,0.058441714691338714,0.1003968253968254,0.696969696969697,0.25,21.30575704484191,Low Priority,841.9247972299381,Low,Low
4973,1970,Graduation,Single,20587.0,1,0,2014-05-11,39,2,3,6,4,1,9,1,1,1,2,7,0,0,0,0,0,0,0,56,1,25,4457,4,5.0,0,Low-Value Customers,66.04756666666667,0.2812674318784814,0.0014900862044578437,0.02835912027623711,0.007936507936507936,0.606060606060606,0.25,14.415667394601197,Low Priority,18.577029458156126,Low,Low
2948,1954,Master,Divorced,62637.0,0,1,2014-03-01,76,104,12,48,4,12,5,1,2,2,5,2,0,0,0,0,0,0,0,72,1,185,4528,9,18.5,2,Dormant Customers,1205.7428,0.041885491771039535,0.02833881968096958,0.09159828915865587,0.07142857142857142,0.23232323232323226,0.5,10.255756968191566,Low Priority,50.503130127390165,Low,Low
2715,1966,Master,Divorced,29435.0,1,1,2012-08-06,11,70,3,37,4,2,64,4,3,2,2,9,0,0,0,0,0,0,1,60,2,180,5100,7,22.5,0,Low-Value Customers,922.2769333333315,0.9500059870476133,0.021660982237039647,0.04166566406390991,0.06944444444444445,0.8888888888888888,0.25,37.55277683028981,Low Priority,876.1686083825774,Low,Low
10432,1974,Graduation,Divorced,19346.0,1,0,2014-01-30,26,2,0,9,3,6,2,1,1,0,3,8,0,0,0,0,0,0,0,52,1,22,4558,4,4.4,0,Low-Value Customers,97.56360000000025,0.0576607386291899,0.002232535198237263,0.026492775244534812,0.006746031746031746,0.7373737373737373,0.25,8.349785130327326,Low Priority,5.625589239322846,Low,Low
9216,1971,Graduation,Married,35788.0,1,1,2014-01-23,34,23,2,11,3,1,4,2,2,0,3,6,0,0,0,0,0,0,0,55,2,44,4565,5,7.333333333333333,0,Low-Value Customers,160.34346666666653,0.02386057676997442,0.0037114919039649957,0.05121996703442136,0.015476190476190477,0.6565656565656566,0.25,7.354332870533536,Low Priority,3.825887595963831,Low,Low
7124,1968,Graduation,Divorced,36997.0,1,1,2013-02-01,72,43,4,12,8,0,27,5,2,1,4,5,0,0,0,0,0,0,0,58,2,94,4921,7,11.75,2,Dormant Customers,234.29796666666633,0.09006376274669291,0.005453698593802002,0.05303818713379934,0.03531746031746032,0.2727272727272727,0.5,10.289303979951109,Low Priority,21.101756481899198,Low,Low
9727,1957,Graduation,Married,23539.0,0,0,2014-02-28,13,4,24,11,16,1,25,1,2,0,4,6,0,0,0,0,0,0,0,69,0,81,4529,6,11.571428571428571,0,Low-Value Customers,358.88713333333413,0.21249737067662236,0.00838874757186131,0.03279864528315507,0.030158730158730156,0.8686868686868687,0.25,14.250385296101358,Low Priority,76.2625722030039,Low,Low
5136,1973,Graduation,Single,65333.0,0,1,2014-01-17,58,654,7,92,0,15,30,7,9,4,8,6,0,1,1,0,0,0,0,53,1,798,4571,21,36.27272727272727,1,Loyal Customers,9746.495499999999,0.1386797186975002,0.22954032182328032,0.09565281470697931,0.3146825396825397,0.41414141414141414,0.75,26.29407452863838,Low Priority,1351.6412542264516,Low,Low
9790,1957,Graduation,Single,78499.0,0,0,2013-11-23,12,912,72,170,47,36,97,1,11,3,4,4,0,0,1,0,0,0,1,69,0,1334,4626,18,70.21052631578948,1,Loyal Customers,20325.416999999936,0.9611077500680061,0.4787566346718627,0.11545321655016423,0.5273809523809524,0.8787878787878788,0.75,64.15511738735138,Cross-Sell Campaign,19534.91580206394,High,Medium
1818,1971,PhD,Together,29732.0,1,0,2014-03-25,23,25,0,8,0,1,4,1,2,0,2,9,0,0,0,0,0,0,0,55,1,38,4504,4,7.6,0,Low-Value Customers,153.0121666666672,0.19290668826071264,0.0035387824690394547,0.04211232359204495,0.013095238095238096,0.7676767676767676,0.25,12.849299767625421,Low Priority,29.51707033526298,Low,Low
1100,1960,Master,Together,41275.0,1,2,2014-03-24,33,24,4,22,0,2,9,4,3,1,3,5,0,0,0,0,0,0,0,66,3,61,4505,7,7.625,0,Low-Value Customers,426.82056666666523,0.13451203193621503,0.00998911106586,0.05947188902390606,0.022222222222222223,0.6666666666666666,0.25,11.096419846967978,Low Priority,57.412501694499866,Low,Low
7873,1973,PhD,Together,63516.0,1,1,2013-07-06,30,141,11,114,15,14,5,4,4,1,7,5,0,0,0,0,0,0,0,53,2,300,4766,12,23.07692307692308,1,Loyal Customers,3577.2618333333357,0.10204410065941717,0.08420663468815835,0.09292022089343936,0.11706349206349206,0.696969696969697,0.75,19.257525135162528,Low Priority,365.0384666057581,Low,Low
10609,1962,PhD,Married,42769.0,0,1,2013-10-12,15,71,0,13,3,1,0,2,1,1,4,4,0,0,0,0,0,0,0,64,1,88,4668,6,12.571428571428571,0,Low-Value Customers,406.2665333333339,0.04338679144926652,0.009504902878711648,0.061718721801797466,0.03293650793650794,0.8484848484848485,0.25,9.440409909329182,Low Priority,17.62660135454984,Low,Low
6950,1958,Master,Married,49572.0,1,1,2013-12-15,25,35,1,16,0,1,1,2,2,0,3,7,0,0,0,0,0,0,0,68,2,54,4604,5,9.0,0,Low-Value Customers,221.74939999999987,0.02625668981403457,0.005158081737565641,0.07194978163311957,0.019444444444444445,0.7474747474747474,0.25,8.190981366919607,Low Priority,5.822405212248274,Low,Low
7233,1972,Graduation,Married,69209.0,0,0,2012-09-17,4,496,32,849,229,48,128,2,5,3,6,4,0,0,0,1,0,0,0,54,0,1782,5058,14,118.8,3,Premium VIP Customers,21662.723800000032,0.6547583896567483,0.5102606655736293,0.10148194713476184,0.7051587301587302,0.9595959595959596,1.0,61.34075187861969,Cross-Sell Campaign,14183.850150866936,Medium,Medium
9481,1976,Graduation,Married,17148.0,1,0,2014-01-28,80,9,9,11,13,10,16,4,3,1,3,8,0,0,0,0,0,0,0,50,1,68,4560,7,8.5,2,Dormant Customers,85.5250666666669,0.17722753011518935,0.0019489336147074001,0.0231871939555085,0.025,0.19191919191919182,0.5,11.941761811047947,Low Priority,15.157396328270286,Low,Low
7699,1969,Graduation,Widow,40590.0,1,1,2013-10-02,30,154,0,50,6,11,37,5,3,4,3,6,1,0,0,0,0,0,0,57,2,258,4678,10,23.454545454545453,0,Low-Value Customers,2157.333666666666,0.39026174311311373,0.05075622462447492,0.058441714691338714,0.1003968253968254,0.696969696969697,0.25,21.30575704484191,Low Priority,841.9247972299381,Low,Low
2711,1976,Master,Together,30560.0,1,0,2013-06-27,6,9,1,5,4,5,7,1,1,0,3,7,0,0,0,0,0,0,0,50,1,31,4775,4,6.2,0,Low-Value Customers,123.05880000000025,0.022888969962861955,0.0028331464930027275,0.04335755621593657,0.010317460317460317,0.9393939393939394,0.25,8.556970657566909,Low Priority,2.8166891768658426,Low,Low
8933,1983,2n Cycle,Married,32146.0,1,0,2014-05-12,16,26,3,23,4,7,3,2,2,0,4,6,0,0,0,0,0,0,0,43,1,66,4456,6,9.428571428571429,0,Low-Value Customers,332.3387666666665,0.1776788183380277,0.007763325967889758,0.04574274817426038,0.024206349206349207,0.8383838383838383,0.25,13.075706240934556,Low Priority,59.04955934925082,Low,Low
8726,1964,2n Cycle,Divorced,41713.0,1,1,2014-04-29,57,77,8,44,10,10,25,5,3,1,4,6,0,0,0,0,0,0,0,62,2,174,4469,8,19.33333333333333,2,Dormant Customers,575.7564999999994,0.3144201993389843,0.013497716754634232,0.0601305990350951,0.06706349206349208,0.4242424242424242,0.5,18.56600797532401,Low Priority,181.0294735007157,Low,Low
1515,1975,Master,Together,34176.0,0,1,2014-01-22,9,11,2,7,4,2,2,1,1,0,3,3,0,0,0,0,0,0,0,51,1,28,4566,4,5.6,0,Low-Value Customers,116.75716666666614,0.011032181190075927,0.002684693758547967,0.048795673568584046,0.009126984126984128,0.9090909090909091,0.25,8.081822291503865,Low Priority,1.2880862179065542,Low,Low
5186,1955,PhD,Married,58482.0,0,1,2014-03-12,59,576,7,115,19,7,7,2,7,4,9,6,0,1,0,0,0,0,0,71,1,731,4517,20,34.80952380952381,1,Loyal Customers,6665.244633333311,0.14926327094675926,0.15695277308760103,0.08534956747717073,0.2880952380952381,0.404040404040404,0.75,23.881607587433106,Low Priority,994.8762156316631,Low,Low
10157,1965,Graduation,Single,59686.0,0,1,2014-01-25,78,89,15,89,34,42,5,1,4,1,6,4,0,0,0,0,0,0,0,61,1,274,4563,11,22.83333333333333,2,Dormant Customers,669.0834666666668,0.05706352314721406,0.015696296498515453,0.08716026805587304,0.10674603174603176,0.21212121212121204,0.5,10.716193806727151,Low Priority,38.18025988755157,Low,Low
5667,1964,PhD,Married,60896.0,0,1,2012-10-11,90,1013,30,399,60,46,153,3,9,10,4,6,0,0,0,0,0,0,1,62,1,1701,5034,23,70.875,3,Premium VIP Customers,3746.395633333345,0.8749919804971812,0.08819105805438449,0.08897999205938617,0.6730158730158731,0.09090909090909083,1.0,50.33507462692438,Email Nurture Campaign,3278.066134936335,Low,Low
902,1980,Graduation,Together,62994.0,1,0,2014-03-04,74,224,12,48,4,12,12,1,6,2,4,6,0,0,0,0,0,0,0,46,1,312,4525,12,24.0,2,Dormant Customers,1770.1058000000012,0.2185686137707804,0.04163398081513299,0.092135182934899,0.12182539682539684,0.2525252525252525,0.5,16.81743688193361,Low Priority,386.88957093361853,Low,Low
977,1957,Graduation,Together,47320.0,0,1,2013-08-01,10,200,19,111,50,15,19,6,5,1,8,6,0,0,0,0,0,0,0,69,1,414,4740,14,27.6,1,Loyal Customers,5366.150733333317,0.3924571633831202,0.1263489547492113,0.06856298952079598,0.1623015873015873,0.898989898989899,0.75,30.67928674365121,Low Priority,2105.984295090244,Low,Low
7313,1949,2n Cycle,Widow,74859.0,0,0,2013-06-03,63,570,73,614,133,102,73,1,6,5,11,3,0,0,0,1,0,0,0,77,0,1565,4799,22,68.04347826086956,3,Premium VIP Customers,12170.039066666695,0.2780973697125178,0.28663372134539417,0.10997900549827351,0.6190476190476191,0.36363636363636354,1.0,39.1456188906162,Low Priority,3384.4558537385933,Low,Low
7600,1992,Basic,Single,15253.0,1,0,2013-10-28,13,1,3,3,8,1,13,2,1,0,3,7,0,0,0,0,0,0,0,34,1,29,4652,4,5.8,0,Low-Value Customers,106.86243333333283,0.05637738580685057,0.002451595426364171,0.020337295619428035,0.009523809523809525,0.8686868686868687,0.25,8.95453387948221,Low Priority,6.024624632292153,Low,Low
9706,1974,PhD,Single,31560.0,1,0,2013-06-24,98,62,1,20,4,0,7,2,2,1,3,8,0,0,0,0,0,0,0,52,1,94,4778,6,13.428571428571429,2,Dormant Customers,18.196766666666704,0.11218330060828048,0.000362825741956538,0.04486146035107138,0.03531746031746032,0.010101010101010055,0.5,9.40526534928478,Low Priority,2.041373345065409,Low,Low
2429,1954,Graduation,Divorced,72071.0,0,1,2013-02-14,4,531,69,300,150,138,150,3,5,4,8,2,0,0,0,0,0,0,0,72,1,1338,4908,17,74.33333333333333,1,Loyal Customers,21528.169066666742,0.23349869422191008,0.5070908495845753,0.10578612076951767,0.528968253968254,0.9595959595959596,0.75,43.508051129393344,Email Nurture Campaign,5026.799366055201,Medium,Low
3520,1990,Master,Single,91172.0,0,0,2013-03-27,94,162,28,818,0,28,56,0,4,3,7,3,1,0,1,1,1,0,1,36,0,1092,4867,14,72.8,3,Premium VIP Customers,949.2233333333342,0.8745641833213302,0.022295780638043355,0.13451219365472766,0.43134920634920637,0.050505050505050386,1.0,44.97368420309184,Email Nurture Campaign,830.1567293062182,Low,Low
10394,1984,Graduation,Married,90000.0,0,0,2013-12-23,91,675,144,133,94,192,241,1,4,8,5,1,1,0,1,1,0,0,0,42,0,1479,4596,17,82.16666666666667,3,Premium VIP Customers,2782.089633333332,0.4158464062835215,0.06547411230733742,0.13274961800834967,0.584920634920635,0.08080808080808077,1.0,34.94496166565919,Low Priority,1156.9219759803061,Low,Low
4548,1981,Graduation,Single,41967.0,1,1,2013-11-23,66,23,4,10,0,2,15,1,1,0,3,4,0,0,0,0,0,0,0,45,2,54,4626,4,10.8,2,Dormant Customers,62.174566666666614,0.010335997079257184,0.0013988467733246626,0.06051259068541935,0.019444444444444445,0.33333333333333326,0.5,7.915504555764982,Low Priority,0.6426361394707472,Low,Low
9362,1965,Graduation,Single,69263.0,0,1,2014-03-05,14,492,5,32,13,5,21,1,9,1,7,6,0,1,0,0,0,0,0,61,1,568,4524,17,31.55555555555556,1,Loyal Customers,8415.318599999991,0.1900067965972243,0.19818069799326987,0.10156315795805912,0.22341269841269842,0.8585858585858586,0.75,27.805376186415188,Low Priority,1598.9677295310369,Low,Low
3968,1970,2n Cycle,Divorced,65706.0,0,0,2013-06-28,77,918,10,129,13,0,129,1,11,3,12,7,0,1,1,0,1,0,1,56,0,1199,4774,26,44.407407407407405,1,Loyal Customers,5673.564166666659,0.7966295562439669,0.1335909446227026,0.0962137709493846,0.4738095238095238,0.2222222222222222,0.75,44.5870067037479,Email Nurture Campaign,4519.728904413332,Low,Low
4084,1975,Graduation,Together,60934.0,0,1,2014-01-17,41,224,155,155,192,93,54,2,6,4,11,4,0,0,0,0,0,0,0,51,1,873,4571,21,39.68181818181818,1,Loyal Customers,11962.691500000046,0.05013254693475236,0.2817490649990182,0.08903714041652129,0.34444444444444444,0.5858585858585859,0.75,26.44277935813793,Low Priority,599.7201930897154,Low,Low
6721,1951,Graduation,Married,71965.0,0,1,2013-07-29,21,572,19,286,50,38,248,3,6,3,5,3,0,0,0,0,0,0,0,75,1,1213,4743,14,80.86666666666666,1,Loyal Customers,14662.744033333309,0.2936142140197548,0.3453564125773884,0.10562670693119337,0.4793650793650794,0.7878787878787878,0.75,38.855255997096364,Low Priority,4305.190064720009,Low,Low
2829,1955,Graduation,Married,65210.0,0,1,2014-03-10,25,626,0,70,0,7,28,2,9,3,8,6,0,1,0,1,0,0,0,71,1,731,4519,20,34.80952380952381,1,Loyal Customers,12954.692766666663,0.16794193119823375,0.30511845081209743,0.09546783449835773,0.2880952380952381,0.7474747474747474,0.75,30.705292114095826,Low Priority,2175.6361213137893,Low,Low
1772,1975,PhD,Married,79174.0,0,0,2013-01-11,2,1074,37,518,193,92,129,1,5,6,7,2,0,0,1,1,0,0,1,51,0,2043,4942,18,107.52631578947368,3,Premium VIP Customers,31849.493166666503,0.9351159476629033,0.7502387296323825,0.11646835184138023,0.8087301587301587,0.9797979797979798,1.0,78.75526611721465,Cross-Sell Campaign,29782.96898513051,High,High
1544,1967,Master,Divorced,81380.0,0,0,2012-12-22,51,741,68,689,224,68,103,1,4,2,10,2,0,0,0,0,0,0,0,59,0,1893,4962,16,111.3529411764706,3,Premium VIP Customers,12401.718733333388,0.5403917083929255,0.29209158888781445,0.11978596436348761,0.7492063492063492,0.48484848484848475,1.0,49.83469622439473,Email Nurture Campaign,6701.785973314578,Medium,Low
492,1973,PhD,YOLO,48432.0,0,1,2012-10-18,3,322,3,50,4,3,42,5,7,1,6,8,0,0,0,0,0,0,0,53,1,424,5027,14,28.266666666666666,1,Loyal Customers,5750.1255333333165,0.8238305231142602,0.13539456340438208,0.07023533091906589,0.1662698412698413,0.9696969696969697,0.75,44.32163837228239,Email Nurture Campaign,4737.1289260986505,Low,Low
4377,1971,Graduation,Married,52914.0,0,1,2013-01-07,32,254,10,44,30,10,227,2,7,3,3,7,1,0,0,0,0,0,0,55,1,575,4946,13,41.07142857142857,1,Loyal Customers,5316.566233333335,0.34975233843714926,0.12518085209673996,0.07697582925274012,0.2261904761904762,0.6767676767676767,0.75,29.294449535239604,Low Priority,1859.4814725643203,Low,Low
4541,1955,Graduation,Together,38946.0,0,1,2013-10-24,84,116,6,82,6,6,41,2,3,1,6,5,0,0,0,0,0,0,0,71,1,257,4656,10,23.363636363636363,2,Dormant Customers,420.8512333333317,0.06571821441996434,0.009848486594499897,0.05596929629317709,0.1,0.1515151515151515,0.5,10.084269750941456,Low Priority,27.657591591106335,Low,Low
1321,1974,Graduation,Married,26067.0,1,0,2013-11-04,49,22,2,18,0,2,12,3,3,0,3,8,0,0,0,0,0,0,0,52,1,56,4645,6,8.0,0,Low-Value Customers,181.90980000000008,0.2429450483180116,0.00421954767080256,0.03660051493677587,0.02023809523809524,0.505050505050505,0.25,13.109766982856137,Low Priority,44.19408515051985,Low,Low
8858,1972,PhD,Married,44325.0,0,1,2013-03-07,69,516,0,21,0,0,5,4,8,2,7,8,0,1,0,0,0,0,0,54,1,542,4887,17,30.11111111111111,1,Loyal Customers,3125.004066666664,0.2499423575701661,0.07355242829615487,0.06405879663606723,0.21309523809523812,0.303030303030303,0.75,22.557011628930386,Low Priority,781.0708838390226,Low,Low
3266,1964,Graduation,Married,42523.0,0,0,2014-04-23,96,14,36,11,3,26,35,1,1,1,4,2,0,0,0,0,0,0,0,62,0,125,4475,6,17.857142857142858,2,Dormant Customers,32.81119999999999,0.017536066001586702,0.0007071099102155387,0.06134876138455431,0.047619047619047616,0.030303030303030276,0.5,7.026583757000476,Low Priority,0.5753793687912615,Low,Low
11187,1978,Basic,Single,26487.0,1,0,2013-05-20,23,2,8,10,12,14,23,3,2,1,3,5,0,0,0,0,0,0,0,48,1,69,4813,6,9.857142857142858,0,Low-Value Customers,348.18553333333267,0.25648454998253445,0.00813664122117322,0.03723215467353249,0.025396825396825397,0.7676767676767676,0.25,15.030293502182774,Low Priority,89.30420982742858,Low,Low
8207,1957,2n Cycle,Married,53233.0,0,1,2014-03-18,18,28,0,9,3,0,0,1,1,0,3,4,0,0,0,0,0,0,0,69,1,40,4511,4,8.0,0,Low-Value Customers,127.43133333333327,0.011240554919017473,0.002936153839747931,0.07745557467184812,0.013888888888888888,0.8181818181818181,0.25,7.999099433723868,Low Priority,1.4323989007369546,Low,Low
9723,1960,Graduation,Married,67716.0,0,1,2013-01-10,8,530,142,217,62,9,56,4,7,4,13,5,0,1,0,0,0,0,0,66,1,1016,4943,24,40.64,1,Loyal Customers,21488.72583333336,0.13504676841133503,0.5061616530518123,0.09923661826100556,0.4011904761904762,0.9191919191919192,0.75,38.34243556532122,Low Priority,2901.9829810688425,Low,Low
2666,1972,Master,Married,76234.0,0,1,2014-02-06,21,519,50,167,130,0,41,1,8,3,11,3,0,1,0,0,0,0,0,54,1,907,4551,22,39.43478260869565,1,Loyal Customers,16548.775300000045,0.10043309980020573,0.38978719488311103,0.11204687368408388,0.35793650793650794,0.7878787878787878,0.75,32.6355191357819,Low Priority,1662.0448012760842,Low,Low
5721,1956,PhD,Married,84117.0,0,0,2014-05-11,60,611,76,749,59,45,26,1,7,10,6,2,0,0,1,0,0,0,0,70,0,1566,4457,23,65.25,3,Premium VIP Customers,14272.036866666718,0.6395392352505287,0.3361522040500669,0.1239021499813516,0.6194444444444445,0.3939393939393939,1.0,51.771128315195014,Email Nurture Campaign,9127.527543175385,Medium,Low
10652,1957,Master,Together,65487.0,0,0,2014-01-10,48,240,67,500,199,0,163,3,3,5,6,2,0,0,0,0,0,0,0,69,0,1169,4578,14,77.93333333333334,3,Premium VIP Customers,8969.32359999998,0.20119885459105197,0.21123184724318886,0.09588441594379007,0.46190476190476193,0.5151515151515151,1.0,32.83609421879413,Low Priority,1804.6176347764867,Low,Low
1646,1972,Basic,Married,25224.0,1,0,2014-03-16,36,4,9,12,11,2,8,2,1,1,3,3,0,0,0,0,0,0,0,54,1,46,4513,5,7.666666666666667,0,Low-Value Customers,141.60859999999983,0.09736304643259526,0.003270139315010014,0.03533272375085723,0.01626984126984127,0.6363636363636364,0.25,9.298188610802532,Low Priority,13.787444697054791,Low,Low
4418,1983,Master,Single,89616.0,0,0,2013-02-25,36,671,47,655,145,111,15,1,7,5,12,2,0,0,0,0,0,0,1,43,0,1644,4897,24,65.76,3,Premium VIP Customers,23784.922066666622,0.9229278969185188,0.5602550272060796,0.1321721188204579,0.6503968253968254,0.6363636363636364,1.0,68.7549794747131,Cross-Sell Campaign,21951.768101359496,High,Medium
2656,1971,Graduation,Divorced,40851.0,1,1,2013-02-21,63,23,1,7,0,4,24,1,1,1,2,7,0,0,0,0,0,0,0,55,2,59,4901,4,11.8,2,Dormant Customers,72.50833333333317,0.28496519767421125,0.001642287773099946,0.0588342336706089,0.02142857142857143,0.36363636363636354,0.5,16.326177289735817,Low Priority,20.662351541360888,Low,Low
7990,1947,Graduation,Married,27469.0,0,0,2012-08-02,2,9,1,2,3,2,0,1,0,0,3,6,0,0,0,0,0,0,0,79,0,17,5104,3,4.25,0,Low-Value Customers,55.00423333333317,0.14235235557585396,0.001229929361920423,0.03870898853423487,0.004761904761904762,0.9797979797979798,0.25,12.16497690389405,Low Priority,7.829982181643882,Low,Low
8722,1957,2n Cycle,Married,82347.0,0,0,2012-11-06,38,556,54,845,202,133,63,1,7,7,10,3,1,0,0,1,0,0,1,69,0,1853,5008,24,74.12,3,Premium VIP Customers,26598.098599999877,0.8330070049689722,0.6265273294468585,0.12124023966216298,0.7333333333333334,0.6161616161616161,1.0,69.07924050990462,Cross-Sell Campaign,22156.40245265531,High,Medium
7118,1957,Graduation,Married,73803.0,0,1,2012-08-01,61,833,80,363,52,26,174,2,9,5,6,6,1,0,0,0,0,0,1,69,1,1528,5105,20,72.76190476190476,3,Premium VIP Customers,11212.08433333334,0.8287221091194746,0.2640663975858609,0.10839088273157116,0.6043650793650793,0.38383838383838376,1.0,54.85223213814388,Email Nurture Campaign,9291.702176345423,Medium,Low
2980,1952,Master,Single,8820.0,1,1,2013-03-22,52,12,0,13,4,2,4,4,3,0,3,8,0,0,0,0,0,0,0,74,2,35,4872,6,5.0,2,Dormant Customers,158.32143333333366,0.15815959211501432,0.003663857209654224,0.010662680318105801,0.011904761904761904,0.4747474747474747,0.5,12.513639085229917,Low Priority,25.040053319064484,Low,Low
1839,1974,Graduation,Single,43322.0,0,0,2014-04-21,25,56,7,48,10,2,18,1,3,0,4,7,0,0,0,0,0,0,0,52,0,141,4477,7,17.625,0,Low-Value Customers,731.4431333333326,0.16963953353609842,0.017165354208900505,0.06255038078852701,0.05396825396825397,0.7474747474747474,0.25,13.276547987132783,Low Priority,124.0816719468488,Low,Low
10722,1973,Graduation,Together,55593.0,0,1,2013-08-21,63,293,8,124,11,4,106,2,6,6,3,6,1,0,0,0,0,0,0,53,1,546,4720,15,34.125,1,Loyal Customers,3764.4034000000133,0.28537186149097243,0.08861528175349263,0.08100478843076626,0.2146825396825397,0.36363636363636354,0.75,24.56808209506153,Low Priority,1074.2548056609496,Low,Low
2632,1954,Graduation,Married,50501.0,1,1,2013-06-18,10,297,0,38,13,0,152,7,5,4,4,6,1,0,0,0,0,0,1,72,2,500,4784,13,35.714285714285715,1,Loyal Customers,5753.020433333336,0.5048343467351901,0.13546276093322,0.07334690857465982,0.19642857142857142,0.898989898989899,0.75,34.88376038217697,Low Priority,2904.322312216035,Low,Low
9014,1975,Graduation,Married,37085.0,1,1,2014-06-26,65,39,1,16,2,0,3,4,3,0,3,8,0,0,0,0,0,0,0,51,2,61,4411,6,8.714285714285714,2,Dormant Customers,150.3602666666663,0.11447330373541943,0.003476309490102671,0.053170530697691204,0.022222222222222223,0.3434343434343434,0.5,11.120698754247627,Low Priority,17.21223647587195,Low,Low
7620,1990,Basic,Single,16185.0,1,0,2013-08-05,71,5,11,16,21,8,45,2,2,2,2,8,0,0,0,0,0,0,0,36,1,106,4736,6,15.142857142857142,2,Dormant Customers,190.0597333333337,0.29187035743620837,0.004411542321230316,0.02173893427337368,0.04007936507936508,0.28282828282828276,0.5,16.12117822578879,Low Priority,55.472802302230555,Low,Low
10968,1969,Graduation,Single,57731.0,0,1,2012-11-23,0,266,21,300,65,8,44,4,8,8,6,6,0,0,0,0,0,0,0,57,1,704,4991,22,30.608695652173918,1,Loyal Customers,16212.398000000001,0.39211376769725675,0.381862879495009,0.0842201354716845,0.2773809523809524,1.0,0.75,40.722215056199104,Email Nurture Campaign,6357.10446318747,Medium,Low
11133,1973,PhD,YOLO,48432.0,0,1,2012-10-18,3,322,3,50,4,3,42,5,7,1,6,8,0,0,0,0,0,0,1,53,1,424,5027,14,28.266666666666666,1,Loyal Customers,5750.1255333333165,0.8238305231142602,0.13539456340438208,0.07023533091906589,0.1662698412698413,0.9696969696969697,0.75,44.32163837228239,Email Nurture Campaign,4737.1289260986505,Low,Low
2736,1978,Graduation,Married,73807.0,0,1,2013-01-02,88,366,124,156,71,78,54,2,5,5,11,2,0,0,0,0,0,0,0,48,1,849,4951,21,38.59090909090909,3,Premium VIP Customers,2699.5196666666584,0.03203019927598452,0.0635289440172902,0.1083968983481117,0.33492063492063495,0.11111111111111105,1.0,19.53010836164444,Low Priority,86.46615287277238,Low,Low
1876,1990,Graduation,Married,18929.0,0,0,2013-02-16,15,32,0,8,23,4,18,1,1,0,4,6,0,0,0,0,0,0,0,36,0,85,4906,5,14.166666666666666,0,Low-Value Customers,360.852,0.062482952048060175,0.00843503554421327,0.025865647220183596,0.031746031746031744,0.8484848484848485,0.25,9.604810818584758,Low Priority,22.54709821244661,Low,Low
5959,1968,Graduation,Single,35893.0,1,1,2012-10-15,80,158,0,23,0,0,18,6,3,1,5,8,0,0,0,0,0,0,0,58,2,199,5030,9,19.9,2,Dormant Customers,407.21856666666514,0.2533112763066069,0.00952733070720454,0.051377876968610514,0.07698412698412699,0.19191919191919182,0.5,15.513294844458311,Low Priority,103.15305485808003,Low,Low
1092,1980,Graduation,Married,61014.0,0,1,2012-08-11,17,269,129,495,182,43,29,4,9,3,4,7,0,0,0,0,0,0,0,46,1,1147,5095,16,67.47058823529412,1,Loyal Customers,14875.259333333377,0.4353634499956583,0.3503628094477998,0.08915745274733207,0.4531746031746032,0.8282828282828283,0.75,42.90239549981025,Email Nurture Campaign,6476.144222940135,Medium,Low
4333,1954,Graduation,Together,32144.0,1,1,2014-03-23,76,41,0,10,0,0,3,4,2,1,3,7,0,1,0,0,0,0,0,72,2,54,4506,6,7.714285714285714,2,Dormant Customers,112.9551333333333,0.10599196493024478,0.002595126147269197,0.04573974036599011,0.019444444444444445,0.23232323232323226,0.5,10.168292964268147,Low Priority,11.972336530957785,Low,Low
3850,1963,Basic,Together,14918.0,0,1,2012-12-07,52,3,3,3,15,4,15,1,1,0,3,6,0,0,0,0,0,0,0,63,1,43,4977,4,8.6,2,Dormant Customers,68.0061333333333,0.021396471364199504,0.0015362257625531372,0.019833487734157874,0.015079365079365078,0.4747474747474747,0.5,8.486243641072008,Low Priority,1.4550912844565993,Low,Low
6168,1963,Graduation,Divorced,45146.0,1,1,2013-07-15,28,33,0,5,0,0,15,2,1,1,2,4,0,0,0,0,0,0,0,63,2,53,4757,4,10.6,0,Low-Value Customers,155.87906666666612,0.1362264193371132,0.003606320378958281,0.06529350193101291,0.01904761904761905,0.7171717171717171,0.25,11.219490082365146,Low Priority,21.234847101611084,Low,Low
607,1955,2n Cycle,Divorced,41769.0,0,1,2013-02-13,31,302,29,131,32,0,27,6,8,1,7,8,0,0,0,0,0,0,0,71,1,521,4909,16,30.647058823529413,1,Loyal Customers,5918.218333333355,0.42834244628156065,0.13935446308152818,0.06021481766666266,0.20476190476190476,0.6868686868686869,0.75,31.6388274633313,Low Priority,2535.02411852839,Low,Low
10469,1981,Graduation,Together,88325.0,0,0,2014-02-05,42,519,71,860,93,27,53,1,6,2,9,2,0,0,0,0,0,0,0,45,0,1623,4552,17,90.16666666666669,3,Premium VIP Customers,10425.693199999998,0.5360873110858109,0.2455407379799971,0.13023057858199888,0.6420634920634921,0.5757575757575757,1.0,47.26088751753449,Email Nurture Campaign,5589.081833793622,Medium,Low
6983,1950,Master,Divorced,38054.0,1,1,2014-05-01,24,23,2,17,2,1,0,2,2,0,3,7,0,0,0,0,0,0,0,76,2,45,4467,5,7.5,0,Low-Value Customers,182.78326666666666,0.045423535122892426,0.004240124640020338,0.054627813804636834,0.015873015873015872,0.7575757575757576,0.25,8.562161956907776,Low Priority,8.302662133310346,Low,Low
3661,1995,2n Cycle,Single,80617.0,0,0,2012-10-12,42,594,51,631,72,55,32,1,4,6,8,2,0,0,0,0,0,0,0,31,0,1435,5033,18,75.52631578947368,3,Premium VIP Customers,16210.556933333333,0.38226205911858074,0.38181950798058995,0.11863848550837976,0.5674603174603174,0.5757575757575757,1.0,45.49952450875156,Email Nurture Campaign,6196.680872794986,Medium,Low
9303,1976,Graduation,Married,5305.0,0,1,2013-07-30,12,12,4,7,1,3,5,0,1,0,0,13,0,0,0,0,0,0,0,50,1,32,4742,1,16.0,0,Low-Value Customers,163.81396666666743,0.1647703936798389,0.003793249313143354,0.005376457283106945,0.010714285714285714,0.8787878787878788,0.25,12.165327542274218,Low Priority,26.9916917779228,Low,Low
692,1954,Graduation,Together,36807.0,1,1,2012-12-20,88,4,2,5,0,0,5,1,1,0,2,6,0,0,0,0,0,0,0,72,2,16,4964,3,4.0,2,Dormant Customers,9.300433333333318,0.00666953891879265,0.0001532475357844534,0.052752445348123726,0.004365079365079365,0.11111111111111105,0.5,6.353239793150296,Low Priority,0.06202960207830302,Low,Low
736,1983,Graduation,Together,28427.0,1,0,2013-03-21,67,18,3,19,3,3,6,2,2,0,3,8,0,0,0,0,0,0,0,43,1,52,4873,5,8.666666666666666,2,Dormant Customers,89.61403333333291,0.05453116926210223,0.002045260749380558,0.04014972869569402,0.01865079365079365,0.3232323232323232,0.5,8.994713708224944,Low Priority,4.8867580199596485,Low,Low
9589,1948,PhD,Widow,82032.0,0,0,2014-04-05,54,332,194,377,149,125,57,0,4,6,7,1,0,0,0,0,0,0,0,78,0,1234,4493,17,68.55555555555556,3,Premium VIP Customers,9771.95589999995,0.34305680463384214,0.2301401133059601,0.12076650985959551,0.4876984126984127,0.4545454545454545,1.0,37.99177609999348,Low Priority,3352.3359660768037,Low,Low
4838,1978,Graduation,Together,22775.0,1,0,2013-06-19,40,5,1,8,0,0,1,1,1,0,2,8,0,0,0,0,0,0,0,48,1,15,4783,3,3.75,0,Low-Value Customers,28.408966666666675,0.08219764553722245,0.0006034028962602447,0.031649662523912075,0.003968253968253968,0.5959595959595959,0.25,8.339849867565391,Low Priority,2.3351501721454353,Low,Low
9246,1985,Master,Together,40101.0,1,0,2012-10-14,73,171,3,129,26,24,62,4,6,1,6,7,0,0,0,0,0,0,0,41,1,415,5031,13,29.642857142857142,2,Dormant Customers,1683.915766666672,0.411862551879727,0.039603531651517504,0.05770630556925779,0.1626984126984127,0.26262626262626254,0.5,22.874653065237418,Low Priority,693.5418448098424,Low,Low
6261,1979,Graduation,Married,58025.0,0,1,2013-11-26,81,270,31,88,11,48,22,3,3,2,10,4,0,0,0,0,0,0,0,47,1,470,4623,15,29.375,2,Dormant Customers,1583.3677333333333,0.07630047283392775,0.037234839329572285,0.08466228328741413,0.18452380952380953,0.18181818181818177,0.5,12.929630249727195,Low Priority,120.81170672331776,Low,Low
7366,1982,Master,Single,75777.0,0,0,2013-07-04,12,712,26,538,69,13,80,1,3,6,11,1,0,1,1,0,0,0,1,44,0,1438,4768,20,68.47619047619048,3,Premium VIP Customers,25124.34416666656,0.8518652220147482,0.5918088899613606,0.11135958949432727,0.5686507936507936,0.8787878787878788,1.0,67.34752055292783,Cross-Sell Campaign,21402.555021512355,High,Medium
10659,1979,2n Cycle,Together,7500.0,1,0,2013-05-07,7,2,8,11,3,8,21,4,3,2,2,7,0,0,0,0,0,0,0,47,1,53,4826,7,6.625,0,Low-Value Customers,469.9887666666662,0.656653022234217,0.011006059687353267,0.008677526859727853,0.01904761904761905,0.9292929292929293,0.25,27.548726658423316,Low Priority,308.61954404779857,Low,Low
1448,1963,Master,Married,33562.0,1,2,2014-06-25,33,21,12,12,0,3,3,3,2,0,4,4,0,0,0,0,0,0,0,63,3,51,4412,6,7.285714285714286,0,Low-Value Customers,224.54819999999916,0.031469109564651813,0.005224015360043172,0.04787227642961127,0.018253968253968255,0.6666666666666666,0.25,7.686659369179819,Low Priority,7.0663319083453215,Low,Low
4286,1970,PhD,Single,57642.0,0,1,2014-01-09,24,580,6,58,8,0,27,3,7,6,6,4,1,0,0,0,0,0,0,56,1,679,4579,19,33.95,1,Loyal Customers,11599.430066666613,0.19266941233955737,0.2731914180767445,0.0840862880036575,0.26746031746031745,0.7575757575757576,0.75,30.116471342309183,Low Priority,2234.855374418449,Low,Low
4749,1968,Graduation,Together,58554.0,1,1,2012-09-26,55,368,24,68,38,0,88,6,8,2,6,7,0,0,0,0,0,0,0,58,2,586,5049,16,34.47058823529412,1,Loyal Customers,3873.192733333325,0.2824136106669209,0.0911781211252172,0.08545784857490044,0.23055555555555557,0.4444444444444444,0.75,25.242885995068704,Low Priority,1093.8423446295449,Low,Low
4478,1979,Graduation,Married,63777.0,1,1,2013-03-24,87,457,5,106,15,17,53,8,11,1,6,8,0,0,0,0,0,0,0,47,2,653,4870,18,34.36842105263158,1,Loyal Customers,1471.1119333333315,0.20951516415333518,0.034590337565203536,0.09331273987270955,0.2571428571428572,0.1212121212121211,0.75,20.219495913486718,Low Priority,308.22025820026323,Low,Low
4201,1962,Graduation,Single,57967.0,0,1,2013-03-03,39,229,7,137,4,0,91,5,4,2,8,5,0,0,0,0,0,0,0,64,1,468,4891,14,31.2,1,Loyal Customers,4208.2764999999845,0.12491120261984046,0.0990719636898,0.08457505684757631,0.18373015873015874,0.606060606060606,0.75,20.85150096902039,Low Priority,525.660878571811,Low,Low
8720,1978,2n Cycle,Together,51381.5,0,0,2012-08-12,53,32,2,1607,12,4,22,0,0,0,1,0,0,1,0,0,0,0,0,48,0,1679,5094,1,839.5,0,Low-Value Customers,574.7028000000016,0.1571528369582705,0.01347289388125834,0.07467109616564602,0.6642857142857143,0.46464646464646464,0.25,20.653000924360363,Low Priority,90.3161754278618,Low,Low
10084,1972,Graduation,Married,24434.0,2,0,2014-05-18,9,3,2,8,20,0,17,2,2,1,2,7,0,0,0,0,0,0,0,54,2,50,4450,5,8.333333333333334,0,Low-Value Customers,306.31549999999976,0.6415447805830647,0.007150274574423784,0.03414463948410073,0.017857142857142856,0.9090909090909091,0.25,27.11560973787735,Low Priority,196.5151102366916,Low,Low
7004,1984,Graduation,Single,11012.0,1,0,2013-03-16,82,24,3,26,7,1,23,3,3,1,2,9,1,0,0,0,0,0,0,42,1,84,4878,6,12.0,2,Dormant Customers,84.36186666666681,0.2172905568629882,0.0019215311602033662,0.013959238182321304,0.03134920634920635,0.1717171717171716,0.5,13.044778976342913,Low Priority,18.331036986001195,Low,Low
9817,1970,Master,Single,44802.0,0,0,2012-08-21,71,853,10,143,13,10,20,2,9,4,12,8,0,0,0,0,0,0,0,56,0,1049,5085,25,40.34615384615385,1,Loyal Customers,6376.035866666664,0.2967597461955674,0.15013964544768538,0.06477615890852653,0.4142857142857143,0.28282828282828276,0.75,29.183170466809976,Low Priority,1892.150785525834,Low,Low
8080,1986,Graduation,Single,26816.0,0,0,2012-08-17,50,5,1,6,3,4,3,1,0,0,3,4,0,0,0,0,0,0,0,40,0,22,5089,3,5.5,0,Low-Value Customers,32.48916666666672,0.010043711242887325,0.0006995235073910487,0.037726939133991846,0.006746031746031746,0.4949494949494949,0.25,5.775504384786221,Low Priority,0.32631180852204067,Low,Low
9432,1977,Graduation,Together,666666.0,1,0,2013-06-02,23,9,14,18,8,1,12,4,3,1,3,6,0,0,0,0,0,0,0,49,1,62,4800,7,7.75,3,Premium VIP Customers,1396.550266666664,0.27810094970575805,0.03283382735322096,1.0,0.02261904761904762,0.7676767676767676,1.0,33.505712864438934,Low Priority,388.3819554718289,Low,Low
8372,1974,Graduation,Married,34421.0,1,0,2013-07-01,81,3,3,7,6,2,9,1,1,0,2,7,0,0,0,0,0,0,0,52,1,30,4771,3,7.5,2,Dormant Customers,14.766666666666646,0.058042440191777414,0.0002820200686464617,0.04916413008169207,0.00992063492063492,0.18181818181818177,0.5,8.29927554153007,Low Priority,0.857093366831912,Low,Low
10870,1967,Graduation,Married,61223.0,0,1,2013-06-13,46,709,43,182,42,118,247,2,9,3,4,5,0,0,0,0,0,0,0,59,1,1341,4789,16,78.88235294117646,1,Loyal Customers,11424.227866666712,0.6065751965194223,0.26906403644460597,0.08947176871157525,0.5301587301587302,0.5353535353535352,0.75,45.29304330518523,Email Nurture Campaign,6929.653263306021,Medium,Low
4001,1946,PhD,Together,64014.0,2,1,2014-06-10,56,406,0,30,0,0,8,7,8,2,5,7,0,0,0,1,0,0,0,80,3,444,4427,15,27.75,1,Loyal Customers,3114.9717666666797,0.26161763743012884,0.07331608919340352,0.0936691651527365,0.17420634920634923,0.43434343434343425,0.75,23.269515860045747,Low Priority,814.9315542568913,Low,Low
7270,1981,Graduation,Divorced,56981.0,0,0,2014-01-25,91,908,48,217,32,12,24,1,2,3,13,6,0,1,0,0,0,0,0,45,0,1241,4563,18,65.3157894736842,3,Premium VIP Customers,2262.8266333333327,0.16747190318143101,0.05324140878848684,0.08309220737033339,0.4904761904761905,0.08080808080808077,1.0,25.213504693984127,Low Priority,378.9598828539634,Low,Low
8235,1956,Master,Together,69245.0,0,1,2014-01-24,8,428,30,214,80,30,61,2,6,5,10,3,0,0,0,0,0,0,0,70,1,843,4564,21,38.31818181818182,1,Loyal Customers,18425.723333333277,0.0748379709190201,0.43400399602637585,0.1015360876836267,0.3325396825396825,0.9191919191919192,0.75,33.36467471925298,Low Priority,1378.9437469819059,Low,Low
9405,1954,PhD,Married,52869.0,1,1,2012-10-15,40,84,3,61,2,1,21,3,3,1,4,7,0,0,0,0,0,0,1,72,2,172,5030,8,19.11111111111111,2,Dormant Customers,842.5676666666685,0.6532304389949044,0.01978320579843669,0.07690815356665905,0.06626984126984126,0.5959595959595959,0.5,29.933336478312423,Low Priority,550.3908467795801,Low,Low
